{
  "mean_acc": [
    0.7680929979881108,
    0.7588174141389226,
    0.7768440468208391,
    0.7594374566314633,
    0.7553400646865975
  ],
  "worst_acc": [
    0.6153846153846154,
    0.4375,
    0.6153846153846154,
    0.4375,
    0.25
  ],
  "mean_f1": [
    0.6914528209551238,
    0.6857468730067184,
    0.7037009227062098,
    0.6819025753051591,
    0.674473504329934
  ],
  "worst_f1": [
    0.5015806111696522,
    0.43529411764705883,
    0.6000000000000001,
    0.43529411764705883,
    0.23809523809523808
  ],
  "mean_bal_acc": [
    0.7032274490291874,
    0.6998204841094164,
    0.7131648778175663,
    0.6995594578655642,
    0.6880205346229752
  ],
  "worst_bal_acc": [
    0.511437908496732,
    0.5416666666666666,
    0.614208702348864,
    0.5261437908496732,
    0.4166666666666667
  ]
}