{
  "model": "XGBoost",
  "protocol": "one_city_out_v2",
  "seed": 3,
  "timestamp": "2026-04-15T05:09:59.834963Z",
  "hyperparameters": {
    "param_grid": {
      "max_depth": [
        4,
        6,
        8
      ],
      "learning_rate": [
        0.01,
        0.05,
        0.1
      ],
      "n_estimators": [
        200,
        300
      ]
    },
    "best_params": {
      "max_depth": 6,
      "learning_rate": 0.1,
      "n_estimators": 200
    },
    "scale_pos_weight": 2.9341,
    "subsample": 0.8,
    "colsample_bytree": 0.8
  },
  "test_metrics": {
    "acc": 0.7178683385579937,
    "macro_f1": 0.6928754813863929,
    "bal_acc": 0.7225768321513002,
    "nll": 0.5405157566785558,
    "ece": 0.47067626537667534,
    "brier": 0.18384158318870794
  },
  "test_probs": [
    0.6380680799484253,
    0.6337162852287292,
    0.11426748335361481,
    0.7992731332778931,
    0.17646311223506927,
    0.016824977472424507,
    0.10857442766427994,
    0.41878217458724976,
    0.08532056957483292,
    0.07101289927959442,
    0.4163673520088196,
    0.912383496761322,
    0.5432419776916504,
    0.23971815407276154,
    0.7706844806671143,
    0.1283150613307953,
    0.005231310147792101,
    0.08632641285657883,
    0.12857121229171753,
    0.6146697402000427,
    0.21101294457912445,
    0.5178194642066956,
    0.06346137076616287,
    0.5908258557319641,
    0.6832570433616638,
    0.5342959761619568,
    0.15302693843841553,
    0.6172526478767395,
    0.7968344688415527,
    0.016763022169470787,
    0.5140508413314819,
    0.734082818031311,
    0.4424912631511688,
    0.7563873529434204,
    0.8749225735664368,
    0.0767306387424469,
    0.5798320174217224,
    0.7819612622261047,
    0.3485274314880371,
    0.8827313780784607,
    0.13996249437332153,
    0.10930504649877548,
    0.1058417558670044,
    0.7711372971534729,
    0.058629777282476425,
    0.005055633373558521,
    0.0436403751373291,
    0.5435266494750977,
    0.008719776757061481,
    0.057720936834812164,
    0.5350506901741028,
    0.5146176815032959,
    0.9404630661010742,
    0.02217336930334568,
    0.06359751522541046,
    0.13190636038780212,
    0.1134309247136116,
    0.06480686366558075,
    0.49394387006759644,
    0.12238627672195435,
    0.09353324770927429,
    0.6964108943939209,
    0.3336936831474304,
    0.6013271808624268,
    0.6830624341964722,
    0.268989235162735,
    0.4954338073730469,
    0.3009622395038605,
    0.2121714949607849,
    0.37134048342704773,
    0.6827130913734436,
    0.9384196400642395,
    0.5069186687469482,
    0.8156756162643433,
    0.9081043004989624,
    0.5643481016159058,
    0.26452234387397766,
    0.3241100311279297,
    0.2586987614631653,
    0.12303908914327621,
    0.8231978416442871,
    0.4597570598125458,
    0.5478832125663757,
    0.9393206834793091,
    0.8381141424179077,
    0.3744356632232666,
    0.7076581120491028,
    0.16503305733203888,
    0.03780141472816467,
    0.1859484314918518,
    0.48796504735946655,
    0.6844000220298767,
    0.2302524745464325,
    0.02059662900865078,
    0.14400695264339447,
    0.5172078609466553,
    0.7152342796325684,
    0.06288567930459976,
    0.34741342067718506,
    0.2957748472690582,
    0.045190732926130295,
    0.08150342106819153,
    0.17464804649353027,
    0.13154122233390808,
    0.000854194222483784,
    0.07563450187444687,
    0.06652003526687622,
    0.14673176407814026,
    0.3882076144218445,
    0.323242723941803,
    0.37549683451652527,
    0.1699400395154953,
    0.2081640064716339,
    0.9569477438926697,
    0.011735605075955391,
    0.14749455451965332,
    0.16172902286052704,
    0.3107883036136627,
    0.004668159410357475,
    0.12925280630588531,
    0.01998802460730076,
    0.0900239646434784,
    0.42518341541290283,
    0.10835091024637222,
    0.786064088344574,
    0.58060622215271,
    0.12552465498447418,
    0.019494086503982544,
    0.7982982397079468,
    0.5941017270088196,
    0.5800566673278809,
    0.0354076623916626,
    0.7489026784896851,
    0.07908646017313004,
    0.6659573316574097,
    0.23275744915008545,
    0.9848940968513489,
    0.3932848274707794,
    0.2337139993906021,
    0.4989871084690094,
    0.08334605395793915,
    0.5213208794593811,
    0.28286105394363403,
    0.15487518906593323,
    0.1568317711353302,
    0.8655914664268494,
    0.45479586720466614,
    0.4671807587146759,
    0.06100485101342201,
    0.012212474830448627,
    0.7788637280464172,
    0.4489302933216095,
    0.3412424623966217,
    0.52591472864151,
    0.9379031658172607,
    0.1231222152709961,
    0.5667916536331177,
    0.43822354078292847,
    0.9086363315582275,
    0.7772175669670105,
    0.8675763607025146,
    0.4261343479156494,
    0.5560974478721619,
    0.5993331074714661,
    0.5194965600967407,
    0.27230486273765564,
    0.6174934506416321,
    0.31335774064064026,
    0.6824703812599182,
    0.49628207087516785,
    0.15359541773796082,
    0.40030744671821594,
    0.3429366648197174,
    0.6613119840621948,
    0.6970471143722534,
    0.8496399521827698,
    0.2012091428041458,
    0.9423089623451233,
    0.2307276874780655,
    0.7209804058074951,
    0.8483026623725891,
    0.882111132144928,
    0.6957462430000305,
    0.38589397072792053,
    0.7224342823028564,
    0.874729335308075,
    0.8138322234153748,
    0.43159064650535583,
    0.9092057943344116,
    0.8126888275146484,
    0.8644072413444519,
    0.8439663648605347,
    0.9616075158119202,
    0.43897148966789246,
    0.12304358929395676,
    0.7461029887199402,
    0.0971466675400734,
    0.15928755700588226,
    0.6768247485160828,
    0.6202613115310669,
    0.1531454175710678,
    0.5445792078971863,
    0.01059244479984045,
    0.1885981261730194,
    0.9903138279914856,
    0.7230896353721619,
    0.18779683113098145,
    0.08330973237752914,
    0.06952545046806335,
    0.738398015499115,
    0.04445992782711983,
    0.942245364189148,
    0.05666109919548035,
    0.0043694437481462955,
    0.48706677556037903,
    0.2900501787662506,
    0.8713594675064087,
    0.4095003008842468,
    0.08539894968271255,
    0.37308555841445923,
    0.8089538812637329,
    0.42791640758514404,
    0.592029333114624,
    0.19601751863956451,
    0.30693259835243225,
    0.5218871235847473,
    0.4209066927433014,
    0.24467028677463531,
    0.8191433548927307,
    0.575644314289093,
    0.9282816052436829,
    0.608184278011322,
    0.06049002707004547,
    0.20124882459640503,
    0.06146892532706261,
    0.3829846680164337,
    0.2292209416627884,
    0.1866781860589981,
    0.06623872369527817,
    0.19527554512023926,
    0.4806423783302307,
    0.032204095274209976,
    0.193618044257164,
    0.015049039386212826,
    0.5900576710700989,
    0.5749792456626892,
    0.6907121539115906,
    0.1791532039642334,
    0.1702968031167984,
    0.13951396942138672,
    0.519120454788208,
    0.5650537014007568,
    0.008180895820260048,
    0.4099351465702057,
    0.15149050951004028,
    0.16058044135570526,
    0.8031469583511353,
    0.6557900309562683,
    0.6082249283790588,
    0.14479680359363556,
    0.5990462899208069,
    0.23338937759399414,
    0.8740805387496948,
    0.42396512627601624,
    0.3882013261318207,
    0.5419183373451233,
    0.3454316258430481,
    0.39918768405914307,
    0.11003218591213226,
    0.20131586492061615,
    0.46081995964050293,
    0.443866491317749,
    0.7947757244110107,
    0.27655813097953796,
    0.9106595516204834,
    0.9806235432624817,
    0.321124792098999,
    0.8271731734275818,
    0.3590638041496277,
    0.6078473329544067,
    0.3437195122241974,
    0.9708121418952942,
    0.9347472786903381,
    0.7835224270820618,
    0.450134813785553,
    0.6236562132835388,
    0.3144000470638275,
    0.06685074418783188,
    0.3783128559589386,
    0.3388182520866394,
    0.6666973233222961,
    0.802662193775177,
    0.4194493293762207,
    0.08296968787908554,
    0.36182188987731934,
