{
  "model": "XGBoost",
  "protocol": "one_city_out_v2",
  "seed": 1,
  "timestamp": "2026-04-15T04:52:27.081053Z",
  "hyperparameters": {
    "param_grid": {
      "max_depth": [
        4,
        6,
        8
      ],
      "learning_rate": [
        0.01,
        0.05,
        0.1
      ],
      "n_estimators": [
        200,
        300
      ]
    },
    "best_params": {
      "max_depth": 8,
      "learning_rate": 0.05,
      "n_estimators": 300
    },
    "scale_pos_weight": 2.9341,
    "subsample": 0.8,
    "colsample_bytree": 0.8
  },
  "test_metrics": {
    "acc": 0.7021943573667712,
    "macro_f1": 0.6682793874579944,
    "bal_acc": 0.6866903073286053,
    "nll": 0.5523803487710965,
    "ece": 0.48958583722667637,
    "brier": 0.18683550000962887
  },
  "test_probs": [
    0.8524109125137329,
    0.9043391942977905,
    0.09589462727308273,
    0.8247689604759216,
    0.25649869441986084,
    0.02990826778113842,
    0.1738038957118988,
    0.24804268777370453,
    0.057006265968084335,
    0.12806160748004913,
    0.3455621302127838,
    0.8662030100822449,
    0.2164565622806549,
    0.1351138949394226,
    0.5286502838134766,
    0.06165877357125282,
    0.010165184736251831,
    0.09773816913366318,
    0.0772419422864914,
    0.5406914353370667,
    0.17829863727092743,
    0.4042336046695709,
    0.054248444736003876,
    0.5537488460540771,
    0.44186821579933167,
    0.5592504143714905,
    0.17509134113788605,
    0.5039670467376709,
    0.7266086339950562,
    0.00432539451867342,
    0.5011515021324158,
    0.6669527292251587,
    0.19240209460258484,
    0.8654661178588867,
    0.8481709361076355,
    0.03803984820842743,
    0.5294079780578613,
    0.7699119448661804,
    0.5867987275123596,
    0.8576149344444275,
    0.06817586719989777,
    0.0620984323322773,
    0.12818878889083862,
    0.6110886335372925,
    0.08589092642068863,
    0.02997545339167118,
    0.07148066908121109,
    0.7757693529129028,
    0.0399261973798275,
    0.1104302778840065,
    0.6616590023040771,
    0.35425814986228943,
    0.9539657235145569,
    0.026895858347415924,
    0.03288894519209862,
    0.11315680295228958,
    0.040613461285829544,
    0.03506672754883766,
    0.6705063581466675,
    0.1586770862340927,
    0.20857994258403778,
    0.7007226943969727,
    0.15974846482276917,
    0.25429195165634155,
    0.5851423740386963,
    0.17905303835868835,
    0.44352591037750244,
    0.2622368335723877,
    0.20224879682064056,
    0.11168050020933151,
    0.7582195401191711,
    0.9240575432777405,
    0.092136450111866,
    0.888838529586792,
    0.9179081320762634,
    0.4038130044937134,
    0.22950305044651031,
    0.4023304283618927,
    0.23342663049697876,
    0.08102929592132568,
    0.7658907771110535,
    0.4006797969341278,
    0.6776915192604065,
    0.9554738998413086,
    0.7898579835891724,
    0.4344584047794342,
    0.6036763191223145,
    0.15296077728271484,
    0.018578024581074715,
    0.06217912584543228,
    0.46894729137420654,
    0.7487075328826904,
    0.1994076818227768,
    0.016286540776491165,
    0.14766591787338257,
    0.7381762862205505,
    0.8307806849479675,
    0.20595194399356842,
    0.13596442341804504,
    0.09628219902515411,
    0.038771919906139374,
    0.07465023547410965,
    0.2243395894765854,
    0.2153330296278,
    0.004655045922845602,
    0.08249314874410629,
    0.0793485939502716,
    0.15009701251983643,
    0.21878041326999664,
    0.37854278087615967,
    0.6185953617095947,
    0.1684609055519104,
    0.15445809066295624,
    0.9420561790466309,
    0.005768540780991316,
    0.1565677672624588,
    0.06987079977989197,
    0.22255992889404297,
    0.00672848429530859,
    0.06404123455286026,
    0.010429582558572292,
    0.07812396436929703,
    0.31679144501686096,
    0.06952345371246338,
    0.6837420463562012,
    0.6430482864379883,
    0.09878532588481903,
    0.015243438072502613,
    0.7225536704063416,
    0.5909477472305298,
    0.3531082570552826,
    0.021449333056807518,
    0.6843834519386292,
    0.041346561163663864,
    0.5952529907226562,
    0.1104644313454628,
    0.9578292369842529,
    0.16306425631046295,
    0.45094722509384155,
    0.4116545617580414,
    0.14183101058006287,
    0.44244861602783203,
    0.30578747391700745,
    0.049773044884204865,
    0.07068799436092377,
    0.783150315284729,
    0.19371572136878967,
    0.3843171000480652,
    0.06400121748447418,
    0.01016298308968544,
    0.7871306538581848,
    0.3872731029987335,
    0.1524222195148468,
    0.29703474044799805,
    0.9521239399909973,
    0.11347296833992004,
    0.8561971783638,
    0.5805211067199707,
    0.9064813852310181,
    0.8015658855438232,
    0.7534763813018799,
    0.6423937678337097,
    0.5630974769592285,
    0.5833827257156372,
    0.6643882989883423,
    0.14749647676944733,
    0.7851248979568481,
    0.4019281268119812,
    0.42057257890701294,
    0.34281036257743835,
    0.199509397149086,
    0.2671738862991333,
    0.11231471598148346,
    0.5863105058670044,
    0.43241941928863525,
    0.6522268652915955,
    0.10629696398973465,
    0.9658966660499573,
    0.07797842472791672,
    0.5746774673461914,
    0.8597255945205688,
    0.9167965054512024,
    0.5674011707305908,
    0.4770287573337555,
    0.7329511642456055,
    0.8477217555046082,
    0.8573629260063171,
    0.6515539884567261,
    0.7722164392471313,
    0.7045185565948486,
    0.923069953918457,
    0.8995869755744934,
    0.9322193264961243,
    0.3717593848705292,
    0.09969872981309891,
    0.7393847107887268,
    0.1069430410861969,
    0.14260578155517578,
    0.85035240650177,
    0.666480302810669,
    0.10945604741573334,
    0.5643885135650635,
    0.00913266371935606,
    0.3470872640609741,
    0.9840978980064392,
    0.5517557263374329,
    0.21573667228221893,
    0.1274305284023285,
    0.08145508915185928,
    0.6636524200439453,
    0.03820706903934479,
    0.9437503218650818,
    0.020283769816160202,
    0.0045621818862855434,
    0.5462267994880676,
    0.17023597657680511,
    0.8735241889953613,
    0.16273024678230286,
    0.02572399564087391,
    0.2976427674293518,
    0.8801397085189819,
    0.40757977962493896,
    0.5313664674758911,
    0.17020435631275177,
    0.23633646965026855,
    0.43187710642814636,
    0.33989089727401733,
    0.64702969789505,
    0.5716041922569275,
    0.42056113481521606,
    0.9647206664085388,
    0.5786235928535461,
    0.060968004167079926,
    0.3526817262172699,
    0.04210566729307175,
    0.24119819700717926,
    0.24872462451457977,
    0.05256863310933113,
    0.046305932104587555,
    0.0405881367623806,
    0.4082813858985901,
    0.03752199560403824,
    0.11564064770936966,
    0.017211398109793663,
    0.2889668941497803,
    0.53963303565979,
    0.7202984094619751,
    0.07974293828010559,
    0.160714253783226,
    0.09505920857191086,
    0.44612011313438416,
    0.548005223274231,
    0.0077546751126646996,
    0.5025801062583923,
    0.18354099988937378,
    0.28085824847221375,
    0.5175007581710815,
    0.3106573522090912,
    0.14294177293777466,
    0.13068069517612457,
    0.20838797092437744,
    0.1414278745651245,
    0.714533269405365,
    0.3570341169834137,
    0.40956175327301025,
    0.6208605766296387,
    0.1886739432811737,
    0.3714767396450043,
    0.12973934412002563,
    0.18517568707466125,
    0.40116387605667114,
    0.5339891910552979,
    0.8954430222511292,
    0.33764326572418213,
    0.9308892488479614,
    0.9928008317947388,
    0.26768821477890015,
    0.873688817024231,
    0.116086944937706,
    0.5074491500854492,
    0.3825477361679077,
    0.9790664315223694,
    0.9160054922103882,
    0.7470970749855042,
    0.20335175096988678,
    0.29475244879722595,
    0.496310830116272,
    0.17468947172164917,
    0.376206636428833,
    0.16451187431812286,
    0.5803338885307312,
    0.7333309650421143,
    0.36226174235343933,
    0.03647230938076973,
