{
  "model": "XGBoost",
  "protocol": "one_city_out_v2",
  "seed": 0,
  "timestamp": "2026-04-15T04:43:39.652112Z",
  "hyperparameters": {
    "param_grid": {
      "max_depth": [
        4,
        6,
        8
      ],
      "learning_rate": [
        0.01,
        0.05,
        0.1
      ],
      "n_estimators": [
        200,
        300
      ]
    },
    "best_params": {
      "max_depth": 4,
      "learning_rate": 0.1,
      "n_estimators": 300
    },
    "scale_pos_weight": 2.9341,
    "subsample": 0.8,
    "colsample_bytree": 0.8
  },
  "test_metrics": {
    "acc": 0.6520376175548589,
    "macro_f1": 0.6401414677276747,
    "bal_acc": 0.6944917257683215,
    "nll": 0.6275562933903973,
    "ece": 0.45512860845248904,
    "brier": 0.22016112405380267
  },
  "test_probs": [
    0.8192223310470581,
    0.6940880417823792,
    0.24976392090320587,
    0.8417111039161682,
    0.2965424060821533,
    0.2306419461965561,
    0.13495761156082153,
    0.7879250049591064,
    0.09090055525302887,
    0.2733144462108612,
    0.31963813304901123,
    0.8932521939277649,
    0.4458431303501129,
    0.3743186295032501,
    0.6289108395576477,
    0.28190720081329346,
    0.016081446781754494,
    0.4123503565788269,
    0.1542450338602066,
    0.8729655742645264,
    0.21730564534664154,
    0.5972262024879456,
    0.22501961886882782,
    0.5802256464958191,
    0.7876927256584167,
    0.5139772891998291,
    0.258493036031723,
    0.68501216173172,
    0.7777551412582397,
    0.025781480595469475,
    0.5715884566307068,
    0.7081102132797241,
    0.4342855215072632,
    0.5947766900062561,
    0.8305020332336426,
    0.20836271345615387,
    0.6317427158355713,
    0.8079482316970825,
    0.6802213191986084,
    0.8622946739196777,
    0.17359565198421478,
    0.2006540447473526,
    0.19581711292266846,
    0.7294108271598816,
    0.3549059331417084,
    0.03366974741220474,
    0.15747766196727753,
    0.8033002018928528,
    0.08744727820158005,
    0.2703889012336731,
    0.7643903493881226,
    0.6837153434753418,
    0.9414697885513306,
    0.06456088274717331,
    0.10769250988960266,
    0.2776665985584259,
    0.19309043884277344,
    0.12740695476531982,
    0.7010472416877747,
    0.28450191020965576,
    0.19675016403198242,
    0.7918645739555359,
    0.4480079412460327,
    0.5804454684257507,
    0.6437342762947083,
    0.47405511140823364,
    0.6497512459754944,
    0.38090524077415466,
    0.38443243503570557,
    0.44728216528892517,
    0.6978188157081604,
    0.943109929561615,
    0.5909987688064575,
    0.8521680235862732,
    0.8885360956192017,
    0.7838239073753357,
    0.5087513327598572,
    0.5702919960021973,
    0.2851719260215759,
    0.1423340141773224,
    0.7746544480323792,
    0.62753826379776,
    0.833225429058075,
    0.9536094069480896,
    0.8156434297561646,
    0.5721429586410522,
    0.6920090317726135,
    0.3754150867462158,
    0.022103210911154747,
    0.4857189357280731,
    0.5586550831794739,
    0.8139930963516235,
    0.23532205820083618,
    0.02234521508216858,
    0.21332567930221558,
    0.6159080862998962,
    0.6623730063438416,
    0.2089223861694336,
    0.29756781458854675,
    0.29151982069015503,
    0.07494322955608368,
    0.25029775500297546,
    0.3932321071624756,
    0.28232041001319885,
    0.004374730866402388,
    0.0796196386218071,
    0.08501829206943512,
    0.33573678135871887,
    0.5822470188140869,
    0.3204244375228882,
    0.5688837766647339,
    0.2535548806190491,
    0.18024826049804688,
    0.935375988483429,
    0.07944848388433456,
    0.2665694057941437,
    0.34669893980026245,
    0.4962432384490967,
    0.020163191482424736,
    0.11382407695055008,
    0.10384781658649445,
    0.2815000116825104,
    0.4177605211734772,
    0.2418949455022812,
    0.8625258207321167,
    0.6528258323669434,
    0.30171340703964233,
    0.05208027362823486,
    0.7826778888702393,
    0.820956289768219,
    0.6378027200698853,
    0.03517388179898262,
    0.7681660056114197,
    0.08830322325229645,
    0.888862133026123,
    0.2385084331035614,
    0.9847047328948975,
    0.19162775576114655,
    0.19788023829460144,
    0.637895941734314,
    0.2043035626411438,
    0.7474161386489868,
    0.36408892273902893,
    0.10744490474462509,
    0.2838798761367798,
    0.8748229146003723,
    0.5114514827728271,
    0.6714930534362793,
    0.12970803678035736,
    0.04085676744580269,
    0.8113285303115845,
    0.6465770602226257,
    0.23406817018985748,
    0.5660371780395508,
    0.9722351431846619,
    0.21579065918922424,
    0.7460790276527405,
    0.7872790694236755,
    0.8932876586914062,
    0.8447593450546265,
    0.777114987373352,
    0.6071826815605164,
    0.77175372838974,
    0.39827585220336914,
    0.8118587136268616,
    0.28134357929229736,
    0.6825603246688843,
    0.5290790796279907,
    0.7480870485305786,
    0.7624956369400024,
    0.26999497413635254,
    0.5551844835281372,
    0.42206043004989624,
    0.6120991110801697,
    0.4480230510234833,
    0.7518026828765869,
    0.43366071581840515,
    0.971143901348114,
    0.28806090354919434,
    0.7341946959495544,
    0.7853356003761292,
    0.8466001749038696,
    0.670317530632019,
    0.4725613296031952,
    0.7816425561904907,
    0.8924915790557861,
    0.8802769780158997,
    0.6389516592025757,
    0.788972795009613,
    0.7922713756561279,
    0.9171346426010132,
    0.9364842176437378,
    0.9623515605926514,
    0.43104419112205505,
    0.1135052740573883,
    0.7349585294723511,
    0.1736297607421875,
    0.3164658844470978,
    0.7078484892845154,
    0.7523706555366516,
    0.24422587454319,
    0.49574702978134155,
    0.03741281107068062,
    0.4692707061767578,
    0.991388738155365,
    0.7841820120811462,
    0.46304476261138916,
    0.19085220992565155,
    0.15775197744369507,
    0.773698091506958,
    0.10332067310810089,
    0.8368821740150452,
    0.21096943318843842,
    0.016862034797668457,
    0.8094096183776855,
    0.683420717716217,
    0.9485114812850952,
    0.5928499698638916,
    0.2410591095685959,
    0.3451260030269623,
    0.86866694688797,
    0.6461102366447449,
    0.8086068034172058,
    0.4043499231338501,
    0.30912649631500244,
    0.5709161758422852,
    0.6794842481613159,
    0.674932599067688,
    0.9438056945800781,
    0.7324414253234863,
    0.9433808922767639,
    0.8011293411254883,
    0.2405279576778412,
    0.3780263662338257,
    0.08734922856092453,
    0.6209037899971008,
    0.40359991788864136,
    0.23298193514347076,
    0.13108351826667786,
    0.11244070529937744,
    0.763950765132904,
    0.06479386240243912,
    0.4583238661289215,
    0.02134014293551445,
    0.35863006114959717,
    0.7901932597160339,
    0.7473919987678528,
    0.2038884162902832,
    0.27438658475875854,
    0.20484797656536102,
    0.6853412985801697,
    0.862246572971344,
    0.016109764575958252,
    0.4716034233570099,
    0.19726838171482086,
    0.38370904326438904,
    0.7853193879127502,
    0.6015735268592834,
    0.5513759255409241,
    0.2485649585723877,
    0.3395105004310608,
    0.15306057035923004,
    0.804885745048523,
    0.4475502371788025,
    0.5487975478172302,
    0.7871810793876648,
    0.28260505199432373,
    0.4775892198085785,
    0.17178265750408173,
    0.4229361116886139,
    0.6165788173675537,
    0.651559054851532,
    0.9305651187896729,
    0.4694773852825165,
    0.8687860369682312,
    0.9860336184501648,
    0.3946859538555145,
    0.8575342893600464,
    0.1909080147743225,
    0.6325925588607788,
    0.49746233224868774,
    0.9737551212310791,
    0.9582011103630066,
    0.7454460859298706,
    0.3723085820674896,
    0.7769322395324707,
    0.7874322533607483,
    0.10491841286420822,
    0.6739617586135864,
    0.5124976634979248,
    0.6781439781188965,
    0.8194393515586853,
    0.5023128986358643,
    0.2758214771747589,
    0.6031838655471802,
    0.8678901791572571,
    0.8541952967643738,
