{
  "model": "XGBoost",
  "protocol": "one_city_out_v2",
  "seed": 4,
  "timestamp": "2026-04-15T05:18:44.675602Z",
  "hyperparameters": {
    "param_grid": {
      "max_depth": [
        4,
        6,
        8
      ],
      "learning_rate": [
        0.01,
        0.05,
        0.1
      ],
      "n_estimators": [
        200,
        300
      ]
    },
    "best_params": {
      "max_depth": 8,
      "learning_rate": 0.1,
      "n_estimators": 200
    },
    "scale_pos_weight": 2.9341,
    "subsample": 0.8,
    "colsample_bytree": 0.8
  },
  "test_metrics": {
    "acc": 0.7147335423197492,
    "macro_f1": 0.6822465711439736,
    "bal_acc": 0.70177304964539,
    "nll": 0.5492575265358141,
    "ece": 0.5046538629899017,
    "brier": 0.18448897615102092
  },
  "test_probs": [
    0.8435956239700317,
    0.7899182438850403,
    0.05658465251326561,
    0.874234676361084,
    0.07470127940177917,
    0.009207786060869694,
    0.09020181745290756,
    0.4195388853549957,
    0.02908902056515217,
    0.0922989621758461,
    0.3705371916294098,
    0.8816609382629395,
    0.28655052185058594,
    0.2714216113090515,
    0.5844966173171997,
    0.19233976304531097,
    0.007701220456510782,
    0.1718570441007614,
    0.02768702805042267,
    0.4126320481300354,
    0.10488767176866531,
    0.427857905626297,
    0.043806422501802444,
    0.5412718057632446,
    0.7711905241012573,
    0.5889471769332886,
    0.05083273723721504,
    0.7709344029426575,
    0.7850724458694458,
    0.004758258815854788,
    0.5858269333839417,
    0.6557592153549194,
    0.40556079149246216,
    0.768229603767395,
    0.8897042870521545,
    0.03117550164461136,
    0.7654088139533997,
    0.8592804670333862,
    0.4196532666683197,
    0.80985426902771,
    0.0529792383313179,
    0.1109737902879715,
    0.07724898308515549,
    0.6877245306968689,
    0.21971803903579712,
    0.03339546546339989,
    0.03421204164624214,
    0.6767126321792603,
    0.026551097631454468,
    0.09121818095445633,
    0.5826421976089478,
    0.3901560604572296,
    0.9026776552200317,
    0.008169525302946568,
    0.023257626220583916,
    0.04200011491775513,
    0.0128940399736166,
    0.025392042472958565,
    0.5923089385032654,
    0.08204219490289688,
    0.04303253814578056,
    0.675823986530304,
    0.14451858401298523,
    0.2167036384344101,
    0.5295142531394958,
    0.3550598919391632,
    0.7100962400436401,
    0.1531752496957779,
    0.29665622115135193,
    0.45968693494796753,
    0.8682540655136108,
    0.9108105301856995,
    0.1291038542985916,
    0.8676290512084961,
    0.8857481479644775,
    0.8114803433418274,
    0.24488110840320587,
    0.11161893606185913,
    0.2515854239463806,
    0.05290485918521881,
    0.8773060441017151,
    0.46510598063468933,
    0.6890252232551575,
    0.9752190709114075,
    0.6737278699874878,
    0.388772577047348,
    0.6492757797241211,
    0.24350588023662567,
    0.016534486785531044,
    0.182722806930542,
    0.39334478974342346,
    0.6351648569107056,
    0.06855451315641403,
    0.019633138552308083,
    0.06279616802930832,
    0.6875372529029846,
    0.8104138374328613,
    0.09409690648317337,
    0.2606930434703827,
    0.197230264544487,
    0.019842306151986122,
    0.20274357497692108,
    0.08842881768941879,
    0.17989690601825714,
    0.001077821827493608,
    0.05871507152915001,
    0.040481992065906525,
    0.14098545908927917,
    0.3593999147415161,
    0.48884257674217224,
    0.5855376720428467,
    0.1107475683093071,
    0.027571003884077072,
    0.9703657627105713,
    0.016729088500142097,
    0.13370968401432037,
    0.04047367721796036,
    0.36661016941070557,
    0.004686644766479731,
    0.07232892513275146,
    0.03269626200199127,
    0.057035915553569794,
    0.2807742655277252,
    0.11669694632291794,
    0.6635835766792297,
    0.34755560755729675,
    0.207903191447258,
    0.02146662399172783,
    0.610343873500824,
    0.6080185174942017,
    0.30520644783973694,
    0.01240468118339777,
    0.8717070817947388,
    0.045066069811582565,
    0.6791378855705261,
    0.10044778138399124,
    0.9783849716186523,
    0.2557224631309509,
    0.13691867887973785,
    0.2993110418319702,
    0.11126485466957092,
    0.5832363367080688,
    0.2435632050037384,
    0.1389445811510086,
    0.0686502754688263,
    0.7996007204055786,
    0.18715181946754456,
    0.3610236942768097,
    0.018572049215435982,
    0.00866557564586401,
    0.7240347862243652,
    0.5665480494499207,
    0.07211214303970337,
    0.3036898076534271,
    0.9827265739440918,
    0.16131550073623657,
    0.7593168616294861,
    0.6764227747917175,
    0.8699311017990112,
    0.877417802810669,
    0.8749927282333374,
    0.5817700624465942,
    0.4600942134857178,
    0.23267467319965363,
    0.4688965380191803,
    0.08468667417764664,
    0.6296654939651489,
    0.354805588722229,
    0.5369857549667358,
    0.35097649693489075,
    0.19085808098316193,
    0.22170700132846832,
    0.26351165771484375,
    0.6494894027709961,
    0.6357694268226624,
    0.6888014674186707,
    0.04966933652758598,
    0.965461015701294,
    0.11652831733226776,
    0.5805099010467529,
    0.8721498847007751,
    0.8563300967216492,
    0.6263538599014282,
    0.2338753640651703,
    0.8829782605171204,
    0.9269877672195435,
    0.8751828074455261,
    0.5431954860687256,
    0.9255334734916687,
    0.7691890597343445,
    0.9280655384063721,
    0.9726205468177795,
    0.9769806861877441,
    0.5706072449684143,
    0.06956733763217926,
    0.5971092581748962,
    0.21685945987701416,
    0.3195437490940094,
    0.8592348694801331,
    0.779349148273468,
    0.15354588627815247,
    0.6777508854866028,
    0.008237265981733799,
    0.12009429931640625,
    0.9955856800079346,
    0.3894948363304138,
    0.11458314210176468,
    0.08864195644855499,
    0.07117209583520889,
    0.7431936264038086,
    0.015163129195570946,
    0.9219476580619812,
    0.06239715963602066,
    0.00353051396086812,
    0.8554695844650269,
    0.48053398728370667,
    0.9285613894462585,
    0.12357888370752335,
    0.06009167060256004,
    0.2153947949409485,
    0.8587653636932373,
    0.3426360487937927,
    0.4878762662410736,
    0.1797809898853302,
    0.06937649846076965,
    0.4975821375846863,
    0.30545055866241455,
    0.38086357712745667,
    0.8990352153778076,
    0.4366817772388458,
    0.9489811658859253,
    0.7512839436531067,
    0.016667377203702927,
    0.11379237473011017,
    0.03229997679591179,
    0.34950846433639526,
    0.1691901981830597,
    0.04180586338043213,
    0.05434495583176613,
    0.2517324388027191,
    0.3481428623199463,
    0.016724420711398125,
    0.08069741725921631,
    0.013160723261535168,
    0.3717169165611267,
    0.6690284609794617,
    0.8234121203422546,
    0.10152933746576309,
    0.046873293817043304,
    0.03983781859278679,
    0.49130162596702576,
    0.7845922708511353,
    0.008043769747018814,
    0.6315867900848389,
    0.14265550673007965,
    0.1109638661146164,
    0.5910302400588989,
    0.3802555799484253,
    0.172484889626503,
    0.12715202569961548,
    0.3310796022415161,
    0.06191711500287056,
    0.7338686585426331,
    0.29620587825775146,
    0.42831870913505554,
    0.8414461612701416,
    0.20749583840370178,
    0.23874089121818542,
    0.06480047851800919,
    0.1750524640083313,
    0.33728882670402527,
    0.5893410444259644,
    0.8691972494125366,
    0.37245601415634155,
    0.9264379739761353,
    0.997467041015625,
    0.2860996723175049,
    0.832191526889801,
    0.29658976197242737,
    0.7216134667396545,
    0.3228592276573181,
    0.9735401272773743,
    0.9437989592552185,
    0.7569453716278076,
    0.20325246453285217,
    0.4852277636528015,
    0.41560837626457214,
    0.10925190895795822,
    0.16558168828487396,
    0.42404472827911377,
    0.29896509647369385,
    0.7658619284629822,
    0.4602741599082947,
    0.0497729629278183,
