{
  "model": "XGBoost",
  "protocol": "one_city_out_v2",
  "seed": 2,
  "timestamp": "2026-04-15T05:01:13.100062Z",
  "hyperparameters": {
    "param_grid": {
      "max_depth": [
        4,
        6,
        8
      ],
      "learning_rate": [
        0.01,
        0.05,
        0.1
      ],
      "n_estimators": [
        200,
        300
      ]
    },
    "best_params": {
      "max_depth": 8,
      "learning_rate": 0.1,
      "n_estimators": 200
    },
    "scale_pos_weight": 2.9341,
    "subsample": 0.8,
    "colsample_bytree": 0.8
  },
  "test_metrics": {
    "acc": 0.7335423197492164,
    "macro_f1": 0.701852768156578,
    "bal_acc": 0.7213002364066194,
    "nll": 0.5418156304916605,
    "ece": 0.49042022940600555,
    "brier": 0.1813402917406232
  },
  "test_probs": [
    0.7692765593528748,
    0.7653589844703674,
    0.1222895160317421,
    0.8387665152549744,
    0.0834890827536583,
    0.023629214614629745,
    0.047346994280815125,
    0.5064785480499268,
    0.09504278004169464,
    0.08862750977277756,
    0.22001437842845917,
    0.8971918225288391,
    0.3169654905796051,
    0.2765360474586487,
    0.5816400051116943,
    0.09406014531850815,
    0.003648426616564393,
    0.2848891019821167,
    0.02592371217906475,
    0.575634241104126,
    0.059214238077402115,
    0.4376713037490845,
    0.05417092144489288,
    0.6203039288520813,
    0.7287196516990662,
    0.537642776966095,
    0.047478388994932175,
    0.4918768107891083,
    0.6097068786621094,
    0.003077746368944645,
    0.431842178106308,
    0.6549450159072876,
    0.4838106036186218,
    0.5260834693908691,
    0.7155400514602661,
    0.07244973629713058,
    0.6283050179481506,
    0.6526506543159485,
    0.5830686688423157,
    0.7663242220878601,
    0.10684562474489212,
    0.053727854043245316,
    0.0691586509346962,
    0.7201774716377258,
    0.2546481490135193,
    0.036129869520664215,
    0.13082492351531982,
    0.5986226201057434,
    0.017314204946160316,
    0.11717181652784348,
    0.5124739408493042,
    0.46042194962501526,
    0.9585285782814026,
    0.02435346134006977,
    0.01199912279844284,
    0.06416988372802734,
    0.013368532061576843,
    0.009392408654093742,
    0.4234060049057007,
    0.08638141304254532,
    0.038259707391262054,
    0.5938606262207031,
    0.1912199854850769,
    0.6686735153198242,
    0.3972252607345581,
    0.060619935393333435,
    0.335835725069046,
    0.21730385720729828,
    0.2750151455402374,
    0.2327255755662918,
    0.5009499192237854,
    0.9339850544929504,
    0.12859754264354706,
    0.7098374962806702,
    0.930893063545227,
    0.6571013927459717,
    0.4849214553833008,
    0.31557586789131165,
    0.19497813284397125,
    0.06236031651496887,
    0.5740929841995239,
    0.5107649564743042,
    0.5908514857292175,
    0.9422827363014221,
    0.7347490191459656,
    0.3122376799583435,
    0.665722131729126,
    0.21273967623710632,
    0.017938442528247833,
    0.16569675505161285,
    0.43273216485977173,
    0.7435312867164612,
    0.08838719129562378,
    0.006607030984014273,
    0.11836812645196915,
    0.8322131633758545,
    0.7406246066093445,
    0.13000820577144623,
    0.23966920375823975,
    0.31219619512557983,
    0.034966081380844116,
    0.14451633393764496,
    0.4083826243877411,
    0.19628310203552246,
    0.0010804655030369759,
    0.050304144620895386,
    0.013470676727592945,
    0.04111028462648392,
    0.1051841676235199,
    0.2693161070346832,
    0.34095969796180725,
    0.04037303104996681,
    0.02954583801329136,
    0.9569961428642273,
    0.01045394130051136,
    0.14794525504112244,
    0.022870412096381187,
    0.19976627826690674,
    0.007356272079050541,
    0.07276172190904617,
    0.008660820312798023,
    0.20812170207500458,
    0.07025028020143509,
    0.0885905772447586,
    0.6040919423103333,
    0.6802130341529846,
    0.29859864711761475,
    0.007822565734386444,
    0.6315596103668213,
    0.41157132387161255,
    0.22234520316123962,
    0.009244718588888645,
    0.6662985682487488,
    0.03696974739432335,
    0.6633817553520203,
    0.1739070564508438,
    0.9549939632415771,
    0.22289910912513733,
    0.28701648116111755,
    0.4588012397289276,
    0.03181615099310875,
    0.6422854065895081,
    0.2616601586341858,
    0.07000867277383804,
    0.06491248309612274,
    0.8581418991088867,
    0.31842565536499023,
    0.44721364974975586,
    0.08172643184661865,
    0.0031191869638860226,
    0.7958183884620667,
    0.27937716245651245,
    0.14650192856788635,
    0.3911017179489136,
    0.8544044494628906,
    0.0592007040977478,
    0.773125946521759,
    0.6557856202125549,
    0.9068500995635986,
    0.9376999139785767,
    0.8271563053131104,
    0.39228197932243347,
    0.6929993033409119,
    0.35431036353111267,
    0.42958003282546997,
    0.10686223208904266,
    0.5114565491676331,
    0.45016685128211975,
    0.7506757378578186,
    0.23483151197433472,
    0.20843859016895294,
    0.16744866967201233,
    0.26739802956581116,
    0.6394042372703552,
    0.660514235496521,
    0.8915082216262817,
    0.06609232723712921,
    0.951228678226471,
    0.1147162988781929,
    0.3590160310268402,
    0.8454384803771973,
    0.8361015915870667,
    0.7583590149879456,
    0.3708994686603546,
    0.8220880627632141,
    0.9445592761039734,
    0.8818243145942688,
    0.6892225742340088,
    0.795326292514801,
    0.7824215888977051,
    0.9497156739234924,
    0.9327346682548523,
    0.9725023508071899,
    0.1483658403158188,
    0.1880272477865219,
    0.5730430483818054,
    0.06601233780384064,
    0.3061472773551941,
    0.7430748343467712,
    0.6741169095039368,
    0.18240652978420258,
    0.4877622723579407,
    0.007892369292676449,
    0.5704033970832825,
    0.9905614256858826,
    0.45032984018325806,
    0.4775676727294922,
    0.16445592045783997,
    0.1633707582950592,
    0.6613957285881042,
    0.030567727982997894,
    0.8881692290306091,
    0.013750012964010239,
    0.000761884730309248,
    0.6944389939308167,
    0.7668378353118896,
    0.8043878078460693,
    0.3206135034561157,
    0.05401114374399185,
    0.35180360078811646,
    0.5725793242454529,
    0.36091771721839905,
    0.5136354565620422,
    0.060389015823602676,
    0.2895827293395996,
    0.2769783139228821,
    0.4487597644329071,
    0.3892809748649597,
    0.9145218729972839,
    0.4555114507675171,
    0.9518715739250183,
    0.35549038648605347,
    0.02821764163672924,
    0.11386340856552124,
    0.02472737431526184,
    0.15408173203468323,
    0.1533338874578476,
    0.10709216445684433,
    0.114891916513443,
    0.11559358239173889,
    0.48799246549606323,
    0.029876427724957466,
    0.06843987107276917,
    0.005471186712384224,
    0.13147063553333282,
    0.5433346033096313,
    0.5702822804450989,
    0.14934171736240387,
    0.1518937200307846,
    0.1290939599275589,
    0.6341028213500977,
    0.5989857912063599,
    0.0023284037597477436,
    0.4757826626300812,
    0.08287961781024933,
    0.06068297103047371,
    0.7303408980369568,
    0.26075032353401184,
    0.26971372961997986,
    0.13877181708812714,
    0.06667960435152054,
    0.07397221028804779,
    0.7671727538108826,
    0.18434852361679077,
    0.46876198053359985,
    0.6692990660667419,
    0.07881055027246475,
    0.4323110580444336,
    0.13186846673488617,
    0.2752496004104614,
    0.15750828385353088,
    0.5108610987663269,
    0.9274654984474182,
    0.35431843996047974,
    0.9034283757209778,
    0.995278000831604,
    0.18047945201396942,
    0.8915117979049683,
    0.0640474408864975,
    0.7240764498710632,
    0.2857327461242676,
    0.9702579975128174,
    0.9288804531097412,
    0.6300564408302307,
    0.2649978697299957,
    0.6494624018669128,
    0.5118852853775024,
    0.07655394077301025,
    0.23648852109909058,
    0.2313760668039322,
    0.30723026394844055,
    0.8044160008430481,
    0.5494763255119324,
