{
  "model": "LogisticRegression",
  "protocol": "calibration",
  "seed": 0,
  "timestamp": "2026-04-17T20:50:05.867789Z",
  "hyperparameters": {
    "C_grid": [
      0.01,
      0.1,
      1.0,
      10.0
    ],
    "best_C": 10.0,
    "max_iter": 1000,
    "class_weight": "balanced",
    "standardised": true
  },
  "test_metrics": {
    "acc": 0.6739811912225705,
    "macro_f1": 0.6579793814432989,
    "bal_acc": 0.703853427895981,
    "nll": 0.5845310392267306,
    "ece": 0.43719612000998004,
    "brier": 0.20200911026128593
  },
  "test_probs": [
    0.6963423805660577,
    0.7828993023149445,
    0.33829289690796016,
    0.7710373865663429,
    0.13902899463247803,
    0.38500831325491625,
    0.17853305197561828,
    0.5898616736790946,
    0.148668388654774,
    0.18922650359681267,
    0.4378966766835636,
    0.7399913261863378,
    0.5775192545960703,
    0.14257082916225106,
    0.058125375016018305,
    0.20024954259704272,
    0.018504822622813184,
    0.33532862646286515,
    0.11090858883245623,
    0.7840456551526772,
    0.09863480358615162,
    0.503003280102249,
    0.14231048978683947,
    0.9246768452318896,
    0.8106063517550243,
    0.38960331843033086,
    0.1713755052116823,
    0.6584437129878309,
    0.7293198871151808,
    0.014781711481814001,
    0.41201686171681684,
    0.7589327949244788,
    0.48349579745667953,
    0.3975069506984368,
    0.671068381412062,
    0.19159812715509392,
    0.01426039365059791,
    0.7020351500830946,
    0.9110113511588451,
    0.7414855219860012,
    0.1594167465207634,
    0.2027000881573149,
    0.21400481995437381,
    0.7376338504883512,
    0.30159498432749443,
    0.0594437631523865,
    0.1677252603003476,
    0.7062655712066405,
    0.10123643812111624,
    0.13661675704832899,
    0.6001250726468167,
    0.5320383396331595,
    0.8492016662288818,
    0.08191970039953783,
    0.10676647856730252,
    0.1548988814327755,
    0.3848973673031359,
    0.08332657675021377,
    0.5914935961248473,
    0.15575071354104386,
    0.09290528481076109,
    0.4875107904921133,
    0.40081041096687514,
    0.2922038521747332,
    0.48511854124785475,
    0.5243741639397366,
    0.4737938520360061,
    0.2814878211675751,
    0.35710033824116194,
    0.32538880313729324,
    0.6970989630712655,
    0.903606463480772,
    0.795008664522804,
    0.7157800304218963,
    0.691515056707346,
    0.6059825854938744,
    0.5036407465908097,
    0.6786597030847126,
    0.2300742119928051,
    0.15281809421269743,
    0.7804788331134621,
    0.6141739500073919,
    0.45308501235299364,
    0.9249696363280974,
    0.7310035251876896,
    0.3166982401417571,
    0.5993800489172245,
    0.17794101444107166,
    0.022448160666956263,
    0.23139210536510363,
    0.33739702395658294,
    0.5477206372230953,
    0.21172268493367824,
    0.10428711006706116,
    0.23469027189276184,
    0.7998937125513339,
    0.7838738998030005,
    0.4740316957863337,
    0.4969435125000377,
    0.5552050647501373,
    0.12416339583813282,
    0.44566741598814935,
    0.40725878045249225,
    0.23578787729828557,
    0.008976950357196808,
    0.1665104427261206,
    0.10082638924766403,
    0.18645841461920587,
    0.5196835190595175,
    0.188480397491895,
    0.5679530533353425,
    0.2564019942391943,
    0.34697702066780123,
    0.8870463720251835,
    0.05885795874922697,
    0.28828792147327303,
    0.45799080593099784,
    0.6356456466971215,
    0.021272200391970843,
    0.1251525708540143,
    0.0720052312804595,
    0.14847006334306445,
    0.3498436995486638,
    0.2866736436832459,
    0.6853187634576852,
    0.5485406331988657,
    0.2704282131866046,
    0.02393306406841167,
    0.6371555955246969,
    0.6835156974501883,
    0.6009608023735896,
    0.05035563608408094,
    0.6399210333316433,
    0.08527647570626544,
    0.83230101252791,
    0.5172283050954496,
    0.945261589749596,
    0.18342550514434403,
    0.6001862096166898,
    0.5258672641602259,
    0.1279081965241241,
    0.6044417779795116,
    0.18350764493095628,
    0.3502102055313348,
    0.36780649136147164,
    0.699786163549417,
    0.49856749268180206,
    0.7113384787229899,
    0.39371191783884624,
    0.017143467725612153,
    0.7137336353769206,
    0.5585800288302688,
    0.22309798882486725,
    0.44302262255010266,
    0.9367976672014062,
    0.42652376372691575,
    0.6901717583269255,
    0.7330098553939117,
    0.7498524212756866,
    0.7110511798788361,
    0.705093715379372,
    0.5216150326319879,
    0.7298030560545733,
    0.6506673344728061,
    0.721395000335243,
    0.40000742017650304,
    0.6593041481314065,
    0.7163107258553268,
    0.789053869288767,
    0.6549828684212955,
    0.1492138043663579,
    0.26731599402186884,
    0.22810915520709255,
    0.620581205882078,
    0.4263514514630139,
    0.7092713973756428,
    0.07761507591946759,
    0.9582503090127781,
    0.1271190697165058,
    0.5598727333313033,
    0.7538341095307047,
    0.7208660734590986,
    0.4999050716990448,
    0.45654893124606927,
    0.8822190249692099,
    0.7238882414159398,
    0.7494743526767412,
    0.5123244820811975,
    0.7861545914360101,
    0.7041538430995882,
    0.7826197353244385,
    0.7541844305145037,
    0.8793309020626641,
    0.29588087883971254,
    0.21465686242253626,
    0.747147219243359,
    0.18684483953253875,
    0.596783332619261,
    0.8956767965779819,
    0.7832562484252158,
    0.4254786183806479,
    0.5395316982159182,
    0.08322666914953165,
    0.5011725780656333,
    0.8779753613736768,
    0.4798737754995716,
    0.3519776958786803,
    0.32694506867286166,
    0.21966940462066675,
    0.7425425434947251,
    0.17052756322384913,
    0.8153828017324897,
    0.20487506108170417,
    0.016883069593437595,
    0.6104481147455761,
    0.4433787868475186,
    0.8649445538414855,
    0.5787927990376114,
    0.11890465822044094,
    0.5076132822011715,
    0.8810233686983309,
    0.7971925798513299,
    0.5952025516341382,
    0.4330902856136114,
    0.5192028415695128,
    0.6027585069319766,
    0.5713514471186362,
    0.58472360565969,
    0.9902465041284645,
    0.4744330633885862,
    0.894236627190074,
    0.6367353916388947,
    0.25147596280710827,
    0.34482139817108265,
    0.0876542155779903,
    0.694596925913316,
    0.30276029823880063,
    0.11473192278677151,
    0.09524428208521298,
    0.09441377784157315,
    0.5658106591441775,
    0.14009461292491304,
    0.2820076400431375,
    0.03812426668137386,
    0.5251542247617436,
    0.5514601866222264,
    0.6034778229331722,
    0.14500978949838272,
    0.21736148245530446,
    0.22970898416183158,
    0.5569042967745347,
    0.7146640454800335,
    0.035123636876558506,
    0.41555498490269277,
    0.13666580668611078,
    0.2562079096927259,
    0.6624044447906986,
    0.6477819860448499,
    0.3933922323518623,
    0.14621407280362686,
    0.3234419186934353,
    0.4620934486266687,
    0.7628560299999877,
    0.21797702774540653,
    0.5835716905479784,
    0.6059514188191686,
    0.3037692546977,
    0.4176793712020454,
    0.25343565813430863,
    0.5011171207632308,
    0.023786979245110248,
    0.6557659517186786,
    0.7777176754716693,
    0.3749406747240127,
    0.8871563726212586,
    0.9796457731521887,
    0.2691878194845612,
    0.7593583019091733,
    0.31154783197171837,
    0.699582135168694,
    0.1460621215636763,
    0.9590379943351638,
    0.8391924554363381,
    0.732404752085848,
    0.26244769025348347,
    0.31173495925645317,
    0.8364511586343238,
    0.24003296522709155,
    0.7347791710105118,
    0.42981504329779757,
    0.6631260002562142,
    0.7722965397069455,
    0.5759968622289011,
    0.1475714352758581,
    0.2608517662832779,
    0.12473141327266972,
    0.7248627057386111,
    0.7911117497675683,
    0.337676896253903,
    0.6386957380584094,
    0.4524979068789665,
    0.5830741875362655,
    0.3306527236444393,
    0.8153991077213727,
    0.955640240057807,
    0.7769358019329102,
