{
  "model": "VREx",
  "protocol": "calibration",
  "seed": 0,
  "timestamp": "2026-04-17T20:54:25.769105Z",
  "hyperparameters": {
    "architecture": "MLP-128-Drop-64-2",
    "optimizer": "Adam",
    "lr": 0.001,
    "weight_decay": 0.0001,
    "epochs": 100,
    "n_envs": 3,
    "pos_weight": 2.9341,
    "lambda_grid": [
      0.01,
      1.0,
      10.0,
      100.0
    ],
    "best_lambda": 0.01,
    "standardised": true
  },
  "test_metrics": {
    "acc": 0.6959247648902821,
    "macro_f1": 0.6765889398706062,
    "bal_acc": 0.7163120567375887,
    "nll": 0.6332182901842828,
    "ece": 0.47808369914752935,
    "brier": 0.21393856283990867
  },
  "test_probs": [
    0.7759966850280762,
    0.8796223402023315,
    0.17257630825042725,
    0.8088442087173462,
    0.21925334632396698,
    0.10502678155899048,
    0.1826888620853424,
    0.7533348202705383,
    0.10918176174163818,
    0.0629095584154129,
    0.31726518273353577,
    0.7987959980964661,
    0.511950671672821,
    0.12199538201093674,
    0.43085917830467224,
    0.23347587883472443,
    0.0032925272826105356,
    0.10884084552526474,
    0.07475484162569046,
    0.9094113707542419,
    0.10720998793840408,
    0.3097343444824219,
    0.09447591006755829,
    0.6255298256874084,
    0.6473423838615417,
    0.4477976858615875,
    0.14860042929649353,
    0.7130832076072693,
    0.6865145564079285,
    0.0018834639340639114,
    0.46773025393486023,
    0.8432793021202087,
    0.44337671995162964,
    0.6845521926879883,
    0.8542048931121826,
    0.04376908391714096,
    0.4322584569454193,
    0.8025039434432983,
    0.8656477332115173,
    0.8054342865943909,
    0.09279631078243256,
    0.17327623069286346,
    0.13309882581233978,
    0.7993584275245667,
    0.18717621266841888,
    0.03818703070282936,
    0.08045157045125961,
    0.7764387726783752,
    0.04880478233098984,
    0.05009065940976143,
    0.7115216255187988,
    0.6673438549041748,
    0.9124462008476257,
    0.02297956496477127,
    0.07821811735630035,
    0.12221574038267136,
    0.33622944355010986,
    0.12168452888727188,
    0.6928361654281616,
    0.12169380486011505,
    0.16996346414089203,
    0.5865973234176636,
    0.3256359398365021,
    0.5908815264701843,
    0.4454488754272461,
    0.3533099591732025,
    0.46953529119491577,
    0.32384631037712097,
    0.32121598720550537,
    0.32207369804382324,
    0.5554839968681335,
    0.9563106894493103,
    0.6816526055335999,
    0.7920224070549011,
    0.8780675530433655,
    0.5741572380065918,
    0.3252379298210144,
    0.6073288917541504,
    0.3084516227245331,
    0.09101467579603195,
    0.8829407095909119,
    0.3384568989276886,
    0.3665819466114044,
    0.9318667054176331,
    0.7914247512817383,
    0.4801088869571686,
    0.4446381628513336,
    0.162024587392807,
    0.006106035318225622,
    0.4117031991481781,
    0.2094450145959854,
    0.3815195858478546,
    0.22517840564250946,
    0.036282237619161606,
    0.3073943257331848,
    0.8428398370742798,
    0.7838751673698425,
    0.31621497869491577,
    0.5212779641151428,
    0.7923331260681152,
    0.09344083070755005,
    0.515946090221405,
    0.2899983823299408,
    0.08608496189117432,
    0.006448264233767986,
    0.10102442651987076,
    0.06462647765874863,
    0.06880995631217957,
    0.6803379654884338,
    0.15432582795619965,
    0.6803639531135559,
    0.3036007285118103,
    0.26821309328079224,
    0.9612471461296082,
    0.013547549024224281,
    0.08223900943994522,
    0.3632168471813202,
    0.6599262356758118,
    0.005907376762479544,
    0.09097038954496384,
    0.019105028361082077,
    0.09377014636993408,
    0.33167049288749695,
    0.10385814309120178,
    0.8005933165550232,
    0.6969810724258423,
    0.11293802410364151,
    0.003603707766160369,
    0.6868203282356262,
    0.7652817964553833,
    0.7910377383232117,
    0.010910655371844769,
    0.7173662781715393,
    0.04019378498196602,
    0.8310298323631287,
    0.0653705894947052,
    0.9686809182167053,
    0.0530242919921875,
    0.523662805557251,
    0.5294619202613831,
    0.19854703545570374,
    0.7273281812667847,
    0.2660733759403229,
    0.04886304959654808,
    0.29251572489738464,
    0.8681069016456604,
    0.46763768792152405,
    0.5044698715209961,
    0.05709444358944893,
    0.0002906880690716207,
    0.8376760482788086,
    0.5774725079536438,
    0.17812053859233856,
    0.5370685458183289,
    0.9745293259620667,
    0.20842419564723969,
    0.6730994582176208,
    0.585556149482727,
    0.7790735960006714,
    0.8224104642868042,
    0.8319993019104004,
    0.3822423815727234,
    0.7433056831359863,
    0.43825486302375793,
    0.8508274555206299,
    0.3980051279067993,
    0.6864873170852661,
    0.44339948892593384,
    0.6246710419654846,
    0.901587963104248,
    0.1510474681854248,
    0.22741732001304626,
    0.14983145892620087,
    0.6720890402793884,
    0.3437899649143219,
    0.8402937650680542,
    0.058384258300065994,
    0.9700146317481995,
    0.061152804642915726,
    0.7267565727233887,
    0.7745856642723083,
    0.8620118498802185,
    0.4045794606208801,
    0.34691938757896423,
    0.7945994138717651,
    0.815892219543457,
    0.82004714012146,
    0.4454490840435028,
    0.9482975602149963,
    0.8409916758537292,
    0.905877947807312,
    0.8777371644973755,
    0.9297196269035339,
    0.45096129179000854,
    0.14743103086948395,
    0.8079042434692383,
    0.14627842605113983,
    0.6506195068359375,
    0.8730480670928955,
    0.9251611232757568,
    0.39313963055610657,
    0.6205406785011292,
    0.022653356194496155,
    0.5063521862030029,
    0.9265956878662109,
    0.5483114719390869,
    0.37199267745018005,
    0.29197001457214355,
    0.302022248506546,
    0.7670039534568787,
    0.13711269199848175,
    0.8540968894958496,
    0.15828382968902588,
    0.008763649500906467,
    0.3658762574195862,
    0.608028769493103,
    0.9294538497924805,
    0.7052668929100037,
    0.07793563604354858,
    0.5021701455116272,
    0.9412412047386169,
    0.37543073296546936,
    0.6077666878700256,
    0.4467373490333557,
    0.2946203052997589,
    0.6936547160148621,
    0.6139740943908691,
    0.3141177296638489,
    0.9860135912895203,
    0.4327335059642792,
    0.9497606754302979,
    0.724735677242279,
    0.10891500860452652,
    0.22161278128623962,
    0.058995459228754044,
    0.5594847202301025,
    0.35001328587532043,
    0.0933706983923912,
    0.11383526027202606,
    0.03306245058774948,
    0.413380891084671,
    0.028102969750761986,
    0.27644193172454834,
    0.021768100559711456,
    0.7349051833152771,
    0.4909442663192749,
    0.5252563953399658,
    0.04033375903964043,
    0.0758758932352066,
    0.20291757583618164,
    0.602875828742981,
    0.6949282884597778,
    0.015259071253240108,
    0.6749916672706604,
    0.2152429074048996,
    0.16355738043785095,
    0.7880262732505798,
    0.7361629605293274,
    0.6813795566558838,
    0.042866408824920654,
    0.5700361728668213,
    0.19697928428649902,
    0.7992802858352661,
    0.27581587433815,
    0.5125601887702942,
    0.6965813636779785,
    0.33958715200424194,
    0.42277368903160095,
    0.07686462253332138,
    0.4306226968765259,
    0.4891098141670227,
    0.7116226553916931,
    0.9039551615715027,
    0.312799870967865,
    0.8187888264656067,
    0.994229793548584,
    0.10836934298276901,
    0.764634370803833,
    0.03194030374288559,
    0.8892560005187988,
    0.08731549233198166,
    0.9745994210243225,
    0.9397121071815491,
    0.8509721755981445,
    0.37800294160842896,
    0.315243661403656,
    0.34845247864723206,
    0.06182153895497322,
    0.413844496011734,
    0.27212831377983093,
    0.671627402305603,
    0.9106631278991699,
    0.5470993518829346,
    0.12732219696044922,
    0.6698659658432007,
    0.6834667325019836,
    0.42454636096954346,
    0.8039653301239014,
    0.33104971051216125,
    0.757745087146759,
