{
  "mean_acc": [
    0.7763212903554004,
    0.766204347660148,
    0.7621982847928916,
    0.7664960554558696,
    0.7549133732758239
  ],
  "worst_acc": [
    0.512489233419466,
    0.5833333333333334,
    0.4375,
    0.5625,
    0.3125
  ],
  "mean_f1": [
    0.6872562026313838,
    0.6806722013659122,
    0.6783271904292001,
    0.6763199926227437,
    0.6718459452551052
  ],
  "worst_f1": [
    0.43421052631578944,
    0.44155844155844154,
    0.43421052631578944,
    0.43421052631578944,
    0.30980392156862746
  ],
  "mean_bal_acc": [
    0.6937750643866737,
    0.6870550568783677,
    0.6849466826078596,
    0.6817425045551591,
    0.6813550709588473
  ],
  "worst_bal_acc": [
    0.4852941176470588,
    0.5,
    0.4852941176470588,
    0.4852941176470588,
    0.4583333333333333
  ]
}