{
  "model": "GNN_ERM",
  "protocol": "one_city_out_v2",
  "seed": 4,
  "timestamp": "2026-04-16T18:03:36.954532Z",
  "hyperparameters": {
    "architecture": "SAGEConv-1layer+LinearHead",
    "hidden_dim": 64,
    "dropout": 0.5,
    "optimizer": "Adam",
    "lr_grid": [
      0.001,
      0.005,
      0.01
    ],
    "best_lr": 0.001,
    "weight_decay": 0.0005,
    "epochs": 200,
    "patience": 20,
    "batch_size": 256,
    "num_neighbors": [
      20
    ],
    "pos_weight": 1.7129,
    "weighting": "sqrt_inv_freq"
  },
  "test_metrics": {
    "acc": 0.7084639498432602,
    "macro_f1": 0.6794316278567184,
    "bal_acc": 0.7035224586288416,
    "nll": 0.5440449799598542,
    "ece": 0.4424605614572857,
    "brier": 0.1842772873975026
  },
  "test_probs": [
    0.635574996471405,
    0.74018794298172,
    0.19675028324127197,
    0.726733922958374,
    0.13162186741828918,
    0.26702776551246643,
    0.1498592346906662,
    0.49030745029449463,
    0.14058414101600647,
    0.08506663888692856,
    0.3848254382610321,
    0.6385394930839539,
    0.3716493248939514,
    0.09987937659025192,
    0.41491207480430603,
    0.19460457563400269,
    0.011719424277544022,
    0.16104646027088165,
    0.10583054274320602,
    0.6958634853363037,
    0.0774102583527565,
    0.41845524311065674,
    0.06938384473323822,
    0.7128797173500061,
    0.6852219104766846,
    0.37973877787590027,
    0.16153913736343384,
    0.6414876580238342,
    0.5714545249938965,
    0.006297685671597719,
    0.23559795320034027,
    0.7058756351470947,
    0.405758798122406,
    0.44875001907348633,
    0.5703274607658386,
    0.11043068021535873,
    0.39621004462242126,
    0.6894273161888123,
    0.8692412376403809,
    0.694638192653656,
    0.1713179051876068,
    0.18706944584846497,
    0.1470271497964859,
    0.7153497934341431,
    0.24028857052326202,
    0.07891558855772018,
    0.12626215815544128,
    0.7453464865684509,
    0.07450637966394424,
    0.123158298432827,
    0.5321910977363586,
    0.535817563533783,
    0.8268867135047913,
    0.039023227989673615,
    0.06100177392363548,
    0.13605515658855438,
    0.31969788670539856,
    0.20610083639621735,
    0.5576848387718201,
    0.11940593272447586,
    0.07188832014799118,
    0.34997159242630005,
    0.3824687600135803,
    0.4679572582244873,
    0.4580170512199402,
    0.27014002203941345,
    0.5218977928161621,
    0.21858125925064087,
    0.32711467146873474,
    0.1939803510904312,
    0.5756365656852722,
    0.8761186003684998,
    0.5213364958763123,
    0.6715563535690308,
    0.6635733842849731,
    0.567344069480896,
    0.30886417627334595,
    0.5611210465431213,
    0.20868080854415894,
    0.10809805244207382,
    0.655041515827179,
    0.47831401228904724,
    0.29914191365242004,
    0.9074574112892151,
    0.6550350189208984,
    0.3575849235057831,
    0.5093294382095337,
    0.12864457070827484,
    0.015130657702684402,
    0.14621075987815857,
    0.22198811173439026,
    0.49751394987106323,
    0.25776684284210205,
    0.07973187416791916,
    0.15518328547477722,
    0.7661056518554688,
    0.6206778883934021,
    0.2989968955516815,
    0.39588963985443115,
    0.6440797448158264,
    0.06471583247184753,
    0.3931627571582794,
    0.205840602517128,
    0.15353575348854065,
    0.0030544332694262266,
    0.1538962721824646,
    0.09836230427026749,
    0.16271719336509705,
    0.6397001147270203,
    0.17796969413757324,
    0.627307653427124,
    0.1801486760377884,
    0.3204203248023987,
    0.8628233671188354,
    0.04574660211801529,
    0.22082822024822235,
    0.36377519369125366,
    0.5164188742637634,
    0.011127394624054432,
    0.08621971309185028,
    0.027012968435883522,
    0.10202741622924805,
    0.24443186819553375,
    0.060880258679389954,
    0.6432744860649109,
    0.4115748703479767,
    0.14723512530326843,
    0.01240607164800167,
    0.5458791851997375,
    0.6093910932540894,
    0.5931799411773682,
    0.03859478980302811,
    0.6389567852020264,
    0.02982579544186592,
    0.7433969378471375,
    0.2609521448612213,
    0.904620885848999,
    0.1282685101032257,
    0.41424208879470825,
    0.5800594091415405,
    0.1090431809425354,
    0.46796730160713196,
    0.18431219458580017,
    0.18157829344272614,
    0.2542119324207306,
    0.6505271196365356,
    0.4764798879623413,
    0.6592571139335632,
    0.08987011760473251,
    0.009242582134902477,
    0.5744113326072693,
    0.5053043961524963,
    0.220790296792984,
    0.4259239435195923,
    0.9192734956741333,
    0.30329054594039917,
    0.49654293060302734,
    0.5654311776161194,
    0.6524952054023743,
    0.6831448078155518,
    0.7198901176452637,
    0.38862496614456177,
    0.6052588224411011,
    0.4589095413684845,
    0.6212132573127747,
    0.2935936748981476,
    0.6426793336868286,
    0.5308273434638977,
    0.7242559194564819,
    0.6592071652412415,
    0.14484044909477234,
    0.18380041420459747,
    0.16415613889694214,
    0.5267077684402466,
    0.3641267716884613,
    0.7778225541114807,
    0.03321399167180061,
    0.9469426274299622,
    0.05230318382382393,
    0.5613633394241333,
    0.6185956001281738,
    0.6118342876434326,
    0.3876989185810089,
    0.32850974798202515,
    0.8509625196456909,
    0.660660445690155,
    0.6711450219154358,
    0.5732398629188538,
    0.8238141536712646,
    0.6786211133003235,
    0.7280826568603516,
    0.7320625185966492,
    0.8066498041152954,
    0.1770147979259491,
    0.2848796546459198,
    0.6423594951629639,
    0.13489578664302826,
    0.47445011138916016,
    0.7830354571342468,
    0.7280974984169006,
    0.35065993666648865,
    0.3898930251598358,
    0.05238253250718117,
    0.3332913815975189,
    0.852870762348175,
    0.5090725421905518,
    0.23884449899196625,
    0.24976541101932526,
    0.2946135997772217,
    0.6675598621368408,
    0.12562483549118042,
    0.7452644109725952,
    0.10710225999355316,
    0.009719908237457275,
    0.5713772177696228,
    0.4243481159210205,
    0.863215982913971,
    0.5009303092956543,
    0.10799900442361832,
    0.44822096824645996,
    0.8606879115104675,
    0.6391035318374634,
    0.554256021976471,
    0.3803466260433197,
    0.483535498380661,
    0.557458221912384,
    0.5602591037750244,
    0.23335357010364532,
    0.963537335395813,
    0.37577420473098755,
    0.875788688659668,
    0.6008157134056091,
    0.12615719437599182,
    0.2503930628299713,
    0.09414398670196533,
    0.47210580110549927,
    0.23126350343227386,
    0.07754204422235489,
    0.1002373918890953,
    0.07591551542282104,
    0.3083554208278656,
    0.09890714287757874,
    0.16112005710601807,
    0.014796260744333267,
    0.5524680018424988,
    0.47105252742767334,
    0.5506061315536499,
    0.17387288808822632,
    0.16476592421531677,
    0.21605877578258514,
    0.47579842805862427,
    0.6819658279418945,
    0.028617655858397484,
    0.35069265961647034,
    0.1285858005285263,
    0.1371341049671173,
    0.7507612109184265,
    0.449039489030838,
    0.4042367935180664,
    0.09214556962251663,
    0.500542938709259,
    0.2506919205188751,
    0.750389575958252,
    0.22102023661136627,
    0.3931463360786438,
    0.5179234147071838,
    0.34146302938461304,
    0.3107031285762787,
    0.11881043016910553,
    0.37869369983673096,
    0.43542730808258057,
    0.5682803392410278,
    0.870775043964386,
    0.29405346512794495,
    0.8727582693099976,
    0.974635660648346,
    0.2238045185804367,
    0.7197712063789368,
    0.16022120416164398,
    0.2759394943714142,
    0.13227389752864838,
    0.9263589978218079,
    0.8624408841133118,
    0.6055545806884766,
    0.22398225963115692,
    0.2160998433828354,
    0.36676397919654846,
    0.13269257545471191,
    0.33081021904945374,
    0.27773162722587585,
    0.5193464159965515,
    0.7132393717765808,
    0.3508150279521942,
    0.09228388220071793,
    0.14107811450958252,
    0.6358310580253601,
