{
  "model": "GNN_ERM",
  "protocol": "one_city_out_v2",
  "seed": 2,
  "timestamp": "2026-04-16T17:59:25.004928Z",
  "hyperparameters": {
    "architecture": "SAGEConv-1layer+LinearHead",
    "hidden_dim": 64,
    "dropout": 0.5,
    "optimizer": "Adam",
    "lr_grid": [
      0.001,
      0.005,
      0.01
    ],
    "best_lr": 0.001,
    "weight_decay": 0.0005,
    "epochs": 200,
    "patience": 20,
    "batch_size": 256,
    "num_neighbors": [
      20
    ],
    "pos_weight": 1.7129,
    "weighting": "sqrt_inv_freq"
  },
  "test_metrics": {
    "acc": 0.6990595611285266,
    "macro_f1": 0.6576028622540251,
    "bal_acc": 0.6689834515366431,
    "nll": 0.5466950329204938,
    "ece": 0.4575986953621561,
    "brier": 0.18428318575461983
  },
  "test_probs": [
    0.6105979681015015,
    0.8045718669891357,
    0.23041987419128418,
    0.7504881024360657,
    0.08867647498846054,
    0.17903906106948853,
    0.08837072551250458,
    0.47565391659736633,
    0.10050525516271591,
    0.04460616037249565,
    0.21093939244747162,
    0.6477702856063843,
    0.5197537541389465,
    0.09352002292871475,
    0.4111397862434387,
    0.14924302697181702,
    0.007452731486409903,
    0.13271939754486084,
    0.08600123971700668,
    0.6136325001716614,
    0.08966314047574997,
    0.3253071904182434,
    0.07903799414634705,
    0.7752259373664856,
    0.6368237733840942,
    0.3221338391304016,
    0.10382045805454254,
    0.7026335000991821,
    0.5198435187339783,
    0.003176557831466198,
    0.29059064388275146,
    0.66859370470047,
    0.4863913655281067,
    0.41996702551841736,
    0.540427565574646,
    0.05374946445226669,
    0.3237210214138031,
    0.7297763228416443,
    0.8350784182548523,
    0.6045652627944946,
    0.21638916432857513,
    0.14620915055274963,
    0.08837113529443741,
    0.6592863202095032,
    0.27691951394081116,
    0.05871066078543663,
    0.11675318330526352,
    0.6759793758392334,
    0.046015217900276184,
    0.08069085329771042,
    0.5030826330184937,
    0.4519443213939667,
    0.7824807167053223,
    0.03048865497112274,
    0.03114406019449234,
    0.10076546669006348,
    0.1614585816860199,
    0.19021740555763245,
    0.5491629242897034,
    0.11685866862535477,
    0.045449431985616684,
    0.17496831715106964,
    0.29856476187705994,
    0.3732512295246124,
    0.26997116208076477,
    0.4614644944667816,
    0.43671736121177673,
    0.13252748548984528,
    0.3321380615234375,
    0.18055154383182526,
    0.45088991522789,
    0.8857138156890869,
    0.42752158641815186,
    0.5896576642990112,
    0.6202228665351868,
    0.5391077399253845,
    0.2693530023097992,
    0.5669686794281006,
    0.18396981060504913,
    0.084968201816082,
    0.7482523918151855,
    0.3984985947608948,
    0.26686444878578186,
    0.9229211211204529,
    0.6600234508514404,
    0.19207072257995605,
    0.5103980898857117,
    0.08486220985651016,
    0.004713360220193863,
    0.1596643328666687,
    0.14666716754436493,
    0.3618067502975464,
    0.23940397799015045,
    0.060994867235422134,
    0.11066477745771408,
    0.8035180568695068,
    0.6029570698738098,
    0.2946605980396271,
    0.38362666964530945,
    0.6619863510131836,
    0.03391122817993164,
    0.34248286485671997,
    0.2447391003370285,
    0.13684208691120148,
    0.0009143689530901611,
    0.08012332022190094,
    0.047812942415475845,
    0.2059365063905716,
    0.6350885629653931,
    0.15226729214191437,
    0.5891122817993164,
    0.14142586290836334,
    0.20367662608623505,
    0.8679507970809937,
    0.05019460245966911,
    0.1250828504562378,
    0.26926279067993164,
    0.4994155168533325,
    0.003713960526511073,
    0.06848538666963577,
    0.016177717596292496,
    0.059301797300577164,
    0.18987710773944855,
    0.1317378133535385,
    0.6445144414901733,
    0.46747344732284546,
    0.2084295004606247,
    0.0061288923025131226,
    0.5549822449684143,
    0.5670101642608643,
    0.5206668972969055,
    0.016392933204770088,
    0.5530968308448792,
    0.038288626819849014,
    0.6893255710601807,
    0.29573750495910645,
    0.9267142415046692,
    0.06221378222107887,
    0.47279447317123413,
    0.5291831493377686,
    0.06583235412836075,
    0.49844077229499817,
    0.10201083868741989,
    0.0458376519382,
    0.150095596909523,
    0.6037533283233643,
    0.42904168367385864,
    0.5877189040184021,
    0.09650008380413055,
    0.0027933763340115547,
    0.5120759606361389,
    0.5287752747535706,
    0.1756325215101242,
    0.46372830867767334,
    0.9490984082221985,
    0.36880216002464294,
    0.4922241270542145,
    0.4753034710884094,
    0.6398494839668274,
    0.6501204371452332,
    0.67989581823349,
    0.2755957543849945,
    0.5527224540710449,
    0.30496710538864136,
    0.6067026853561401,
    0.24970631301403046,
    0.7035262584686279,
    0.6644173860549927,
    0.654559314250946,
    0.776882529258728,
    0.061450738459825516,
    0.11824551969766617,
    0.1286952942609787,
    0.43261227011680603,
    0.3375714123249054,
    0.7704687714576721,
    0.04463499039411545,
    0.9564030170440674,
    0.05503717437386513,
    0.47740328311920166,
    0.5849969983100891,
    0.6690401434898376,
    0.3172045052051544,
    0.19422627985477448,
    0.7784109711647034,
    0.6158125996589661,
    0.6921588182449341,
    0.46775999665260315,
    0.8575600981712341,
    0.6685675978660583,
    0.746019721031189,
    0.726426899433136,
    0.818430483341217,
    0.1591404676437378,
    0.08480320125818253,
    0.6734840869903564,
    0.08984633535146713,
    0.43472304940223694,
    0.8300620317459106,
    0.7254795432090759,
    0.28973957896232605,
    0.4279489815235138,
    0.025380617007613182,
    0.3941390812397003,
    0.8486671447753906,
    0.3938111364841461,
    0.14820857346057892,
    0.14350174367427826,
    0.23812854290008545,
    0.6270000338554382,
    0.08493435382843018,
    0.7508978247642517,
    0.05387808755040169,
    0.0032710342202335596,
    0.6119363903999329,
    0.37051913142204285,
    0.8430317044258118,
    0.3501483201980591,
    0.12599030137062073,
    0.2932647168636322,
    0.8762623071670532,
    0.6156684160232544,
    0.4594478905200958,
    0.2535136938095093,
    0.36640769243240356,
    0.5524002909660339,
    0.5272963643074036,
    0.2906492352485657,
    0.9540978074073792,
    0.35038870573043823,
    0.9011350870132446,
    0.550176203250885,
    0.15318506956100464,
    0.22846072912216187,
    0.08990054577589035,
    0.4752694070339203,
    0.1626300811767578,
    0.06759459525346756,
    0.0848909318447113,
    0.03690540790557861,
    0.36148929595947266,
    0.05719811096787453,
    0.16674545407295227,
    0.010673215612769127,
    0.43339595198631287,
    0.3602078855037689,
    0.5370100140571594,
    0.05212162807583809,
    0.3417377769947052,
    0.1618855744600296,
    0.3977668881416321,
    0.6232194900512695,
    0.013374715112149715,
    0.37558314204216003,
    0.06669394671916962,
    0.0765100046992302,
    0.7640429735183716,
    0.5052846670150757,
    0.5168715119361877,
    0.054403141140937805,
    0.19805710017681122,
    0.26324155926704407,
    0.724619448184967,
    0.1881384253501892,
    0.3743791878223419,
    0.4934106767177582,
    0.22900432348251343,
    0.28735294938087463,
    0.12249183654785156,
    0.40167146921157837,
    0.4479858875274658,
    0.4914471209049225,
    0.8787367939949036,
    0.1684333235025406,
    0.8210411667823792,
    0.9779750108718872,
    0.17365770041942596,
    0.6934171915054321,
    0.08126599341630936,
    0.5215797424316406,
    0.06673086434602737,
    0.9437982439994812,
    0.8472145795822144,
    0.6501189470291138,
    0.19245585799217224,
    0.2712964713573456,
    0.0956786498427391,
    0.10497536510229111,
    0.34472277760505676,
    0.232842355966568,
    0.4587293267250061,
    0.7115729451179504,
    0.3260943591594696,
    0.0844212993979454,
    0.2608223259449005,
