{
  "model": "GNN_ERM",
  "protocol": "one_city_out_v2",
  "seed": 3,
  "timestamp": "2026-04-16T18:01:31.753147Z",
  "hyperparameters": {
    "architecture": "SAGEConv-1layer+LinearHead",
    "hidden_dim": 64,
    "dropout": 0.5,
    "optimizer": "Adam",
    "lr_grid": [
      0.001,
      0.005,
      0.01
    ],
    "best_lr": 0.01,
    "weight_decay": 0.0005,
    "epochs": 200,
    "patience": 20,
    "batch_size": 256,
    "num_neighbors": [
      20
    ],
    "pos_weight": 1.7129,
    "weighting": "sqrt_inv_freq"
  },
  "test_metrics": {
    "acc": 0.7115987460815048,
    "macro_f1": 0.644007763221737,
    "bal_acc": 0.6407092198581561,
    "nll": 0.5317807576443148,
    "ece": 0.4401436857762381,
    "brier": 0.1787959315577454
  },
  "test_probs": [
    0.554336667060852,
    0.5910542607307434,
    0.30560049414634705,
    0.6361743807792664,
    0.09651682525873184,
    0.04007536172866821,
    0.1796598732471466,
    0.43713533878326416,
    0.13933464884757996,
    0.032241933047771454,
    0.24660687148571014,
    0.49996647238731384,
    0.7345783710479736,
    0.0639168918132782,
    0.3663208484649658,
    0.20590952038764954,
    0.005582760088145733,
    0.113025963306427,
    0.0656123161315918,
    0.5653533339500427,
    0.08777223527431488,
    0.34176573157310486,
    0.033370986580848694,
    0.5541289448738098,
    0.5435713529586792,
    0.39156782627105713,
    0.0730627030134201,
    0.6121277213096619,
    0.6373341083526611,
    0.00174748117569834,
    0.2912331521511078,
    0.5889991521835327,
    0.39907997846603394,
    0.4983028769493103,
    0.43351536989212036,
    0.04061499610543251,
    0.4551689028739929,
    0.5899335741996765,
    0.7243231534957886,
    0.6092201471328735,
    0.11913037300109863,
    0.17710262537002563,
    0.0876595675945282,
    0.7610424160957336,
    0.16433309018611908,
    0.023035386577248573,
    0.09332190454006195,
    0.6358315348625183,
    0.03536423668265343,
    0.1386767476797104,
    0.3876807391643524,
    0.5113559365272522,
    0.5709900856018066,
    0.017735669389367104,
    0.043772727251052856,
    0.05845940485596657,
    0.23183217644691467,
    0.11343303322792053,
    0.42896825075149536,
    0.10206906497478485,
    0.0853915810585022,
    0.3721039295196533,
    0.5286949872970581,
    0.20895186066627502,
    0.405978798866272,
    0.321145623922348,
    0.27076056599617004,
    0.3197653591632843,
    0.25405165553092957,
    0.18627196550369263,
    0.49753427505493164,
    0.7691002488136292,
    0.4990048110485077,
    0.48511767387390137,
    0.6897426843643188,
    0.41776567697525024,
    0.23801447451114655,
    0.3691895008087158,
    0.14535589516162872,
    0.14920778572559357,
    0.7657396197319031,
    0.3424872159957886,
    0.27611854672431946,
    0.8941045999526978,
    0.5145602226257324,
    0.18063266575336456,
    0.3647451102733612,
    0.11165069043636322,
    0.0011645472841337323,
    0.1145523339509964,
    0.13246610760688782,
    0.29764601588249207,
    0.19797973334789276,
    0.022032706066966057,
    0.1249149814248085,
    0.6944389939308167,
    0.5000045299530029,
    0.3090095520019531,
    0.4625435173511505,
    0.4875069260597229,
    0.06508137285709381,
    0.4640263319015503,
    0.16337928175926208,
    0.09751005470752716,
    0.0004020515189040452,
    0.10604611784219742,
    0.05683606117963791,
    0.122917041182518,
    0.45530417561531067,
    0.09590483456850052,
    0.5324925780296326,
    0.19909387826919556,
    0.19256065785884857,
    0.802503764629364,
    0.013804163783788681,
    0.1497594714164734,
    0.34508824348449707,
    0.25508129596710205,
    0.0014302205527201295,
    0.0615667887032032,
    0.015703709796071053,
    0.02261483110487461,
    0.18326282501220703,
    0.06929188221693039,
    0.45924732089042664,
    0.39882558584213257,
    0.14658397436141968,
    0.001658185850828886,
    0.4552246034145355,
    0.4657575488090515,
    0.507477879524231,
    0.010950302705168724,
    0.45257019996643066,
    0.01404753141105175,
    0.5254303216934204,
    0.31200623512268066,
    0.8525651097297668,
    0.08875356614589691,
    0.3975493013858795,
    0.4251497983932495,
    0.07399822026491165,
    0.4025997221469879,
    0.1452646553516388,
    0.23745593428611755,
    0.1682591438293457,
    0.5472779870033264,
    0.41883203387260437,
    0.3290926218032837,
    0.034098878502845764,
    0.0030047043692320585,
    0.5304447412490845,
    0.2760224938392639,
    0.1665535420179367,
    0.44475600123405457,
    0.8794103264808655,
    0.26689356565475464,
    0.4619694650173187,
    0.5207420587539673,
    0.46173104643821716,
    0.5194348692893982,
    0.4924367368221283,
    0.4124813675880432,
    0.4863433837890625,
    0.3193039894104004,
    0.6079110503196716,
    0.30018505454063416,
    0.4796326160430908,
    0.4478132128715515,
    0.4872626066207886,
    0.6929473876953125,
    0.07782335579395294,
    0.1459176242351532,
    0.1622123271226883,
    0.46936967968940735,
    0.24428525567054749,
    0.6213729381561279,
    0.014186670072376728,
    0.9388049244880676,
    0.040674008429050446,
    0.4237573444843292,
    0.5380275845527649,
    0.5282623767852783,
    0.46105635166168213,
    0.29560041427612305,
    0.6600895524024963,
    0.4666251242160797,
    0.5440042018890381,
    0.19036634266376495,
    0.7690623998641968,
    0.6238102912902832,
    0.67583167552948,
    0.5039942860603333,
    0.7704182863235474,
    0.28755685687065125,
    0.1864151656627655,
    0.5171955227851868,
    0.12444032728672028,
    0.3107515275478363,
    0.7306947708129883,
    0.5761442184448242,
    0.27206936478614807,
    0.4044703245162964,
    0.014102683402597904,
    0.16956213116645813,
    0.7281852960586548,
    0.35662996768951416,
    0.241956427693367,
    0.2910447120666504,
    0.1462215632200241,
    0.5634655356407166,
    0.06050076335668564,
    0.6665177345275879,
    0.09904379397630692,
    0.002343650907278061,
    0.4596523642539978,
    0.43399614095687866,
    0.7442963123321533,
    0.3984605371952057,
    0.047164782881736755,
    0.32862675189971924,
    0.7673097848892212,
    0.4591057300567627,
    0.5089205503463745,
    0.27315622568130493,
    0.6656790971755981,
    0.4283413589000702,
    0.4423590302467346,
    0.2710425555706024,
    0.914910614490509,
    0.31600409746170044,
    0.8115541934967041,
    0.4695177972316742,
    0.041918590664863586,
    0.18497690558433533,
    0.0576600581407547,
    0.506622850894928,
    0.39296120405197144,
    0.045748814940452576,
    0.06835667788982391,
    0.09978647530078888,
    0.45044270157814026,
    0.018364883959293365,
    0.13546426594257355,
    0.001931115286424756,
    0.6616826057434082,
    0.3471200168132782,
    0.4011223316192627,
    0.03086061216890812,
    0.23494689166545868,
    0.29976391792297363,
    0.49775752425193787,
    0.7563650012016296,
    0.0015114638954401016,
    0.37984490394592285,
    0.07088755071163177,
    0.20985503494739532,
    0.6536512970924377,
    0.2627251446247101,
    0.48220255970954895,
    0.1450785994529724,
    0.22548967599868774,
    0.2644299268722534,
    0.7500997185707092,
    0.14702647924423218,
    0.3936205506324768,
    0.4600532650947571,
    0.29408419132232666,
    0.3480816185474396,
    0.07054736465215683,
    0.33979612588882446,
    0.460043728351593,
    0.4348176121711731,
    0.7241949439048767,
    0.13743345439434052,
    0.843801736831665,
    0.9659231901168823,
    0.27189964056015015,
    0.5836048722267151,
    0.0996052697300911,
    0.3712834119796753,
    0.04359391704201698,
    0.8929129242897034,
    0.8202790021896362,
    0.5375615358352661,
    0.2510082721710205,
    0.12957763671875,
    0.3537062406539917,
    0.061511263251304626,
    0.3356155455112457,
    0.12603618204593658,
    0.2236897498369217,
    0.6238409280776978,
    0.23878954350948334,
    0.09468181431293488,
