{
  "model": "GNN_ERM",
  "protocol": "one_city_out_v2",
  "seed": 0,
  "timestamp": "2026-04-16T17:55:07.569277Z",
  "hyperparameters": {
    "architecture": "SAGEConv-1layer+LinearHead",
    "hidden_dim": 64,
    "dropout": 0.5,
    "optimizer": "Adam",
    "lr_grid": [
      0.001,
      0.005,
      0.01
    ],
    "best_lr": 0.001,
    "weight_decay": 0.0005,
    "epochs": 200,
    "patience": 20,
    "batch_size": 256,
    "num_neighbors": [
      20
    ],
    "pos_weight": 1.7129,
    "weighting": "sqrt_inv_freq"
  },
  "test_metrics": {
    "acc": 0.7084639498432602,
    "macro_f1": 0.6752629793009841,
    "bal_acc": 0.6942316784869976,
    "nll": 0.5399928587393441,
    "ece": 0.44116829810985203,
    "brier": 0.1827436454125314
  },
  "test_probs": [
    0.6170198917388916,
    0.7166119813919067,
    0.2947732210159302,
    0.6762920022010803,
    0.13587674498558044,
    0.09767556935548782,
    0.15286825597286224,
    0.4904479384422302,
    0.07925514131784439,
    0.09716879576444626,
    0.2850176692008972,
    0.6423290371894836,
    0.4852387309074402,
    0.07158314436674118,
    0.4162263870239258,
    0.15172617137432098,
    0.021973181515932083,
    0.23411552608013153,
    0.0831192135810852,
    0.6544638872146606,
    0.08055456727743149,
    0.4317139685153961,
    0.06101936846971512,
    0.8538683652877808,
    0.6877824068069458,
    0.34964099526405334,
    0.13095615804195404,
    0.6969835758209229,
    0.6429893970489502,
    0.008054368197917938,
    0.27921804785728455,
    0.7080941200256348,
    0.3766516149044037,
    0.5705274939537048,
    0.5960838198661804,
    0.11699867248535156,
    0.34550535678863525,
    0.664918839931488,
    0.818413257598877,
    0.6622327566146851,
    0.15058819949626923,
    0.18436004221439362,
    0.15817788243293762,
    0.7223324775695801,
    0.19747062027454376,
    0.046620532870292664,
    0.07697480916976929,
    0.7004222273826599,
    0.06028043478727341,
    0.1074434220790863,
    0.5422837138175964,
    0.5325985550880432,
    0.7670984864234924,
    0.02887897938489914,
    0.0601857490837574,
    0.1351994127035141,
    0.3007887899875641,
    0.13186262547969818,
    0.5189297199249268,
    0.10262011736631393,
    0.06999434530735016,
    0.38227012753486633,
    0.42358583211898804,
    0.4438522160053253,
    0.43603968620300293,
    0.4378003776073456,
    0.4814484417438507,
    0.16965223848819733,
    0.31052252650260925,
    0.18790203332901,
    0.5589975714683533,
    0.8808122277259827,
    0.6168274879455566,
    0.6219449639320374,
    0.7177242040634155,
    0.5408881306648254,
    0.3239479959011078,
    0.5140881538391113,
    0.2172623723745346,
    0.0657753124833107,
    0.7042952179908752,
    0.4898137152194977,
    0.4258131980895996,
    0.904215395450592,
    0.6489744186401367,
    0.32376423478126526,
    0.526182234287262,
    0.12311375141143799,
    0.010739532299339771,
    0.16466829180717468,
    0.21179518103599548,
    0.3998175263404846,
    0.22732838988304138,
    0.06217251718044281,
    0.19392240047454834,
    0.732938289642334,
    0.6218488812446594,
    0.37680545449256897,
    0.4257746636867523,
    0.528315007686615,
    0.08119096606969833,
    0.3247273862361908,
    0.2515476644039154,
    0.21849395334720612,
    0.003328076098114252,
    0.11579620838165283,
    0.07098270952701569,
    0.10657048970460892,
    0.5174741148948669,
    0.10739600658416748,
    0.5910828113555908,
    0.1843314915895462,
    0.25188007950782776,
    0.8714417219161987,
    0.05580902844667435,
    0.1774992048740387,
    0.4079084098339081,
    0.5648705363273621,
    0.01093309372663498,
    0.05434780567884445,
    0.026124397292733192,
    0.1747289001941681,
    0.26513683795928955,
    0.1303107887506485,
    0.6178319454193115,
    0.49855223298072815,
    0.17552810907363892,
    0.009642072021961212,
    0.5612154006958008,
    0.5530819892883301,
    0.5395792126655579,
    0.04116673022508621,
    0.5296379923820496,
    0.0438561849296093,
    0.7482194900512695,
    0.30674445629119873,
    0.8813232183456421,
    0.09819614142179489,
    0.4894166588783264,
    0.5272926688194275,
    0.10773532837629318,
    0.5113328099250793,
    0.15276363492012024,
    0.24619638919830322,
    0.2513915002346039,
    0.6360213160514832,
    0.4751990735530853,
    0.5716668367385864,
    0.23211951553821564,
    0.007982607930898666,
    0.5769082307815552,
    0.45758387446403503,
    0.1822987198829651,
    0.4242005944252014,
    0.9188087582588196,
    0.3179023563861847,
    0.5177406072616577,
    0.567167341709137,
    0.6360431909561157,
    0.580018162727356,
    0.6473296880722046,
    0.4205772876739502,
    0.6260554194450378,
    0.45451614260673523,
    0.6843406558036804,
    0.27281665802001953,
    0.6424111127853394,
    0.6024461388587952,
    0.7078110575675964,
    0.7100917100906372,
    0.11291811615228653,
    0.17346526682376862,
    0.17744983732700348,
    0.4864521324634552,
    0.3396419584751129,
    0.7882563471794128,
    0.041854165494441986,
    0.9328858256340027,
    0.0635295957326889,
    0.594628632068634,
    0.6669658422470093,
    0.6404364109039307,
    0.43114686012268066,
    0.2759368419647217,
    0.7635334730148315,
    0.6292873620986938,
    0.6756258010864258,
    0.4854656457901001,
    0.8444280028343201,
    0.645234227180481,
    0.7016299366950989,
    0.6777976155281067,
    0.8112015128135681,
    0.15937107801437378,
    0.15620528161525726,
    0.6564029455184937,
    0.13047806918621063,
    0.47592100501060486,
    0.8012459874153137,
    0.6790229082107544,
    0.28295743465423584,
    0.4538244605064392,
    0.0391213595867157,
    0.32808610796928406,
    0.8524290919303894,
    0.4895486533641815,
    0.19248495995998383,
    0.2364630401134491,
    0.22357600927352905,
    0.6621955633163452,
    0.0848224014043808,
    0.7097652554512024,
    0.1380038857460022,
    0.007851989939808846,
    0.6529518961906433,
    0.3925221264362335,
    0.8541573882102966,
    0.41581007838249207,
    0.07530691474676132,
    0.3610037565231323,
    0.8828638195991516,
    0.6580160856246948,
    0.5569575428962708,
    0.31995436549186707,
    0.4647737145423889,
    0.5205647349357605,
    0.48972800374031067,
    0.27680233120918274,
    0.9727689623832703,
    0.3567086458206177,
    0.8729060292243958,
    0.5707131624221802,
    0.13676510751247406,
    0.3151681125164032,
    0.051163990050554276,
    0.5169651508331299,
    0.23383934795856476,
    0.08519507199525833,
    0.08600860834121704,
    0.06690547615289688,
    0.4329107701778412,
    0.12224691361188889,
    0.16508494317531586,
    0.015564924106001854,
    0.49920853972435,
    0.44401413202285767,
    0.5473175048828125,
    0.08688239753246307,
    0.2533155083656311,
    0.1973753720521927,
    0.5181441307067871,
    0.7334951758384705,
    0.01969420164823532,
    0.3697909414768219,
    0.11252343654632568,
    0.12070579826831818,
    0.692624032497406,
    0.48080605268478394,
    0.3965465724468231,
    0.14002962410449982,
    0.26278358697891235,
    0.3498537242412567,
    0.7540718913078308,
    0.18699775636196136,
    0.40722161531448364,
    0.5131314396858215,
    0.27497008442878723,
    0.33351731300354004,
    0.13564053177833557,
    0.36823031306266785,
    0.3849884569644928,
    0.5130776762962341,
    0.8579018712043762,
    0.24863635003566742,
    0.7832322120666504,
    0.9732503294944763,
    0.1731395423412323,
    0.7073490619659424,
    0.1477603167295456,
    0.483455628156662,
    0.09568250179290771,
    0.9198983311653137,
    0.8330114483833313,
    0.6398707032203674,
    0.1995033472776413,
    0.24490971863269806,
    0.2963217496871948,
    0.11452466994524002,
    0.46732309460639954,
    0.32804545760154724,
    0.5685577392578125,
    0.7093093991279602,
    0.33682772517204285,
    0.08620494604110718,
    0.12088990956544876,
    0.719999372959137,
