{
  "model": "GNN_ERM",
  "protocol": "one_city_out_v2",
  "seed": 1,
  "timestamp": "2026-04-16T17:57:18.948569Z",
  "hyperparameters": {
    "architecture": "SAGEConv-1layer+LinearHead",
    "hidden_dim": 64,
    "dropout": 0.5,
    "optimizer": "Adam",
    "lr_grid": [
      0.001,
      0.005,
      0.01
    ],
    "best_lr": 0.005,
    "weight_decay": 0.0005,
    "epochs": 200,
    "patience": 20,
    "batch_size": 256,
    "num_neighbors": [
      20
    ],
    "pos_weight": 1.7129,
    "weighting": "sqrt_inv_freq"
  },
  "test_metrics": {
    "acc": 0.7272727272727273,
    "macro_f1": 0.6873429842843464,
    "bal_acc": 0.6982742316784869,
    "nll": 0.5394985673568459,
    "ece": 0.4485633256947359,
    "brier": 0.1808660456572152
  },
  "test_probs": [
    0.5989377498626709,
    0.6850268244743347,
    0.19361339509487152,
    0.7245534658432007,
    0.14165295660495758,
    0.1782340258359909,
    0.16068905591964722,
    0.5366997122764587,
    0.03547528013586998,
    0.04953356832265854,
    0.2598320543766022,
    0.6275632381439209,
    0.3934592306613922,
    0.054924000054597855,
    0.39124032855033875,
    0.1529683619737625,
    0.0056268624030053616,
    0.18874318897724152,
    0.09480135142803192,
    0.6263878345489502,
    0.07684124261140823,
    0.38600417971611023,
    0.03417100012302399,
    0.5776768326759338,
    0.5306278467178345,
    0.3978026807308197,
    0.12266973406076431,
    0.637188196182251,
    0.5703580975532532,
    0.002262296387925744,
    0.2142724096775055,
    0.6570452451705933,
    0.2817636728286743,
    0.4163264036178589,
    0.5897544026374817,
    0.06660164147615433,
    0.257234126329422,
    0.6813430190086365,
    0.8170874118804932,
    0.6697148680686951,
    0.178908571600914,
    0.13948343694210052,
    0.09303905069828033,
    0.7964636087417603,
    0.16050611436367035,
    0.07561754435300827,
    0.1590031236410141,
    0.7095047235488892,
    0.03958362340927124,
    0.15757368505001068,
    0.5502681136131287,
    0.4400184750556946,
    0.8030825257301331,
    0.0361693911254406,
    0.044221844524145126,
    0.14381664991378784,
    0.22066950798034668,
    0.13547459244728088,
    0.5505293607711792,
    0.11775001883506775,
    0.11768128722906113,
    0.34712210297584534,
    0.38663217425346375,
    0.35565969347953796,
    0.43875572085380554,
    0.3982647955417633,
    0.4838658273220062,
    0.22998373210430145,
    0.26944640278816223,
    0.22233763337135315,
    0.44145700335502625,
    0.8335347771644592,
    0.3897992968559265,
    0.6620075106620789,
    0.7271609306335449,
    0.5483778119087219,
    0.2571396827697754,
    0.6157098412513733,
    0.2039710283279419,
    0.05230403691530228,
    0.7129548192024231,
    0.29126593470573425,
    0.2428089678287506,
    0.8876532316207886,
    0.6402127742767334,
    0.27485114336013794,
    0.3382231295108795,
    0.14522652328014374,
    0.0041786194778978825,
    0.17038841545581818,
    0.19605958461761475,
    0.4555864632129669,
    0.20939429104328156,
    0.05140674114227295,
    0.19775749742984772,
    0.772243082523346,
    0.615334153175354,
    0.43609747290611267,
    0.48759153485298157,
    0.574674129486084,
    0.04552003741264343,
    0.3460109531879425,
    0.3326145112514496,
    0.13304434716701508,
    0.003406728617846966,
    0.06754575669765472,
    0.10114726424217224,
    0.11818469315767288,
    0.43369510769844055,
    0.10500910133123398,
    0.5252711176872253,
    0.1707979291677475,
    0.26506954431533813,
    0.8506469130516052,
    0.023983638733625412,
    0.10871344059705734,
    0.260793536901474,
    0.3656529188156128,
    0.003096521832048893,
    0.07244668900966644,
    0.01585572399199009,
    0.09871377795934677,
    0.2235080450773239,
    0.05396672710776329,
    0.6748955845832825,
    0.4867270588874817,
    0.16665704548358917,
    0.0018951648380607367,
    0.5712282061576843,
    0.6368952393531799,
    0.5306764245033264,
    0.024188751354813576,
    0.5048441290855408,
    0.030873320996761322,
    0.6454142928123474,
    0.37857118248939514,
    0.8960425853729248,
    0.11153304576873779,
    0.45116645097732544,
    0.49235761165618896,
    0.13850577175617218,
    0.4684482514858246,
    0.1331171840429306,
    0.17106366157531738,
    0.11581344902515411,
    0.6503407955169678,
    0.41349372267723083,
    0.4800717532634735,
    0.07804000377655029,
    0.004696820396929979,
    0.553981602191925,
    0.4371545612812042,
    0.15930315852165222,
    0.43623650074005127,
    0.8979583382606506,
    0.07657141238451004,
    0.570900559425354,
    0.6125852465629578,
    0.6634575128555298,
    0.6145442724227905,
    0.6665029525756836,
    0.3990934491157532,
    0.523094117641449,
    0.3769235610961914,
    0.632840096950531,
    0.1985204517841339,
    0.6160106658935547,
    0.48324501514434814,
    0.5506771802902222,
    0.7144531607627869,
    0.10614621639251709,
    0.18038219213485718,
    0.16611526906490326,
    0.528522789478302,
    0.35530054569244385,
    0.6535341143608093,
    0.020300917327404022,
    0.9499568343162537,
    0.04163413494825363,
    0.3199309706687927,
    0.6563787460327148,
    0.6836531758308411,
    0.3939133286476135,
    0.3017636835575104,
    0.7993844151496887,
    0.6541438698768616,
    0.6906533241271973,
    0.4738992154598236,
    0.7749539613723755,
    0.6566815972328186,
    0.7788382768630981,
    0.6539768576622009,
    0.769188642501831,
    0.2830049395561218,
    0.10736434161663055,
    0.6590818762779236,
    0.11527293920516968,
    0.3843974173069,
    0.6830387115478516,
    0.7453495264053345,
    0.3052510917186737,
    0.4669041633605957,
    0.02687155082821846,
    0.3651297092437744,
    0.8069592118263245,
    0.25242817401885986,
    0.2314079850912094,
    0.2364482581615448,
    0.13736923038959503,
    0.6120468974113464,
    0.12426774203777313,
    0.700364351272583,
    0.11118734627962112,
    0.0039448486641049385,
    0.4347807765007019,
    0.39555126428604126,
    0.8153032064437866,
    0.4817267954349518,
    0.07597167789936066,
    0.39480459690093994,
    0.7998189926147461,
    0.5538371801376343,
    0.5060092806816101,
    0.3983317017555237,
    0.4998873770236969,
    0.5577947497367859,
    0.588020384311676,
    0.4967801570892334,
    0.9500149488449097,
    0.34690162539482117,
    0.8388080596923828,
    0.6303781867027283,
    0.12584322690963745,
    0.26832035183906555,
    0.09324400126934052,
    0.4908224046230316,
    0.30618226528167725,
    0.054789554327726364,
    0.08657576888799667,
    0.040412768721580505,
    0.30154451727867126,
    0.049592211842536926,
    0.22570447623729706,
    0.012773346155881882,
    0.4313559830188751,
    0.4994451403617859,
    0.5100498199462891,
    0.07697967439889908,
    0.21923276782035828,
    0.22995644807815552,
    0.5153905153274536,
    0.6905104517936707,
    0.017184389755129814,
    0.251372754573822,
    0.14692407846450806,
    0.1733873337507248,
    0.6510891914367676,
    0.46116170287132263,
    0.38498660922050476,
    0.07678946107625961,
    0.17117731273174286,
    0.20607949793338776,
    0.7291887402534485,
    0.16019529104232788,
    0.3837641775608063,
    0.5088397860527039,
    0.2779451310634613,
    0.27238473296165466,
    0.13905072212219238,
    0.2777336835861206,
    0.39500850439071655,
    0.5772727131843567,
    0.854553759098053,
    0.22407403588294983,
    0.8065954446792603,
    0.9740200042724609,
    0.09181926399469376,
    0.7531454563140869,
    0.15181009471416473,
    0.28370288014411926,
    0.1320042461156845,
    0.915121853351593,
    0.7892804741859436,
    0.6636335849761963,
    0.19438563287258148,
    0.1925334334373474,
    0.20469224452972412,
    0.08494606614112854,
    0.38951942324638367,
    0.19881680607795715,
    0.49950599670410156,
    0.7093194723129272,
    0.25980010628700256,
    0.06044624000787735,
    0.3549273610115051,
