{
  "model": "MLP",
  "protocol": "debug",
  "seed": 0,
  "timestamp": "2026-04-17T07:28:03.178626Z",
  "hyperparameters": {
    "architecture": "128-ReLU-Drop(0.3)-64-ReLU-1",
    "lr_grid": [
      0.0001,
      0.001,
      0.01
    ],
    "best_lr": 0.001,
    "epochs": 100,
    "optimizer": "Adam",
    "weight_decay": 0.0001,
    "pos_weight": 2.9172,
    "standardised": true
  },
  "test_metrics": {
    "acc": 0.7068965517241379,
    "macro_f1": 0.6959605303731113,
    "bal_acc": 0.7416666666666667,
    "nll": 0.6821971484091612,
    "ece": 0.45788130054956877,
    "brier": 0.21044716711554992
  },
  "test_probs": [
    0.7482390403747559,
    0.6686990261077881,
    0.7517309784889221,
    0.2964991331100464,
    0.14750637114048004,
    0.2256283164024353,
    0.2971734404563904,
    0.8205833435058594,
    0.6250661611557007,
    0.34202033281326294,
    0.2822612524032593,
    0.5499831438064575,
    0.8287058472633362,
    0.4169471561908722,
    0.7008339762687683,
    0.7111042737960815,
    0.8130561113357544,
    0.25352245569229126,
    0.9136640429496765,
    0.6677836179733276,
    0.5291509032249451,
    0.3068495988845825,
    0.2795509696006775,
    0.004716757219284773,
    0.18540562689304352,
    0.5580834150314331,
    0.22608989477157593,
    0.8650261163711548,
    0.9267280697822571,
    0.8088046312332153,
    0.05493972823023796,
    0.1518060714006424,
    0.8223592042922974,
    0.12405604124069214,
    0.26089712977409363,
    0.9795825481414795,
    0.5936688780784607,
    0.9475072026252747,
    0.44943955540657043,
    0.21298357844352722,
    0.6361640095710754,
    0.2714848518371582,
    0.06398215889930725,
    0.4414777159690857,
    0.19500324130058289,
    0.22791899740695953,
    0.4348390996456146,
    0.14246560633182526,
    0.7280243635177612,
    0.17519497871398926,
    0.9214023351669312,
    0.4036730229854584,
    0.8273597359657288,
    0.9789271950721741,
    0.9352725148200989,
    0.3770056664943695,
    0.9716641902923584,
    0.9792807698249817
  ]
}