{
  "mean_acc": [
    0.696970637859511,
    0.7104039902619281,
    0.7154181000941235,
    0.7099903262786331,
    0.7085009613226139
  ],
  "worst_acc": [
    0.16666666666666666,
    0.25,
    0.25,
    0.25,
    0.25
  ],
  "mean_f1": [
    0.6315892566739568,
    0.6475675422894592,
    0.6539504604066491,
    0.6478044579075138,
    0.6455592090118779
  ],
  "worst_f1": [
    0.16083916083916083,
    0.24475524475524477,
    0.24475524475524477,
    0.24475524475524477,
    0.24475524475524477
  ],
  "mean_bal_acc": [
    0.6794818505709089,
    0.6860188355172648,
    0.6921737701893917,
    0.6866183771525591,
    0.6852949696174835
  ],
  "worst_bal_acc": [
    0.4583333333333333,
    0.42857142857142855,
    0.42857142857142855,
    0.42857142857142855,
    0.42857142857142855
  ]
}