{
  "model": "LogisticRegression",
  "protocol": "one_city_out_v2",
  "seed": 2,
  "timestamp": "2026-04-15T04:33:27.859652Z",
  "hyperparameters": {
    "C_grid": [
      0.01,
      0.1,
      1.0,
      10.0
    ],
    "best_C": 0.1,
    "max_iter": 1000,
    "class_weight": "balanced",
    "standardised": true
  },
  "test_metrics": {
    "acc": 0.6990595611285266,
    "macro_f1": 0.682429069188651,
    "bal_acc": 0.7278250591016548,
    "nll": 0.5918211845125436,
    "ece": 0.4358546413257317,
    "brier": 0.20398919916526093
  },
  "test_probs": [
    0.6601973308766379,
    0.7691844394766527,
    0.32317206707872337,
    0.7846846550876702,
    0.12669900009358867,
    0.3218176528940491,
    0.16463372606043378,
    0.6254039403649054,
    0.1538275437894908,
    0.17795494495038372,
    0.4236077338244379,
    0.7326700838381195,
    0.6227648644447771,
    0.14402083194239304,
    0.4455124650364254,
    0.18893084842528143,
    0.021515084412378878,
    0.31478100047534807,
    0.12879514841354808,
    0.7934433681546349,
    0.11178319273924434,
    0.5113746003529887,
    0.14362246312192425,
    0.9016941506257034,
    0.7995174973836775,
    0.38051873272596776,
    0.17240583544014426,
    0.6176847058126567,
    0.667860098173281,
    0.015671711276592018,
    0.4330936868448417,
    0.750332281334146,
    0.496982143626758,
    0.3772944522488923,
    0.6665429685418615,
    0.2097399625724816,
    0.4752210129003215,
    0.7148677068734542,
    0.909128827449033,
    0.7535292970162414,
    0.16477582567257706,
    0.17747457273177092,
    0.21674374196508228,
    0.7292417556427189,
    0.35501763294168703,
    0.06949116265880258,
    0.16600637661344006,
    0.6838435813205199,
    0.09532808537906552,
    0.12786840608156386,
    0.6255261971724596,
    0.5006805712825609,
    0.8728708290023696,
    0.08894094188908791,
    0.10557588003950147,
    0.16715286784501934,
    0.36629447145375865,
    0.1356826519361292,
    0.6273351779547929,
    0.15229790602911258,
    0.08830657621587329,
    0.47041451376092175,
    0.3557984895537415,
    0.4373252178085839,
    0.4186512035080266,
    0.577948476857985,
    0.47037211952016816,
    0.24973189489686146,
    0.3355649004336307,
    0.3115367434169731,
    0.6359660108417967,
    0.9033887783753273,
    0.6493451461356685,
    0.7102806701290825,
    0.6645390191039717,
    0.6296136206798048,
    0.4898252929024926,
    0.69895028485783,
    0.21318095814696436,
    0.13408924364367747,
    0.7242673843226072,
    0.5907504186659899,
    0.40405124884922056,
    0.9215518803707824,
    0.7237911627594414,
    0.28256239120442217,
    0.5726485572609943,
    0.1735933485599073,
    0.01985165743726846,
    0.23514031992309545,
    0.32007032232113997,
    0.5655731059405861,
    0.21265867510924094,
    0.11754309325702728,
    0.22971831164289605,
    0.8047438215349214,
    0.7901143933251104,
    0.4750995457192711,
    0.5041524288141244,
    0.5811984766612548,
    0.12399067593233103,
    0.4573567295597767,
    0.4247549011217862,
    0.25739007228027916,
    0.006797656090604286,
    0.14594265823124183,
    0.10060290545059661,
    0.17341527949282443,
    0.4884704194841854,
    0.1983009590341368,
    0.5320299781020508,
    0.2655910867724212,
    0.30092221319599166,
    0.8806704311582275,
    0.09605534225719746,
    0.2456288473669085,
    0.4293911228775866,
    0.6298414412034303,
    0.023152473018910564,
    0.13736146991200016,
    0.06478652971761471,
    0.17699309821368583,
    0.3208741242054577,
    0.2791905588517729,
    0.6978489407284671,
    0.564011341044915,
    0.32888709165083896,
    0.02617708752145852,
    0.6566395613626665,
    0.6815461586537441,
    0.5753946547230049,
    0.045800422262446634,
    0.6315643546294235,
    0.09326529558707794,
    0.8068412518376084,
    0.41125947820775705,
    0.9464583158840311,
    0.1740975929341527,
    0.601072359331907,
    0.5116769184189666,
    0.10871427230921892,
    0.6259303626830918,
    0.1752625024454766,
    0.2274058817037478,
    0.28051621249405934,
    0.7065560959932199,
    0.5117860914771976,
    0.7155882051266232,
    0.34849141217841373,
    0.01653225970129407,
    0.6901495979580261,
    0.5812543700094382,
    0.2801442994416108,
    0.42096450713709627,
    0.9170641461542475,
    0.4623858221968708,
    0.6953016966823243,
    0.6866282933561023,
    0.7517654260874719,
    0.7275734875863767,
    0.6763588184867065,
    0.470193719006128,
    0.6842564592408908,
    0.6303571103554528,
    0.7495677351234283,
    0.41724130862906733,
    0.6496093585824297,
    0.7293789866762942,
    0.7858500561200892,
    0.6677221165052014,
    0.14057881846342996,
    0.24828372691316347,
    0.2262990403382501,
    0.615078995834665,
    0.4776830237364477,
    0.7760653675855905,
    0.07809564239166869,
    0.9584901071645636,
    0.1281419584850712,
    0.46368074173999285,
    0.7590839203607354,
    0.7402768267051859,
    0.515049716724795,
    0.43357002977760745,
    0.9091494414406665,
    0.7204127444924529,
    0.7713459448670069,
    0.4568540206846998,
    0.799904751415655,
    0.731764756258707,
    0.7688843111684284,
    0.7392364361031437,
    0.873940755018518,
    0.3228058012175273,
    0.20755504340323844,
    0.7590830999131288,
    0.165703971776874,
    0.5543766327714256,
    0.8904025066920676,
    0.7721285037885381,
    0.4415257663942763,
    0.5687193994066623,
    0.10409853333037873,
    0.5158690610502547,
    0.8804440319062646,
    0.4528191459379505,
    0.36756704649832544,
    0.29296331199483977,
    0.21244324257872005,
    0.7263653401508433,
    0.1645462089967989,
    0.8076467794749576,
    0.15734085813028947,
    0.015310117270385075,
    0.6195647004631846,
    0.47221226036741626,
    0.8732925415663406,
    0.570603302231188,
    0.12013210892431699,
    0.45358910934333063,
    0.8807609071762766,
    0.7423854455838347,
    0.5642085376549609,
    0.3273098607579491,
    0.4962014629752573,
    0.635771642246453,
    0.5860024386984108,
    0.6047305539830783,
    0.9845189664739374,
    0.48502623511285464,
    0.8998089638089226,
    0.6233928798599292,
    0.2845859549977621,
    0.3309359446474405,
    0.10294044358405764,
    0.695191058752048,
    0.26257461093510553,
    0.12801144795676458,
    0.10017682806453629,
    0.08680939265648409,
    0.5217359450592773,
    0.14290118524481607,
    0.2768692136569403,
    0.044234873387587366,
    0.46714223971785274,
    0.5789468865165616,
    0.5539741706072142,
    0.16432678702104567,
    0.27592955094323957,
    0.2524054298895441,
    0.5552967352797867,
    0.6970365340404239,
    0.030935316193055895,
    0.41658162639104795,
    0.12432526088700672,
    0.19229755608443036,
    0.6581284176054321,
    0.6854925925358492,
    0.42289487504254264,
    0.11171062544084887,
    0.356747004680201,
    0.3988735408833055,
    0.7444426929297009,
    0.21214756154955028,
    0.5737459540434418,
    0.6171859913954902,
    0.3157548125410937,
    0.4142908137377332,
    0.227146247911316,
    0.5226468005809356,
    0.6588121274879992,
    0.6621817841686357,
    0.7750978417189613,
    0.3484006511499255,
    0.8780410761018949,
    0.9769153092351168,
    0.199475910521085,
    0.7650228480577239,
    0.24521358958984418,
    0.7514269226736179,
    0.15616848144767295,
    0.951848590753271,
    0.8071327538101866,
    0.7558294550015737,
    0.281013985656785,
    0.343045177045322,
    0.7833049224075435,
    0.26070958507772474,
    0.7150704113473735,
    0.4504552648100977,
    0.6292668418683084,
    0.7681594433057685,
    0.5770127162317491,
    0.13580103486920736,
    0.33466806836132396,
    0.6566305834890843,
    0.7071993542993658,
    0.7439437436191754,
    0.3445959649621609,
    0.5344448550196554,
    0.4097978870486721,
    0.5908611273869722,
    0.3216069185502831,
    0.8256067903271967,
    0.9538201147122201,
    0.7795457512396059,
