{
  "model": "LogisticRegression",
  "protocol": "one_city_out_v2",
  "seed": 3,
  "timestamp": "2026-04-15T04:33:43.535933Z",
  "hyperparameters": {
    "C_grid": [
      0.01,
      0.1,
      1.0,
      10.0
    ],
    "best_C": 10.0,
    "max_iter": 1000,
    "class_weight": "balanced",
    "standardised": true
  },
  "test_metrics": {
    "acc": 0.6927899686520376,
    "macro_f1": 0.6758130081300814,
    "bal_acc": 0.7202836879432624,
    "nll": 0.5959325694401977,
    "ece": 0.43641326932238966,
    "brier": 0.2058812729492252
  },
  "test_probs": [
    0.6877869702501802,
    0.7575821786383747,
    0.3647560431957751,
    0.7654162431076005,
    0.13955155363126848,
    0.47375404746114136,
    0.18290706198145548,
    0.5966778577876908,
    0.16948482763950337,
    0.13471798294555584,
    0.4639074910950828,
    0.7323333731004481,
    0.6683442751282939,
    0.1298348303237084,
    0.04627057578169004,
    0.19086531786633382,
    0.010682344965119613,
    0.2907288181737933,
    0.11752097294006347,
    0.7447905350468281,
    0.09603505373503309,
    0.4874191702019977,
    0.13188651476487523,
    0.8553906912087591,
    0.8100648191745004,
    0.3921698239290473,
    0.19089567645630623,
    0.6022639702189105,
    0.658068353981792,
    0.010509661906253591,
    0.4267859736419181,
    0.7437729953370174,
    0.48433241612219835,
    0.3823868014573029,
    0.6541990654504153,
    0.18926542823328452,
    0.7705550934757582,
    0.6815933718561713,
    0.9123679038103731,
    0.7693174888489756,
    0.15854059317244715,
    0.16237033978139123,
    0.19721540995531336,
    0.7494975147033069,
    0.31480202271754887,
    0.0362327700217233,
    0.20103459672126156,
    0.664483503637835,
    0.0888921517298006,
    0.14707616742362387,
    0.6100886160412359,
    0.5148957464916601,
    0.8450086949614075,
    0.07262673446478332,
    0.0903475058245026,
    0.16682372730620043,
    0.40890236099197785,
    0.05416248283584367,
    0.6029661983977698,
    0.15825653841628123,
    0.08750993832837206,
    0.4992230272578499,
    0.3802660042011763,
    0.2861935787959476,
    0.46150390283299175,
    0.46837440226473026,
    0.45853169095959023,
    0.2753044313906976,
    0.3483999584605369,
    0.3642369778008414,
    0.6054852953723451,
    0.8949609659813111,
    0.7975409355987743,
    0.6971488281953047,
    0.6934919705450936,
    0.621796432272419,
    0.4878385982522203,
    0.6670990620709264,
    0.24238292456657867,
    0.16730488418469852,
    0.7858040558482905,
    0.573087226012145,
    0.3574515838223999,
    0.9216141547640141,
    0.7484468844463279,
    0.3219236394695786,
    0.5859391216294914,
    0.17762055467735632,
    0.014647335669656017,
    0.21417890580464963,
    0.3156945965166497,
    0.5478713525334566,
    0.20412637822897262,
    0.08486587985343921,
    0.2275247871777718,
    0.8143296658911331,
    0.7816700942183236,
    0.4342438265030679,
    0.48637639117110953,
    0.5764499501333991,
    0.11283104389824694,
    0.4841019959446866,
    0.3985459842212366,
    0.1796718423713703,
    0.00604824041402827,
    0.1700589452942069,
    0.10141367993207198,
    0.2937696615258754,
    0.5115862862862026,
    0.18652660535751273,
    0.5540456608760954,
    0.25642256175178674,
    0.33928128922416073,
    0.8790696591670357,
    0.04153927085863425,
    0.30246082240220346,
    0.48303948855680723,
    0.6306786866417095,
    0.014740785625625722,
    0.11971537506333248,
    0.0686972770776103,
    0.09024677005231214,
    0.3201910379768845,
    0.22599122059774485,
    0.6946802442641714,
    0.5548029195387096,
    0.22648852207973288,
    0.013893725293051018,
    0.6562535500375689,
    0.6615550136952025,
    0.5725699603054376,
    0.03127309712452026,
    0.6203563241260404,
    0.06711927127410328,
    0.8165874524552524,
    0.5476610092247846,
    0.9533485040573177,
    0.1786488996361113,
    0.5337950592733718,
    0.5178181207845399,
    0.12572719825999842,
    0.6193023473781302,
    0.1707871679850636,
    0.3692135365709538,
    0.32078446288211915,
    0.7042431576284301,
    0.5224622672436968,
    0.6401996151203685,
    0.29028188680297273,
    0.01821109964217847,
    0.7071100253105105,
    0.5612354274727523,
    0.20865780931481115,
    0.463964505590842,
    0.9193063255688865,
    0.3110349330423473,
    0.6904611397053473,
    0.6841536281832125,
    0.7531190146585935,
    0.6879157899305836,
    0.6863195919621075,
    0.44796583259590184,
    0.702042339440855,
    0.7021543899774297,
    0.6760481836774521,
    0.4189146285126254,
    0.5924089166024797,
    0.6578939994766952,
    0.7557917046750356,
    0.6500632537848364,
    0.13725149037968598,
    0.3117666561283326,
    0.2082062891065862,
    0.646794548396249,
    0.38897673983884906,
    0.7572383015725316,
    0.05968137447910852,
    0.9531244233559093,
    0.12105773329916443,
    0.5032943358426738,
    0.7658401534709814,
    0.7248159098838902,
    0.5022888485774254,
    0.42296780892609487,
    0.8769449751466978,
    0.6916829671435647,
    0.7574005898480908,
    0.4435846811072465,
    0.770644807061049,
    0.7091669367312329,
    0.7869471170330544,
    0.7036875675670995,
    0.8796096356048718,
    0.33469668604578845,
    0.29257444045279796,
    0.7613288001250326,
    0.1940419446027814,
    0.5530576985772132,
    0.8846483633548993,
    0.7632831284562565,
    0.41607919693701717,
    0.5263035381826607,
    0.060617191245865294,
    0.474127711905783,
    0.8759010244189372,
    0.41379080224217646,
    0.3291037847540191,
    0.30294136118396786,
    0.18984097145856751,
    0.7454235790325195,
    0.15831982569486508,
    0.7908830428571241,
    0.192046487576825,
    0.012363066943376454,
    0.5505222355286127,
    0.46713874506122194,
    0.8649356674243927,
    0.5372437943289528,
    0.1164792632571165,
    0.4774172995974408,
    0.8857633550407499,
    0.7893747522975071,
    0.5449463351003592,
    0.4505021095412343,
    0.5771028705021226,
    0.61335750092585,
    0.5560374007109885,
    0.5213222797849641,
    0.9828161669395251,
    0.4973559426553446,
    0.8940280540158616,
    0.6425396987157396,
    0.16575551005861197,
    0.2546913314301877,
    0.07307635683996531,
    0.6781193549716732,
    0.3099700722705981,
    0.08581995994665981,
    0.08273615188414599,
    0.072013741167092,
    0.5662681139906249,
    0.1142758064918649,
    0.28578099307479127,
    0.02553644771034594,
    0.6286360329313859,
    0.5395930019338061,
    0.5912542771974271,
    0.16666235956696066,
    0.2227468362937625,
    0.24297995011161283,
    0.5856059823489976,
    0.7304242414569271,
    0.02224335641326232,
    0.4318373442389285,
    0.13706151839866063,
    0.20863306649012994,
    0.6416906767584651,
    0.6743105963136858,
    0.3861150943106671,
    0.12059915800559602,
    0.41814578956635984,
    0.4350603443055719,
    0.7741069681038381,
    0.21176889849960784,
    0.5631743527788201,
    0.6079850752784274,
    0.297941505163771,
    0.39509154637661703,
    0.2136542917872674,
    0.4992549185917114,
    0.8402108531788341,
    0.6687310966746819,
    0.7612841513671953,
    0.3599680950852399,
    0.9298721444068432,
    0.9747589043028704,
    0.26115516595089594,
    0.7762230449111744,
    0.4255250519183456,
    0.7908731380527356,
    0.1270002470056956,
    0.95203519501376,
    0.8049306517287421,
    0.7403849920240798,
    0.283626194107462,
    0.31844365550328796,
    0.824779640518035,
    0.1816586486818306,
    0.6990266601017295,
    0.40468268463386736,
    0.6599827055401373,
    0.761512435287024,
    0.5746707227657318,
    0.14564790710319678,
    0.25930713173036146,
    0.11480745967763269,
    0.6569390815851555,
    0.744754386151181,
    0.3803527403869096,
    0.6360756567281134,
    0.4079945490667134,
    0.5328891694728171,
    0.29509928604183167,
    0.8059858416790113,
    0.957406353285209,
    0.7586726466003529,
