{
  "model": "LogisticRegression",
  "protocol": "one_city_out_v2",
  "seed": 0,
  "timestamp": "2026-04-15T04:32:57.412619Z",
  "hyperparameters": {
    "C_grid": [
      0.01,
      0.1,
      1.0,
      10.0
    ],
    "best_C": 10.0,
    "max_iter": 1000,
    "class_weight": "balanced",
    "standardised": true
  },
  "test_metrics": {
    "acc": 0.6739811912225705,
    "macro_f1": 0.6579793814432989,
    "bal_acc": 0.703853427895981,
    "nll": 0.5845528417618092,
    "ece": 0.4372071376093864,
    "brier": 0.20202046399832718
  },
  "test_probs": [
    0.6962579962574531,
    0.7828906222590754,
    0.3382105559435446,
    0.77102923818317,
    0.13902917860366618,
    0.3848500700093831,
    0.17845073678739912,
    0.5897825936148225,
    0.14867153330775204,
    0.18911400632143655,
    0.43785272955486854,
    0.7399179587781928,
    0.5775624240983549,
    0.14246185521323274,
    0.05775003677922134,
    0.20017298374354622,
    0.018503947232095648,
    0.3354321087957989,
    0.11099725634947655,
    0.783910489400914,
    0.09861983149579891,
    0.5029143602527402,
    0.1422143987858793,
    0.9246769216995542,
    0.8106271755551231,
    0.3895353443768303,
    0.17141565550374746,
    0.6585856415242035,
    0.7295051824812648,
    0.014771010377790725,
    0.4119558150575582,
    0.7589203801121989,
    0.48353792750399804,
    0.39755328425332176,
    0.6710289656015437,
    0.19155875214861665,
    0.014143942742263015,
    0.7020275507633174,
    0.9110035259574517,
    0.7414407189378125,
    0.159509096193772,
    0.20263451557375353,
    0.21394257035068284,
    0.7376026818289059,
    0.30163976170759615,
    0.0594386418337875,
    0.16768649696618446,
    0.7063047048864194,
    0.10118209542145398,
    0.13664181230161826,
    0.6000681832052833,
    0.5319883593518029,
    0.8491841896266543,
    0.08193287317682227,
    0.10677170831988708,
    0.15488516998757942,
    0.3849828512064929,
    0.08327287359810179,
    0.591471810924079,
    0.15578136450629507,
    0.09288329170270995,
    0.48746741423760437,
    0.40099158546605473,
    0.29077194693830805,
    0.48521640341534966,
    0.5248085909875342,
    0.4737689581422036,
    0.28126434626498625,
    0.3569349423017761,
    0.32529175354640455,
    0.6972012766134218,
    0.9036229909080651,
    0.7949176399116586,
    0.7157784541237674,
    0.6914920811665811,
    0.6059190670365167,
    0.5036932673183518,
    0.6786103663710465,
    0.23009588798476335,
    0.15287686260005365,
    0.7804932809441388,
    0.6142318835769838,
    0.4530424535183727,
    0.9249802305284922,
    0.7309410743717463,
    0.31676933913281885,
    0.5994332191626526,
    0.1779623496668118,
    0.022448724453716738,
    0.23141579558262093,
    0.33740407185771126,
    0.5477021673038264,
    0.21162863673142035,
    0.10435301430267964,
    0.2347047595595587,
    0.7998344282490131,
    0.7838175447912739,
    0.4741907698513474,
    0.49693424336934416,
    0.5550913923800277,
    0.1241262229849301,
    0.4456129613584534,
    0.4072746231863928,
    0.23613490736903003,
    0.00898026082097885,
    0.16660267568351714,
    0.10083366346014662,
    0.18661551317145086,
    0.5196794378136226,
    0.18846879369093392,
    0.5677393444060603,
    0.2563564914002114,
    0.34728393718660416,
    0.8870603104964488,
    0.058924914410811075,
    0.2882908190404153,
    0.4578601149244544,
    0.6358159747835593,
    0.02129305534290256,
    0.12508476578260966,
    0.07197110302240364,
    0.14843826646643649,
    0.3497347172519228,
    0.28683719557942,
    0.6853270299972398,
    0.5483763623928937,
    0.2704587502902554,
    0.023931770253569053,
    0.6371066900611152,
    0.6835188655304503,
    0.6009190851109356,
    0.0503653065629032,
    0.6398026374610842,
    0.08534370458316802,
    0.8323635047487753,
    0.5172052645521452,
    0.945254419440904,
    0.1835115838091173,
    0.6002019017016467,
    0.5256798900563906,
    0.12788546089758088,
    0.6043653626834241,
    0.1835220227291317,
    0.3503475765953812,
    0.367654207624133,
    0.6998140486295485,
    0.49852514049714447,
    0.7112284127674958,
    0.39377507471007933,
    0.01715879903282705,
    0.7137010756859202,
    0.5585525918219482,
    0.22315913931348857,
    0.4429807574928361,
    0.9368191758176712,
    0.4265152603143663,
    0.6900570762574706,
    0.7328783095973974,
    0.7497797195749797,
    0.7109635852152264,
    0.7050814499098687,
    0.5216695904330034,
    0.7298089835714917,
    0.6507478322935818,
    0.7214028471240226,
    0.3999647211550147,
    0.6592996777375321,
    0.7162290581451873,
    0.7890828162504784,
    0.6550767614139921,
    0.14922854845345473,
    0.26733341053124077,
    0.22822934028360267,
    0.6204978665842583,
    0.4264603783697277,
    0.7096770739486752,
    0.07759969347945374,
    0.9582508755081595,
    0.1270608893211996,
    0.5599150041268882,
    0.7537697057141297,
    0.7208097925032598,
    0.49985860501730894,
    0.4565720399242588,
    0.8822017245780099,
    0.7238875770963544,
    0.7494629323492549,
    0.5124554700062606,
    0.7862170221546219,
    0.704107743276016,
    0.7825567524277698,
    0.7541678496916092,
    0.8793453073246945,
    0.2959557000518967,
    0.2147719723917639,
    0.7471232145099732,
    0.18686192067213123,
    0.5968081956119556,
    0.8957253376934267,
    0.7832725837001692,
    0.42546530139790095,
    0.5396210513374354,
    0.08324660404017376,
    0.5011965912907407,
    0.8779583806139131,
    0.4799288185479345,
    0.3518394493473015,
    0.326867176306201,
    0.21959251275073852,
    0.7425062102211284,
    0.17059073584729564,
    0.8153814268804311,
    0.2048331566503757,
    0.01687904272036567,
    0.6105195545233947,
    0.44347770109954326,
    0.8649613041958343,
    0.5787712301701248,
    0.11882687935906693,
    0.5076990169807979,
    0.8810175975561978,
    0.7971541704814544,
    0.5950450058897274,
    0.43334474844297055,
    0.5193709813596384,
    0.6027267622055251,
    0.571336164341896,
    0.5850554227547061,
    0.99023533295427,
    0.47437110805806554,
    0.8942403626521637,
    0.6366801158872516,
    0.25148465370966444,
    0.3447668140071459,
    0.08768967649727667,
    0.6944505428291736,
    0.30255255300499706,
    0.11478945743227474,
    0.0951822171755346,
    0.09442833399403383,
    0.5657742414251704,
    0.14009394733940816,
    0.2819897617034685,
    0.038133726173080223,
    0.5253276872289323,
    0.5514277195486462,
    0.6034372549220391,
    0.14497691406644175,
    0.21736750667636798,
    0.22991823237286207,
    0.5568164578698819,
    0.7144638059829643,
    0.03511424624315609,
    0.4156796055384293,
    0.1366675923000174,
    0.25510426401875647,
    0.6624047240189187,
    0.6477011420715625,
    0.39367805159237995,
    0.1462431855677397,
    0.3236859457792589,
    0.4621534502044116,
    0.7628510427676003,
    0.2179654159884932,
    0.5836218825107686,
    0.6058870289249909,
    0.3038244874272982,
    0.4176096590389676,
    0.2534971342767995,
    0.5010781911894602,
    0.02362287435861806,
    0.6556842268290572,
    0.7776713496926142,
    0.3748440796328739,
    0.887234529041111,
    0.9796463758440809,
    0.26925471134027884,
    0.7592709944123782,
    0.31159230102887503,
    0.7014250099369868,
    0.14603413104806462,
    0.9590495580007221,
    0.8391866727870696,
    0.7323798170498439,
    0.2623998004120735,
    0.3115827071417508,
    0.8364134962629739,
    0.24008142247801506,
    0.734884295145619,
    0.42967467542953885,
    0.6630711844644719,
    0.7722991931077532,
    0.5760253356642788,
    0.147461353586322,
    0.26108593061589214,
    0.12401376432502587,
    0.7249223241815324,
    0.7911849942855113,
    0.33765263562844106,
    0.6386873118401086,
    0.45268051317054336,
    0.5829966706701051,
    0.3306315686928429,
    0.8153280041402704,
    0.9556594053207831,
    0.7769280800119833,
