{
  "model": "LogisticRegression",
  "protocol": "one_city_out_v2",
  "seed": 1,
  "timestamp": "2026-04-15T04:33:13.875475Z",
  "hyperparameters": {
    "C_grid": [
      0.01,
      0.1,
      1.0,
      10.0
    ],
    "best_C": 0.1,
    "max_iter": 1000,
    "class_weight": "balanced",
    "standardised": true
  },
  "test_metrics": {
    "acc": 0.6959247648902821,
    "macro_f1": 0.6776267125071627,
    "bal_acc": 0.7194089834515367,
    "nll": 0.588459959192925,
    "ece": 0.43727187288384006,
    "brier": 0.20242931788165136
  },
  "test_probs": [
    0.6798931801104872,
    0.7534521286954527,
    0.3047591738129637,
    0.7668299327676006,
    0.14399853876313334,
    0.38113587650148456,
    0.16791191939553268,
    0.6022892802901585,
    0.1604816735058849,
    0.13277687511413513,
    0.4375071311562115,
    0.742558791090721,
    0.6440515210199957,
    0.11549077858091625,
    0.41175268042767543,
    0.1852900435269295,
    0.011154695564935615,
    0.300260086764425,
    0.11876451389226277,
    0.7928283028895912,
    0.09443765560650925,
    0.49855411018650164,
    0.11798910161595016,
    0.8697629579715879,
    0.8050796108599284,
    0.39912548921656843,
    0.19497307056111599,
    0.6042816900630832,
    0.6955207904213461,
    0.010174294678252876,
    0.38614312437821224,
    0.7406322524736605,
    0.45772099156604085,
    0.40436471312306294,
    0.6566887576675883,
    0.174102128805038,
    0.460164374692439,
    0.7186903120629841,
    0.8973510590276138,
    0.7645610097585465,
    0.1512926437512179,
    0.17683340220000152,
    0.2235700139256457,
    0.7357607784655249,
    0.24479263690751188,
    0.046291338512081566,
    0.18544102078927927,
    0.7294813425810328,
    0.0920690934787529,
    0.12312629445238796,
    0.6073107489439774,
    0.5311358872502471,
    0.8873862558094874,
    0.07538896531586105,
    0.10385479537820773,
    0.17063312169194025,
    0.3973753713085619,
    0.10684141686390472,
    0.6194043002526296,
    0.14662189313043428,
    0.10202565818852888,
    0.49875075191491025,
    0.34349844109360805,
    0.47703762413836687,
    0.49640297842014375,
    0.4743436110470019,
    0.5285113450240507,
    0.29848557569172385,
    0.32747702222081715,
    0.3017927428421382,
    0.6349541401850436,
    0.9049133863878112,
    0.685182508030677,
    0.7218375606498937,
    0.669857378400013,
    0.6063998472113129,
    0.478799366191795,
    0.7183438472220801,
    0.22088201957591622,
    0.13204298875303555,
    0.711456864796865,
    0.6063212653757662,
    0.39539174166501484,
    0.9209024588523258,
    0.7336636797602293,
    0.30379233752727847,
    0.5461529529178286,
    0.1609393895770635,
    0.017352544804658507,
    0.18035062930555154,
    0.31911995047984626,
    0.5343994325451418,
    0.171065973459083,
    0.08034641201489034,
    0.22606696030383308,
    0.784460497742071,
    0.8040185700144469,
    0.5058955894211148,
    0.49158548714093847,
    0.5494163514559647,
    0.1204743049612048,
    0.41662473044806436,
    0.3947080321869006,
    0.21331163454570817,
    0.008226890519692885,
    0.1877852897252774,
    0.10290443657916762,
    0.18904962240983472,
    0.5220653726281141,
    0.21228124463833775,
    0.5909476286175396,
    0.2333198352401493,
    0.3308104054252968,
    0.8896397365786493,
    0.04789027752731134,
    0.23505887163597083,
    0.44544752921004604,
    0.6862912114824155,
    0.014407004111566969,
    0.11819852896213923,
    0.06925736748979158,
    0.1579772667151114,
    0.31118700986156006,
    0.2038324038269022,
    0.7081267256776019,
    0.5367509403056567,
    0.25276359072981663,
    0.013237201626279825,
    0.6383848903712511,
    0.6945084045516431,
    0.6238113766135311,
    0.039120556703717585,
    0.6448242832350877,
    0.07284552174142048,
    0.8147137678964149,
    0.5668709570842221,
    0.940758132363838,
    0.1868504329439015,
    0.559999512348298,
    0.5332952977022395,
    0.138658818292381,
    0.5948852067561503,
    0.1834680757814337,
    0.37812399959534215,
    0.2428198634926497,
    0.7049902962729303,
    0.4991716228436588,
    0.6639976167221644,
    0.2503350898497485,
    0.012678846382744446,
    0.7206373900300843,
    0.5318053255297612,
    0.246009149429728,
    0.41605270115387677,
    0.9272178205640965,
    0.1475900185394427,
    0.692718843454308,
    0.7651649360377486,
    0.7479835541826088,
    0.7210766487389467,
    0.716346957648834,
    0.43278754850866524,
    0.6935266864399637,
    0.6982989265257405,
    0.6631489245927661,
    0.36691629937696013,
    0.6942580144287654,
    0.6716290883153858,
    0.7778465284996511,
    0.6721640117002876,
    0.13604630266905593,
    0.2783025991511933,
    0.25233831684401176,
    0.6021818691482244,
    0.42366540490217586,
    0.8083752903272209,
    0.058902119624201735,
    0.9616442899925478,
    0.11324776825292177,
    0.4780954495723786,
    0.7360224289077767,
    0.7168760520673203,
    0.48939861732076667,
    0.4371880050930392,
    0.8884798683709385,
    0.7317318067102514,
    0.7541375471645566,
    0.4826978597954807,
    0.7930342533709612,
    0.6988680471472216,
    0.7679111350461075,
    0.7459835302344651,
    0.8682596773739991,
    0.3450165403042072,
    0.2504748130682414,
    0.7320904864119722,
    0.16399807900903146,
    0.525699217281447,
    0.9087658573257235,
    0.7592473925922478,
    0.4096628438904509,
    0.550895402464004,
    0.06780804833142094,
    0.46977653948382186,
    0.8847011736504766,
    0.45170407089913256,
    0.3944315199553471,
    0.3183075248291292,
    0.20685844177790422,
    0.7476938771384681,
    0.1658213981430822,
    0.8168238427704269,
    0.17835040744711952,
    0.013271382339303115,
    0.5818347133762645,
    0.41541422300280706,
    0.8790794932032404,
    0.6060969633514489,
    0.1182276578583174,
    0.4984591477744467,
    0.8837597823847569,
    0.7924857437427005,
    0.5707772217223374,
    0.3646804994369896,
    0.6123410364408058,
    0.628019839193801,
    0.5861050142678506,
    0.7233002038909282,
    0.986648584661829,
    0.4775281489336543,
    0.9018127021535116,
    0.6573245604127338,
    0.22017452638448953,
    0.31287306351005323,
    0.10072233124812581,
    0.7218267908702487,
    0.29197802966988284,
    0.08969878618905074,
    0.09708978556477794,
    0.05498305687414771,
    0.4851909964932086,
    0.10663898345665337,
    0.27518877254500973,
    0.030582719016166632,
    0.486078995537432,
    0.580367758473777,
    0.5916285548465815,
    0.17399691499734835,
    0.23473725700177583,
    0.229548505914439,
    0.5487223732554799,
    0.7504029816055146,
    0.03745666425149885,
    0.4520200096513099,
    0.14161057973044897,
    0.27373202582782546,
    0.6726426941245092,
    0.7024043362637696,
    0.4109139726184521,
    0.09356443907969475,
    0.4280501409570668,
    0.3924309327284128,
    0.7385654526365542,
    0.2091500202005744,
    0.5839581469094357,
    0.6002382027909986,
    0.28422320185100913,
    0.39004612503494185,
    0.2167872969020281,
    0.4676764925208892,
    0.5466772282043563,
    0.6711960535050273,
    0.7876864370578086,
    0.3660658647269839,
    0.9206554780281113,
    0.977989306675614,
    0.20901975208851484,
    0.7485910737771493,
    0.33138841524228996,
    0.7583386367417603,
    0.1422670830943529,
    0.9546446005164234,
    0.8253084951717982,
    0.7353860737843856,
    0.2518483747347585,
    0.2924587427182126,
    0.7634994675730952,
    0.18988363229410868,
    0.667602046369374,
    0.4339342224989871,
    0.668042745816229,
    0.7457605368685066,
    0.515999556938368,
    0.12012651747558467,
    0.27562220260227943,
    0.6654524830452129,
    0.6783576780563069,
    0.7118496105094075,
    0.30868133541581516,
    0.6030129322196129,
    0.4245101440612495,
    0.5926293136700587,
    0.28916870464448785,
    0.7985466281087472,
    0.952887091645766,
    0.7665834902879024,
