{
  "model": "LogisticRegression",
  "protocol": "one_city_out_v2",
  "seed": 4,
  "timestamp": "2026-04-15T04:33:58.648129Z",
  "hyperparameters": {
    "C_grid": [
      0.01,
      0.1,
      1.0,
      10.0
    ],
    "best_C": 10.0,
    "max_iter": 1000,
    "class_weight": "balanced",
    "standardised": true
  },
  "test_metrics": {
    "acc": 0.6739811912225705,
    "macro_f1": 0.6598589238845145,
    "bal_acc": 0.7100472813238771,
    "nll": 0.5928214550687606,
    "ece": 0.4361126917245743,
    "brier": 0.2043719386670892
  },
  "test_probs": [
    0.7217461697246687,
    0.7985263564520303,
    0.2755026956415325,
    0.7894302770129211,
    0.15718210599539598,
    0.42674651909621353,
    0.18892388970494606,
    0.6098961350064218,
    0.1873597103694296,
    0.1556422494278533,
    0.5091269448767365,
    0.7408228361640031,
    0.47817867991792484,
    0.16454684680070977,
    0.0594031731074501,
    0.19959099037382746,
    0.016738518726971515,
    0.32021852692245417,
    0.1276811179084553,
    0.7422762205082013,
    0.09147509870586294,
    0.5398595629857209,
    0.15923660569541415,
    0.8651870327317133,
    0.8380289441107918,
    0.4231861700616387,
    0.2103630255525192,
    0.6980830348027716,
    0.6932598174493133,
    0.01618437508090231,
    0.4186371411126268,
    0.7811997243470928,
    0.5171162045007566,
    0.401567746048613,
    0.677788065230735,
    0.20542118864977318,
    0.44711764658071534,
    0.7383762514186115,
    0.9215341372103301,
    0.7794034073816328,
    0.15608303506087087,
    0.219249168915225,
    0.22728857328013893,
    0.725692657846353,
    0.32614826810325426,
    0.05972410388889359,
    0.19006542727330805,
    0.7540195761282801,
    0.11500603349670978,
    0.14362230057092565,
    0.6176421722804176,
    0.548673723100876,
    0.9026885820132138,
    0.08373774455025858,
    0.12389803055302896,
    0.17345948229397656,
    0.4327419784683214,
    0.14925911146175355,
    0.6343390045974382,
    0.1489636234953289,
    0.09862633374821753,
    0.4792040581525767,
    0.40806992655050944,
    0.24819021381833578,
    0.5133935862096968,
    0.4613321052125031,
    0.5208529797348824,
    0.2978184212464083,
    0.3554311126062361,
    0.34270570405506806,
    0.6551274574795438,
    0.91505600261782,
    0.7174286574329853,
    0.7447741009715306,
    0.7014221197479118,
    0.6263601987866095,
    0.5108501767554413,
    0.6905100492049348,
    0.24071369156932568,
    0.15916974197960246,
    0.7459749625424336,
    0.6573747230825949,
    0.36938601514133457,
    0.9141754689515725,
    0.7609748302233769,
    0.3615551647776727,
    0.5501235062187902,
    0.1729898173352501,
    0.020335167117538404,
    0.22827598136351324,
    0.35667824841098145,
    0.5710308104238431,
    0.19281057311690716,
    0.09897110664527307,
    0.21426847210209363,
    0.8021572817692014,
    0.8082504987400035,
    0.4696015253182457,
    0.5140927371878145,
    0.6107936363143803,
    0.1285404913539456,
    0.4857882097457593,
    0.36360842505393676,
    0.17501990783386392,
    0.008562464722783374,
    0.19158537375859974,
    0.10792748346087895,
    0.2391441084778079,
    0.5705525491792482,
    0.23457912873244158,
    0.5938804812967888,
    0.2647371658640971,
    0.34301926017245216,
    0.9013568875620087,
    0.06163991416892666,
    0.2892955802645293,
    0.47727279148652496,
    0.7250475789295934,
    0.021723838853096433,
    0.1414056398544265,
    0.07463387031093452,
    0.1915027247677579,
    0.35949379341969245,
    0.17105089097920204,
    0.7326609679259635,
    0.5152300502244439,
    0.2711766497438512,
    0.020841731658313135,
    0.6432128073901525,
    0.7020720114451875,
    0.6388805609500262,
    0.042711781942454285,
    0.6716163884527827,
    0.08738055236481415,
    0.8293694728276548,
    0.5577561941854575,
    0.9551628943224802,
    0.18552052382388948,
    0.6131716488389203,
    0.5600418264009911,
    0.1445330906123332,
    0.6157956262949209,
    0.1967309282275259,
    0.395771810447707,
    0.36262001238296404,
    0.7042001892825815,
    0.5434933340048297,
    0.7227899393078528,
    0.17023538912051767,
    0.019828643674247446,
    0.7378873478984181,
    0.570213511412111,
    0.2644519553365135,
    0.4441438553551896,
    0.9483747287079272,
    0.402073657555886,
    0.7166281954645582,
    0.6269606104647101,
    0.7586937740755085,
    0.7461099570581871,
    0.7321451381148031,
    0.4913272573527524,
    0.7274008357800065,
    0.6996335929277389,
    0.7128182245842287,
    0.4334863998219942,
    0.6750922163481449,
    0.6832343694659855,
    0.7557848098788761,
    0.5317671929271127,
    0.1611261434905284,
    0.2924811549111286,
    0.25061608767373067,
    0.6341790476259155,
    0.45978232583908923,
    0.7242399725976502,
    0.07624588059706243,
    0.9578716166955831,
    0.12585305146068587,
    0.5111935048678151,
    0.7434002536619286,
    0.7062104060053276,
    0.5267382278486442,
    0.4711492643166007,
    0.8987599774341171,
    0.729551708368683,
    0.7723465336209735,
    0.5456293216012827,
    0.8146850738069541,
    0.7087417428763669,
    0.7644185865673236,
    0.7710998023291543,
    0.8977469661154872,
    0.30840217511496143,
    0.279458945798455,
    0.7393597568987885,
    0.18163846299888342,
    0.5794943251588834,
    0.9117892499139423,
    0.7603366080733068,
    0.44954797002871866,
    0.5249260894060238,
    0.09045220035931593,
    0.4771110686393379,
    0.8940381997936252,
    0.4552313974144207,
    0.38186289737204687,
    0.33380293202485,
    0.24820255469410513,
    0.7880472825439796,
    0.18778477238219463,
    0.8455749820177885,
    0.1740090228729499,
    0.017292900834227805,
    0.6297402539304157,
    0.4450694026667235,
    0.889644093410131,
    0.6158970520434167,
    0.14765227737704073,
    0.5388932151095813,
    0.8982421899203132,
    0.8169484438530876,
    0.6280377865333129,
    0.38076587512153803,
    0.5897654971260569,
    0.643938296220256,
    0.6140438816775049,
    0.6639081243601032,
    0.9897396930891279,
    0.5197794028515257,
    0.9030468445529078,
    0.653096288969646,
    0.2343550984394006,
    0.3295279706521909,
    0.10480109042146475,
    0.6167974471323623,
    0.28294598994200565,
    0.08964302228557389,
    0.09940765723890926,
    0.08076339272356332,
    0.4634688989954502,
    0.14431319999578832,
    0.2573962193442432,
    0.032497877235766116,
    0.5303194044865017,
    0.5472125847185364,
    0.6099755887419531,
    0.19550599488980694,
    0.20221189219142646,
    0.25877864424795527,
    0.5776669293480924,
    0.7312902873368433,
    0.0396405639489713,
    0.4774046350275963,
    0.15402054165344467,
    0.2403875116275473,
    0.6908523499893277,
    0.690989161739144,
    0.43743533200851076,
    0.12804251546460999,
    0.4736927703684332,
    0.40941181503731217,
    0.779438604545496,
    0.23878528385944092,
    0.6027181671330544,
    0.6095304225789075,
    0.331426179025129,
    0.4393188077299449,
    0.2434180816440675,
    0.5354982720480336,
    0.5354958573531339,
    0.6710580768792005,
    0.8387137472971588,
    0.36033952796411967,
    0.9329263362250867,
    0.984033035532468,
    0.2601105641992838,
    0.7680308854543767,
    0.33986049853390987,
    0.7155114764590386,
    0.13843405459174368,
    0.9617372381210461,
    0.8568777261281848,
    0.7304658159713071,
    0.29617018225294073,
    0.3458486441658997,
    0.875284397073084,
    0.24511557668811795,
    0.5755810158382413,
    0.4707876596261609,
    0.6860598652347044,
    0.755751941170587,
    0.5739665298781302,
    0.1518297802115276,
    0.2831387833580994,
    0.10330973614616291,
    0.6934030781736774,
    0.7893577868934278,
    0.374837616776504,
    0.6197089987846961,
    0.44744009440283883,
    0.6106592716557641,
    0.29616555942033196,
    0.8295737873638971,
    0.9589730613148599,
    0.7739698831789479,
