{
  "mean_acc": [
    0.7563320565405942,
    0.7762644007642601,
    0.7541132520900335,
    0.7604159374681742,
    0.7521579452519193
  ],
  "worst_acc": [
    0.5107665805340224,
    0.6223776223776224,
    0.375,
    0.5,
    0.4375
  ],
  "mean_f1": [
    0.664220774187464,
    0.6824787998564875,
    0.6646067495168166,
    0.6690666074879321,
    0.6626641802788241
  ],
  "worst_f1": [
    0.43421052631578944,
    0.44155844155844154,
    0.375,
    0.43749999999999994,
    0.43529411764705883
  ],
  "mean_bal_acc": [
    0.6686335798733362,
    0.6840677713027522,
    0.6714131367815425,
    0.6726295623877165,
    0.6724708380292443
  ],
  "worst_bal_acc": [
    0.4852941176470588,
    0.5,
    0.5,
    0.5,
    0.5
  ]
}