{
  "model": "GNN_IRM",
  "protocol": "one_city_out_v2",
  "seed": 3,
  "timestamp": "2026-04-16T18:47:44.669692Z",
  "hyperparameters": {
    "architecture": "SAGEConv-1layer+LinearHead",
    "hidden_dim": 64,
    "dropout": 0.5,
    "optimizer": "Adam",
    "lr": 0.01,
    "weight_decay": 0.0005,
    "epochs": 200,
    "patience": 20,
    "batch_size": 256,
    "num_neighbors": [
      20
    ],
    "n_envs": 3,
    "lambda_grid": [
      0.01,
      0.1,
      1.0,
      10.0
    ],
    "best_lambda": 0.1,
    "pos_weight": 1.7129,
    "weighting": "sqrt_inv_freq"
  },
  "test_metrics": {
    "acc": 0.7304075235109718,
    "macro_f1": 0.6901373452606849,
    "bal_acc": 0.7004964539007092,
    "nll": 0.5299889006412284,
    "ece": 0.44198814974543077,
    "brier": 0.17655027052882694
  },
  "test_probs": [
    0.6496326923370361,
    0.662615954875946,
    0.29188287258148193,
    0.7120141386985779,
    0.1596907526254654,
    0.11493601649999619,
    0.15409862995147705,
    0.49715226888656616,
    0.08841364830732346,
    0.04646894708275795,
    0.22026504576206207,
    0.5706658959388733,
    0.5972716808319092,
    0.07074027508497238,
    0.3758145868778229,
    0.16717706620693207,
    0.005838131066411734,
    0.07166992127895355,
    0.0521625280380249,
    0.5139862298965454,
    0.06630697846412659,
    0.3205416202545166,
    0.04805944487452507,
    0.5303813815116882,
    0.5363984107971191,
    0.3632546067237854,
    0.1604078710079193,
    0.8235612511634827,
    0.3689115047454834,
    0.001497481600381434,
    0.3172602951526642,
    0.6315489411354065,
    0.3774290978908539,
    0.5719285607337952,
    0.4885835647583008,
    0.05771413445472717,
    0.36616259813308716,
    0.5954591631889343,
    0.7877635359764099,
    0.7058563232421875,
    0.14332161843776703,
    0.17336058616638184,
    0.09733349084854126,
    0.8015998005867004,
    0.21682590246200562,
    0.05581751465797424,
    0.12854398787021637,
    0.6351631879806519,
    0.05718446150422096,
    0.13065017759799957,
    0.49266770482063293,
    0.48406273126602173,
    0.7572445869445801,
    0.03330661356449127,
    0.04750312119722366,
    0.11536349356174469,
    0.22590839862823486,
    0.10979647934436798,
    0.4750692844390869,
    0.16687630116939545,
    0.10669639706611633,
    0.38337358832359314,
    0.3629229664802551,
    0.3043333888053894,
    0.3122093975543976,
    0.4301413297653198,
    0.34873488545417786,
    0.2621915936470032,
    0.3449503779411316,
    0.25331181287765503,
    0.3205442726612091,
    0.8409503102302551,
    0.5654075741767883,
    0.6393781304359436,
    0.7024911046028137,
    0.49253371357917786,
    0.2443002313375473,
    0.5318232178688049,
    0.2035047560930252,
    0.06754953414201736,
    0.6669299602508545,
    0.3783603608608246,
    0.21724876761436462,
    0.9247942566871643,
    0.6246424317359924,
    0.2482355237007141,
    0.4866676926612854,
    0.16922232508659363,
    0.006976343225687742,
    0.2295002043247223,
    0.21915863454341888,
    0.4153370261192322,
    0.17738215625286102,
    0.04221579432487488,
    0.21647697687149048,
    0.6830782294273376,
    0.6011295914649963,
    0.24666890501976013,
    0.3774901032447815,
    0.5090445280075073,
    0.04188704490661621,
    0.3642909526824951,
    0.28585144877433777,
    0.1462244987487793,
    0.0008284958312287927,
    0.06722716242074966,
    0.07819201052188873,
    0.13983210921287537,
    0.42923352122306824,
    0.16424450278282166,
    0.5611687898635864,
    0.23799416422843933,
    0.12220638245344162,
    0.8613024950027466,
    0.020663660019636154,
    0.11526114493608475,
    0.30956143140792847,
    0.48790040612220764,
    0.0014547150349244475,
    0.050957199186086655,
    0.011630001477897167,
    0.02144126407802105,
    0.2886478006839752,
    0.17450539767742157,
    0.619838297367096,
    0.4699481427669525,
    0.15501517057418823,
    0.004127326421439648,
    0.5427533388137817,
    0.5656902194023132,
    0.5987374186515808,
    0.014699840918183327,
    0.5031901597976685,
    0.026837443932890892,
    0.6687458157539368,
    0.21347317099571228,
    0.9163970351219177,
    0.0549633726477623,
    0.41824960708618164,
    0.5250009298324585,
    0.10624970495700836,
    0.4967272877693176,
    0.16018499433994293,
    0.16882191598415375,
    0.1684207022190094,
    0.5736410021781921,
    0.4395468235015869,
    0.2939372956752777,
    0.11532773822546005,
    0.00400905916467309,
    0.5484544038772583,
    0.4020308256149292,
    0.1794607788324356,
    0.45529675483703613,
    0.9099838733673096,
    0.2855886220932007,
    0.5130833983421326,
    0.4727610647678375,
    0.5483219623565674,
    0.569139838218689,
    0.5667157173156738,
    0.4054570496082306,
    0.5653761029243469,
    0.37218382954597473,
    0.5767459869384766,
    0.30095788836479187,
    0.558876097202301,
    0.467964231967926,
    0.5853385329246521,
    0.5714127421379089,
    0.11294404417276382,
    0.2657153308391571,
    0.09621075540781021,
    0.5469473600387573,
    0.26700106263160706,
    0.6604310870170593,
    0.04231991618871689,
    0.9498730301856995,
    0.045066334307193756,
    0.4960290491580963,
    0.5666995644569397,
    0.5829303860664368,
    0.37936192750930786,
    0.22843655943870544,
    0.6693299412727356,
    0.5158537030220032,
    0.6181653141975403,
    0.4950943887233734,
    0.8015438914299011,
    0.6740313768386841,
    0.6756489872932434,
    0.6160662174224854,
    0.8244277834892273,
    0.17616835236549377,
    0.17292964458465576,
    0.6061946749687195,
    0.13253788650035858,
    0.3432595133781433,
    0.7332655787467957,
    0.6330345273017883,
    0.2595653533935547,
    0.4246826171875,
    0.022656626999378204,
    0.2788527309894562,
    0.8285226821899414,
    0.3550455868244171,
    0.21280939877033234,
    0.25488805770874023,
    0.17938584089279175,
    0.6582680344581604,
    0.0757242739200592,
    0.7003743648529053,
    0.0926017239689827,
    0.002708597807213664,
    0.6343149542808533,
    0.4003818929195404,
    0.8259015679359436,
    0.3542785942554474,
    0.07689057290554047,
    0.3357895016670227,
    0.85483717918396,
    0.4959152042865753,
    0.52571702003479,
    0.5865587592124939,
    0.6324059367179871,
    0.4746166169643402,
    0.5691196918487549,
    0.25435882806777954,
    0.9352771043777466,
    0.3167685270309448,
    0.8596981763839722,
    0.5463462471961975,
    0.12015269696712494,
    0.23364169895648956,
    0.07421047240495682,
    0.4187796115875244,
    0.3060503900051117,
    0.04690219834446907,
    0.06635165214538574,
    0.0447261780500412,
    0.3738900423049927,
    0.05597579479217529,
    0.17808113992214203,
    0.004379641264677048,
    0.7133126258850098,
    0.37150365114212036,
    0.5271701812744141,
    0.05445557087659836,
    0.31189802289009094,
    0.18732362985610962,
    0.5143504738807678,
    0.6445945501327515,
    0.004801440052688122,
    0.26184606552124023,
    0.10457051545381546,
    0.20282204449176788,
    0.6631045341491699,
    0.4425361752510071,
    0.3327252268791199,
    0.06705676764249802,
    0.20650817453861237,
    0.2231723517179489,
    0.78718101978302,
    0.21762274205684662,
    0.3784712255001068,
    0.48033878207206726,
    0.2153889387845993,
    0.29452958703041077,
    0.05903017893433571,
    0.3009938597679138,
    0.4508301019668579,
    0.5243195295333862,
    0.8635193109512329,
    0.1612781584262848,
    0.8221009373664856,
    0.9773410558700562,
    0.17845015227794647,
    0.6272146105766296,
    0.1623958945274353,
    0.5278066396713257,
    0.11328151822090149,
    0.9141379594802856,
    0.7372916340827942,
    0.5736760497093201,
    0.23594878613948822,
    0.24057097733020782,
    0.4146743416786194,
    0.09873928129673004,
    0.48257574439048767,
    0.2043800801038742,
    0.41557776927948,
    0.6940191388130188,
    0.2944208085536957,
