{
  "model": "GNN_IRM",
  "protocol": "one_city_out_v2",
  "seed": 2,
  "timestamp": "2026-04-16T18:42:00.004793Z",
  "hyperparameters": {
    "architecture": "SAGEConv-1layer+LinearHead",
    "hidden_dim": 64,
    "dropout": 0.5,
    "optimizer": "Adam",
    "lr": 0.01,
    "weight_decay": 0.0005,
    "epochs": 200,
    "patience": 20,
    "batch_size": 256,
    "num_neighbors": [
      20
    ],
    "n_envs": 3,
    "lambda_grid": [
      0.01,
      0.1,
      1.0,
      10.0
    ],
    "best_lambda": 0.1,
    "pos_weight": 1.7129,
    "weighting": "sqrt_inv_freq"
  },
  "test_metrics": {
    "acc": 0.7304075235109718,
    "macro_f1": 0.662608225108225,
    "bal_acc": 0.6571394799054374,
    "nll": 0.5275722236056998,
    "ece": 0.4631318338799253,
    "brier": 0.17451615069710014
  },
  "test_probs": [
    0.5641518831253052,
    0.6694549322128296,
    0.18696074187755585,
    0.6688017845153809,
    0.0806652083992958,
    0.07937289029359818,
    0.10209239274263382,
    0.3941493034362793,
    0.102442167699337,
    0.050419412553310394,
    0.18500763177871704,
    0.5416676998138428,
    0.5568854808807373,
    0.07380843907594681,
    0.32152241468429565,
    0.1131945550441742,
    0.0027827739249914885,
    0.11936255544424057,
    0.05668862536549568,
    0.32718244194984436,
    0.060670893639326096,
    0.29868873953819275,
    0.06809511035680771,
    0.23362430930137634,
    0.41432780027389526,
    0.24898289144039154,
    0.06623800098896027,
    0.4866216778755188,
    0.448953241109848,
    0.0007866184459999204,
    0.24545001983642578,
    0.49331215023994446,
    0.48327353596687317,
    0.48691630363464355,
    0.45992639660835266,
    0.042922090739011765,
    0.29596254229545593,
    0.6627118587493896,
    0.7437116503715515,
    0.48128393292427063,
    0.16218511760234833,
    0.07927607744932175,
    0.08008890599012375,
    0.6104698777198792,
    0.3451426029205322,
    0.04681197553873062,
    0.08014201372861862,
    0.5401576161384583,
    0.027092434465885162,
    0.06255616247653961,
    0.49147582054138184,
    0.3264373242855072,
    0.7383307814598083,
    0.02158944681286812,
    0.02179657854139805,
    0.13408924639225006,
    0.08870932459831238,
    0.11942531913518906,
    0.5074167251586914,
    0.15067030489444733,
    0.06236571818590164,
    0.16184476017951965,
    0.31480303406715393,
    0.4027126133441925,
    0.21475815773010254,
    0.38390082120895386,
    0.3948815166950226,
    0.11968691647052765,
    0.33465099334716797,
    0.15570594370365143,
    0.40329840779304504,
    0.8144783973693848,
    0.28596025705337524,
    0.5945959687232971,
    0.5173457860946655,
    0.42791748046875,
    0.2083779275417328,
    0.5523586869239807,
    0.16839472949504852,
    0.03360262140631676,
    0.77839595079422,
    0.2070537954568863,
    0.205073282122612,
    0.84194415807724,
    0.6533167362213135,
    0.19058620929718018,
    0.639416515827179,
    0.08105557411909103,
    0.0007566036656498909,
    0.1560899317264557,
    0.146396204829216,
    0.2684236168861389,
    0.24414287507534027,
    0.03723307326436043,
    0.10408259183168411,
    0.762117862701416,
    0.51105797290802,
    0.3921438157558441,
    0.3558514714241028,
    0.7319867610931396,
    0.019043905660510063,
    0.2380506545305252,
    0.20720845460891724,
    0.1426773965358734,
    0.0002806494594551623,
    0.13559287786483765,
    0.03359366953372955,
    0.11897077411413193,
    0.6227756142616272,
    0.07447780668735504,
    0.4854215383529663,
    0.10140889137983322,
    0.17362478375434875,
    0.8388552069664001,
    0.03483904153108597,
    0.11465759575366974,
    0.20767967402935028,
    0.35785725712776184,
    0.001354692503809929,
    0.0641874149441719,
    0.006302790716290474,
    0.2248685508966446,
    0.1752537041902542,
    0.052808478474617004,
    0.6284918785095215,
    0.3776439428329468,
    0.22691145539283752,
    0.002386857522651553,
    0.4969259202480316,
    0.4897546172142029,
    0.38445180654525757,
    0.005705534014850855,
    0.4967014193534851,
    0.01643287017941475,
    0.6516032814979553,
    0.22641997039318085,
    0.8692355155944824,
    0.04440784081816673,
    0.519769549369812,
    0.489143967628479,
    0.0725107342004776,
    0.44242167472839355,
    0.13974237442016602,
    0.06315108388662338,
    0.16495859622955322,
    0.48612523078918457,
    0.45499810576438904,
    0.32902008295059204,
    0.021559245884418488,
    0.0016885173972696066,
    0.3241664469242096,
    0.4122048616409302,
    0.17276142537593842,
    0.30592817068099976,
    0.8986461162567139,
    0.25096917152404785,
    0.5147852301597595,
    0.4146959185600281,
    0.5603176951408386,
    0.48057296872138977,
    0.4950658977031708,
    0.18438982963562012,
    0.4091350734233856,
    0.4050382375717163,
    0.5696374177932739,
    0.17259438335895538,
    0.49562138319015503,
    0.5528920292854309,
    0.5984910726547241,
    0.6003673076629639,
    0.04175128787755966,
    0.10289482027292252,
    0.19313207268714905,
    0.4118196964263916,
    0.17294877767562866,
    0.5929999351501465,
    0.01940731145441532,
    0.9461179375648499,
    0.030151329934597015,
    0.2564179003238678,
    0.5488582253456116,
    0.638418436050415,
    0.23814335465431213,
    0.16877137124538422,
    0.6970382332801819,
    0.47172242403030396,
    0.6782025694847107,
    0.2957506775856018,
    0.805045485496521,
    0.5628331899642944,
    0.7039995193481445,
    0.556814968585968,
    0.7844721674919128,
    0.16879455745220184,
    0.11397721618413925,
    0.5858873724937439,
    0.0700199082493782,
    0.21665003895759583,
    0.7302423715591431,
    0.6495063304901123,
    0.1635017693042755,
    0.464454710483551,
    0.010426625609397888,
    0.3186212480068207,
    0.7038972973823547,
    0.3665925860404968,
    0.11534933745861053,
    0.1547233760356903,
    0.20723868906497955,
    0.569292426109314,
    0.06341973692178726,
    0.7632407546043396,
    0.04605413228273392,
    0.0007108860881999135,
    0.54784095287323,
    0.40413540601730347,
    0.7768892645835876,
    0.34869584441185,
    0.11057549715042114,
    0.2025732547044754,
    0.8397468328475952,
    0.6286971569061279,
    0.3472433388233185,
    0.06073667109012604,
    0.19403943419456482,
    0.5075976252555847,
    0.40376371145248413,
    0.2996889352798462,
    0.9105185866355896,
    0.40111345052719116,
    0.841175377368927,
    0.49013811349868774,
    0.10395316779613495,
    0.2925710380077362,
    0.0554494708776474,
    0.16521865129470825,
    0.14426013827323914,
    0.10186892747879028,
    0.07961765676736832,
    0.02950182557106018,
    0.3395739197731018,
    0.05712335929274559,
    0.17348919808864594,
    0.004189230035990477,
    0.2593344748020172,
    0.39292243123054504,
    0.3034193217754364,
    0.052214380353689194,
    0.19527122378349304,
    0.1267547309398651,
    0.3505893051624298,
    0.41727685928344727,
    0.003670178819447756,
    0.41628336906433105,
    0.059879545122385025,
    0.08490878343582153,
    0.5966939926147461,
    0.42734870314598083,
    0.5548965334892273,
    0.06772284209728241,
    0.14620594680309296,
    0.17212927341461182,
    0.5866254568099976,
    0.2333889752626419,
    0.23966072499752045,
    0.44300538301467896,
    0.12560497224330902,
    0.23922154307365417,
    0.05783373862504959,
    0.3293835520744324,
    0.34204429388046265,
    0.524949848651886,
    0.7611848711967468,
    0.07881911844015121,
    0.725142240524292,
    0.9652904868125916,
    0.0777105987071991,
    0.7076436877250671,
    0.13744665682315826,
    0.4305984079837799,
    0.0757906436920166,
    0.9366087317466736,
    0.7433083057403564,
    0.5734854340553284,
    0.13883715867996216,
    0.3264608085155487,
    0.2012263983488083,
    0.10921543836593628,
    0.16364648938179016,
    0.1072213351726532,
    0.41032031178474426,
    0.6485310196876526,
