{
  "model": "GNN_IRM",
  "protocol": "one_city_out_v2",
  "seed": 1,
  "timestamp": "2026-04-16T18:36:17.155644Z",
  "hyperparameters": {
    "architecture": "SAGEConv-1layer+LinearHead",
    "hidden_dim": 64,
    "dropout": 0.5,
    "optimizer": "Adam",
    "lr": 0.01,
    "weight_decay": 0.0005,
    "epochs": 200,
    "patience": 20,
    "batch_size": 256,
    "num_neighbors": [
      20
    ],
    "n_envs": 3,
    "lambda_grid": [
      0.01,
      0.1,
      1.0,
      10.0
    ],
    "best_lambda": 1.0,
    "pos_weight": 1.7129,
    "weighting": "sqrt_inv_freq"
  },
  "test_metrics": {
    "acc": 0.7492163009404389,
    "macro_f1": 0.7054206297903778,
    "bal_acc": 0.7107328605200945,
    "nll": 0.5227099650309052,
    "ece": 0.45056942563071894,
    "brier": 0.17475488116105847
  },
  "test_probs": [
    0.5604532957077026,
    0.7221340537071228,
    0.3888200521469116,
    0.6976432800292969,
    0.16767148673534393,
    0.0736747533082962,
    0.1614428162574768,
    0.47222450375556946,
    0.07770165801048279,
    0.040574584156274796,
    0.14886581897735596,
    0.5272826552391052,
    0.45344534516334534,
    0.09274962544441223,
    0.4639972150325775,
    0.16399747133255005,
    0.0058502983301877975,
    0.11230241507291794,
    0.0670001357793808,
    0.5566914081573486,
    0.10191723704338074,
    0.35420238971710205,
    0.04143885523080826,
    0.6279830932617188,
    0.5820451974868774,
    0.34243401885032654,
    0.12808507680892944,
    0.7198179960250854,
    0.45733678340911865,
    0.0005795590113848448,
    0.22157321870326996,
    0.5826395153999329,
    0.2832495868206024,
    0.5382546186447144,
    0.486018568277359,
    0.04694412648677826,
    0.34800291061401367,
    0.6310542821884155,
    0.8194341659545898,
    0.6259365081787109,
    0.13742952048778534,
    0.22596698999404907,
    0.0860399380326271,
    0.6413404941558838,
    0.1358812302350998,
    0.060824982821941376,
    0.10403995960950851,
    0.686798632144928,
    0.056383006274700165,
    0.10101514309644699,
    0.43662774562835693,
    0.3577432334423065,
    0.7502248287200928,
    0.03092879056930542,
    0.027359094470739365,
    0.1476871520280838,
    0.2156798243522644,
    0.13276928663253784,
    0.42616167664527893,
    0.15660305321216583,
    0.13632895052433014,
    0.24054253101348877,
    0.39602503180503845,
    0.2875358760356903,
    0.38604477047920227,
    0.3053273856639862,
    0.38357803225517273,
    0.20258808135986328,
    0.2451857328414917,
    0.13020138442516327,
    0.40862593054771423,
    0.8102606534957886,
    0.37835055589675903,
    0.5998114347457886,
    0.7434936761856079,
    0.4426238536834717,
    0.18188440799713135,
    0.6670287251472473,
    0.21039395034313202,
    0.11132005602121353,
    0.7215116620063782,
    0.27434805035591125,
    0.22656841576099396,
    0.8798855543136597,
    0.5869474411010742,
    0.3008892834186554,
    0.4691801071166992,
    0.16698013246059418,
    0.0031838861759752035,
    0.14157623052597046,
    0.12335743010044098,
    0.41202259063720703,
    0.2904052436351776,
    0.021687623113393784,
    0.11218852549791336,
    0.7301939129829407,
    0.611448347568512,
    0.4136880338191986,
    0.4869069457054138,
    0.3880387246608734,
    0.06292098760604858,
    0.23071379959583282,
    0.23469702899456024,
    0.12542198598384857,
    0.0015946143539622426,
    0.2216344177722931,
    0.1260029524564743,
    0.16281189024448395,
    0.3167825937271118,
    0.15094484388828278,
    0.4778285324573517,
    0.19716456532478333,
    0.40084710717201233,
    0.8271439671516418,
    0.010596462525427341,
    0.10625974833965302,
    0.2453070878982544,
    0.2364366501569748,
    0.0017690218519419432,
    0.05514752119779587,
    0.010612742975354195,
    0.050636667758226395,
    0.24606527388095856,
    0.08233267068862915,
    0.7006921172142029,
    0.46867457032203674,
    0.1443398892879486,
    0.0031075177248567343,
    0.46474969387054443,
    0.5587443113327026,
    0.5217371582984924,
    0.017349710687994957,
    0.4309432804584503,
    0.02799133211374283,
    0.7786523103713989,
    0.4055980145931244,
    0.8873515725135803,
    0.06710034608840942,
    0.38366830348968506,
    0.38889503479003906,
    0.1737077832221985,
    0.38689056038856506,
    0.16925132274627686,
    0.23972532153129578,
    0.2353692650794983,
    0.5985177159309387,
    0.39890554547309875,
    0.5678219795227051,
    0.07639770954847336,
    0.0013515918981283903,
    0.3916233479976654,
    0.3804006278514862,
    0.14795435965061188,
    0.4467516243457794,
    0.9017672538757324,
    0.0820685401558876,
    0.49989378452301025,
    0.4980742633342743,
    0.5250195860862732,
    0.6173409819602966,
    0.6259750723838806,
    0.3881983160972595,
    0.6364130973815918,
    0.2878495156764984,
    0.6626921892166138,
    0.2149551808834076,
    0.5390605330467224,
    0.488532155752182,
    0.5697169899940491,
    0.7651687860488892,
    0.10098249465227127,
    0.16833651065826416,
    0.11867225915193558,
    0.4414949417114258,
    0.3805701732635498,
    0.6060824394226074,
    0.01884263940155506,
    0.9567198753356934,
    0.03475957363843918,
    0.5872440338134766,
    0.5069926977157593,
    0.6287792325019836,
    0.3433074355125427,
    0.22444473206996918,
    0.7510428428649902,
    0.596849262714386,
    0.56707763671875,
    0.40497857332229614,
    0.6652994155883789,
    0.6247527003288269,
    0.7218419909477234,
    0.7155329585075378,
    0.7336851954460144,
    0.1401042938232422,
    0.365465372800827,
    0.5519924759864807,
    0.09668654948472977,
    0.33184561133384705,
    0.7700682878494263,
    0.7418977618217468,
    0.31125521659851074,
    0.594001054763794,
    0.009931869804859161,
    0.31144988536834717,
    0.7484678626060486,
    0.3610735833644867,
    0.2391299456357956,
    0.295392781496048,
    0.14549468457698822,
    0.5971927046775818,
    0.13195054233074188,
    0.649798572063446,
    0.0845903605222702,
    0.0014063121052458882,
    0.3142983913421631,
    0.3340025246143341,
    0.7601645588874817,
    0.5250481367111206,
    0.06263420730829239,
    0.3008458912372589,
    0.7629824876785278,
    0.5053581595420837,
    0.5356833338737488,
    0.4434930682182312,
    0.543923020362854,
    0.4366520047187805,
    0.5473443269729614,
    0.3497413694858551,
    0.9554932713508606,
    0.2683226764202118,
    0.792213499546051,
    0.4981108605861664,
    0.10519389063119888,
    0.1654723584651947,
    0.09192580729722977,
    0.34973469376564026,
    0.2962900996208191,
    0.06741497665643692,
    0.08018311113119125,
    0.11213468015193939,
    0.32500195503234863,
    0.036195944994688034,
    0.1526777148246765,
    0.0037261422257870436,
    0.5694785714149475,
    0.2997891306877136,
    0.3749912679195404,
    0.05856824293732643,
    0.24242833256721497,
    0.19950954616069794,
    0.3985098898410797,
    0.6383639574050903,
    0.03715239837765694,
    0.3672332465648651,
    0.1693461388349533,
    0.2061179131269455,
    0.5939508080482483,
    0.6452991962432861,
    0.29635336995124817,
    0.15058232843875885,
    0.31258851289749146,
    0.10712971538305283,
    0.6792191863059998,
    0.21339163184165955,
    0.2907203733921051,
    0.40254321694374084,
    0.21667800843715668,
    0.2934092581272125,
    0.10748489201068878,
    0.2337931990623474,
    0.2190542221069336,
    0.516261100769043,
    0.7630026340484619,
    0.1382727324962616,
    0.8161121010780334,
    0.9790275692939758,
    0.23826101422309875,
    0.6627378463745117,
    0.14965353906154633,
    0.6964830756187439,
    0.10882988572120667,
    0.9109627604484558,
    0.7824522256851196,
    0.6273367404937744,
    0.18187905848026276,
    0.15504145622253418,
    0.6832042336463928,
    0.04259268194437027,
    0.21452181041240692,
    0.23028667271137238,
    0.5128547549247742,
    0.6885226964950562,
    0.2699596881866455,
