{
  "model": "GNN_IRM",
  "protocol": "one_city_out_v2",
  "seed": 4,
  "timestamp": "2026-04-16T18:53:33.571936Z",
  "hyperparameters": {
    "architecture": "SAGEConv-1layer+LinearHead",
    "hidden_dim": 64,
    "dropout": 0.5,
    "optimizer": "Adam",
    "lr": 0.01,
    "weight_decay": 0.0005,
    "epochs": 200,
    "patience": 20,
    "batch_size": 256,
    "num_neighbors": [
      20
    ],
    "n_envs": 3,
    "lambda_grid": [
      0.01,
      0.1,
      1.0,
      10.0
    ],
    "best_lambda": 10.0,
    "pos_weight": 1.7129,
    "weighting": "sqrt_inv_freq"
  },
  "test_metrics": {
    "acc": 0.6959247648902821,
    "macro_f1": 0.667011030400861,
    "bal_acc": 0.6915366430260047,
    "nll": 0.529463744333278,
    "ece": 0.43600869195121206,
    "brier": 0.18017201217622167
  },
  "test_probs": [
    0.5328150987625122,
    0.7570846080780029,
    0.2155764400959015,
    0.6323817372322083,
    0.10435296595096588,
    0.14181877672672272,
    0.1260121613740921,
    0.5112709999084473,
    0.17768192291259766,
    0.20807532966136932,
    0.16585160791873932,
    0.5674343109130859,
    0.5427469611167908,
    0.060932788997888565,
    0.3740333914756775,
    0.09882856160402298,
    0.025987491011619568,
    0.17671021819114685,
    0.039516251534223557,
    0.4546322822570801,
    0.04169413819909096,
    0.5847433805465698,
    0.051544178277254105,
    0.643436849117279,
    0.6888391375541687,
    0.31945380568504333,
    0.2071402370929718,
    0.5589074492454529,
    0.48657476902008057,
    0.001908839214593172,
    0.29364868998527527,
    0.6138631701469421,
    0.43438151478767395,
    0.5683480501174927,
    0.5583383440971375,
    0.13055527210235596,
    0.33886954188346863,
    0.6443106532096863,
    0.8074665069580078,
    0.6119494438171387,
    0.08211567997932434,
    0.08348013460636139,
    0.07172051817178726,
    0.5845856666564941,
    0.18771342933177948,
    0.09242816269397736,
    0.059174854308366776,
    0.6475913524627686,
    0.09816043078899384,
    0.022398727014660835,
    0.5255748629570007,
    0.4308617413043976,
    0.7673589587211609,
    0.023761097341775894,
    0.02829001098871231,
    0.16497266292572021,
    0.2949657738208771,
    0.0818198025226593,
    0.515733003616333,
    0.09961234033107758,
    0.03658322989940643,
    0.512053370475769,
    0.31236785650253296,
    0.49687135219573975,
    0.4988495707511902,
    0.34409254789352417,
    0.4524002969264984,
    0.19339200854301453,
    0.37216830253601074,
    0.08961562812328339,
    0.5353831052780151,
    0.7904651761054993,
    0.5549849271774292,
    0.6653267741203308,
    0.7091915607452393,
    0.5713869333267212,
    0.43577978014945984,
    0.5948642492294312,
    0.20575261116027832,
    0.15621645748615265,
    0.5831215381622314,
    0.5541561245918274,
    0.397365927696228,
    0.7956759929656982,
    0.7028598785400391,
    0.383632093667984,
    0.5193543434143066,
    0.1307424157857895,
    0.04986077547073364,
    0.09190523624420166,
    0.20856225490570068,
    0.3796836733818054,
    0.2552627921104431,
    0.1146266981959343,
    0.15174992382526398,
    0.7007695436477661,
    0.6336312294006348,
    0.23158544301986694,
    0.3457648456096649,
    0.3522733151912689,
    0.032777342945337296,
    0.26530566811561584,
    0.2172536849975586,
    0.08099191635847092,
    0.0017064657295122743,
    0.2500193417072296,
    0.08851682394742966,
    0.12802201509475708,
    0.3262433409690857,
    0.1306106597185135,
    0.6033741235733032,
    0.15086106956005096,
    0.18139590322971344,
    0.8458734154701233,
    0.032654501497745514,
    0.15428239107131958,
    0.3539622724056244,
    0.32140135765075684,
    0.021615592762827873,
    0.03712331876158714,
    0.015795964747667313,
    0.06807168573141098,
    0.22605371475219727,
    0.026763061061501503,
    0.6739751696586609,
    0.5248581171035767,
    0.06217718496918678,
    0.02990151010453701,
    0.6128616333007812,
    0.5848633050918579,
    0.48056560754776,
    0.11556728929281235,
    0.4815898537635803,
    0.02411322109401226,
    0.7151457071304321,
    0.40031909942626953,
    0.8143624067306519,
    0.1071605533361435,
    0.3898395895957947,
    0.5523209571838379,
    0.08775906264781952,
    0.49580058455467224,
    0.14186860620975494,
    0.2822839915752411,
    0.2643531560897827,
    0.5791817903518677,
    0.4700957238674164,
    0.6217547059059143,
    0.05375286564230919,
    0.007940777577459812,
    0.5646242499351501,
    0.42813315987586975,
    0.14813292026519775,
    0.513064980506897,
    0.8141005635261536,
    0.16347500681877136,
    0.533643364906311,
    0.2838166058063507,
    0.6176885366439819,
    0.6337403655052185,
    0.6949979066848755,
    0.4030545651912689,
    0.562201976776123,
    0.5967084169387817,
    0.5613564252853394,
    0.5041425228118896,
    0.6416633725166321,
    0.5008455514907837,
    0.7029922604560852,
    0.7139401435852051,
    0.1267937421798706,
    0.19946497678756714,
    0.14849434792995453,
    0.5510615110397339,
    0.4254733622074127,
    0.6701542139053345,
    0.029422540217638016,
    0.8465234637260437,
    0.03862344101071358,
    0.6689762473106384,
    0.6553056240081787,
    0.6183233857154846,
    0.4148881137371063,
    0.2821945250034332,
    0.7441607117652893,
    0.6489977836608887,
    0.6385242342948914,
    0.5202665328979492,
    0.6825833320617676,
    0.6336265802383423,
    0.6581326723098755,
    0.6690068244934082,
    0.6620039343833923,
    0.10962001234292984,
    0.34997448325157166,
    0.6695535182952881,
    0.09691374003887177,
    0.4835812747478485,
    0.7543833255767822,
    0.619823694229126,
    0.38327303528785706,
    0.45242607593536377,
    0.06415314972400665,
    0.35422393679618835,
    0.7995451092720032,
    0.4651678502559662,
    0.18049456179141998,
    0.2172885239124298,
    0.1900465488433838,
    0.5914414525032043,
    0.054425809532403946,
    0.6525068879127502,
    0.1392049342393875,
    0.007871558889746666,
    0.3547862768173218,
    0.4923601448535919,
    0.7758647799491882,
    0.46739843487739563,
    0.04344727471470833,
    0.3743940591812134,
    0.8379072546958923,
    0.6292316913604736,
    0.5252075791358948,
    0.25323495268821716,
    0.610503077507019,
    0.5148177146911621,
    0.5109439492225647,
    0.43301188945770264,
    0.7509244084358215,
    0.44710949063301086,
    0.8055917024612427,
    0.5358642339706421,
    0.1448194682598114,
    0.26666125655174255,
    0.035860322415828705,
    0.16700288653373718,
    0.24288728833198547,
    0.054987333714962006,
    0.08488805592060089,
    0.08720143139362335,
    0.38875868916511536,
    0.15515759587287903,
    0.16900719702243805,
    0.027155524119734764,
    0.5015057325363159,
    0.5854153633117676,
    0.6034234166145325,
    0.12254912406206131,
    0.18501627445220947,
    0.15603519976139069,
    0.5050176978111267,
    0.6776033043861389,
    0.007051107473671436,
    0.4421895742416382,
    0.11182760447263718,
    0.1416466385126114,
    0.6719363927841187,
    0.5348520874977112,
    0.29820215702056885,
    0.10593816637992859,
    0.4283953309059143,
    0.21272438764572144,
    0.7036207914352417,
    0.16582749783992767,
    0.49018505215644836,
    0.5043861865997314,
    0.22529637813568115,
    0.3127204477787018,
    0.10746070742607117,
    0.5196216702461243,
    0.4480416774749756,
    0.4668111801147461,
    0.807546079158783,
    0.3092968165874481,
    0.8852701187133789,
    0.9184696078300476,
    0.40329867601394653,
    0.6723126769065857,
    0.16221044957637787,
    0.5118631720542908,
    0.15237879753112793,
    0.852369487285614,
    0.659920334815979,
    0.6387218832969666,
    0.10642345994710922,
    0.18426474928855896,
    0.33920544385910034,
    0.17041081190109253,
    0.1739668846130371,
    0.5157572627067566,
    0.584269642829895,
    0.6530978083610535,
    0.4880472719669342,
