{
  "model": "GNN_IRM",
  "protocol": "one_city_out_v2",
  "seed": 0,
  "timestamp": "2026-04-16T18:29:54.003356Z",
  "hyperparameters": {
    "architecture": "SAGEConv-1layer+LinearHead",
    "hidden_dim": 64,
    "dropout": 0.5,
    "optimizer": "Adam",
    "lr": 0.01,
    "weight_decay": 0.0005,
    "epochs": 200,
    "patience": 20,
    "batch_size": 256,
    "num_neighbors": [
      20
    ],
    "n_envs": 3,
    "lambda_grid": [
      0.01,
      0.1,
      1.0,
      10.0
    ],
    "best_lambda": 0.1,
    "pos_weight": 1.7129,
    "weighting": "sqrt_inv_freq"
  },
  "test_metrics": {
    "acc": 0.7241379310344828,
    "macro_f1": 0.6571568148510014,
    "bal_acc": 0.652695035460993,
    "nll": 0.5186189052942273,
    "ece": 0.4596782531998001,
    "brier": 0.1722932076029004
  },
  "test_probs": [
    0.4667637050151825,
    0.6116283535957336,
    0.1264079362154007,
    0.638800323009491,
    0.12568992376327515,
    0.05169037729501724,
    0.1466769576072693,
    0.3845530152320862,
    0.07056385278701782,
    0.034887805581092834,
    0.09502070397138596,
    0.596777617931366,
    0.5606793761253357,
    0.05638306960463524,
    0.3143162727355957,
    0.10564474016427994,
    0.007193079683929682,
    0.10489842295646667,
    0.07621271163225174,
    0.27893519401550293,
    0.06609497964382172,
    0.2959443926811218,
    0.05925881117582321,
    0.5286217927932739,
    0.4144164025783539,
    0.20116347074508667,
    0.10645808279514313,
    0.40080103278160095,
    0.5026423335075378,
    0.0023885597474873066,
    0.2450832724571228,
    0.6015178561210632,
    0.3684534728527069,
    0.4640442728996277,
    0.47232162952423096,
    0.055698953568935394,
    0.19888220727443695,
    0.5433246493339539,
    0.7696000933647156,
    0.513067364692688,
    0.14966458082199097,
    0.15935245156288147,
    0.12481426447629929,
    0.7590388059616089,
    0.17275336384773254,
    0.050373226404190063,
    0.06557323038578033,
    0.6276426911354065,
    0.04350908845663071,
    0.06634197384119034,
    0.4883013367652893,
    0.33468154072761536,
    0.6926007866859436,
    0.01655660755932331,
    0.032082449644804,
    0.11870499700307846,
    0.11180488020181656,
    0.08834481239318848,
    0.503005862236023,
    0.09455638378858566,
    0.12356019020080566,
    0.36064574122428894,
    0.36932501196861267,
    0.3922986388206482,
    0.23496916890144348,
    0.25446799397468567,
    0.42969733476638794,
    0.15901093184947968,
    0.21982522308826447,
    0.10506802052259445,
    0.5298640131950378,
    0.7915144562721252,
    0.3805696964263916,
    0.5887390971183777,
    0.5792382955551147,
    0.4387037456035614,
    0.2111460268497467,
    0.5138161778450012,
    0.17947210371494293,
    0.0892951563000679,
    0.6870734095573425,
    0.27805012464523315,
    0.2106504738330841,
    0.9088299870491028,
    0.5067729949951172,
    0.23057326674461365,
    0.43686091899871826,
    0.11700808256864548,
    0.00292996596544981,
    0.11894766986370087,
    0.16182102262973785,
    0.3435775637626648,
    0.27224722504615784,
    0.018703993409872055,
    0.08893053978681564,
    0.7019927501678467,
    0.5236958265304565,
    0.42207539081573486,
    0.3718315362930298,
    0.6602205634117126,
    0.062113817781209946,
    0.19138135015964508,
    0.22003449499607086,
    0.1824454665184021,
    0.010092601180076599,
    0.11820343881845474,
    0.06506120413541794,
    0.20710591971874237,
    0.4841526448726654,
    0.0371583066880703,
    0.5219752788543701,
    0.1499265432357788,
    0.10650293529033661,
    0.8013709783554077,
    0.008400234393775463,
    0.08887826651334763,
    0.28897130489349365,
    0.2734391689300537,
    0.0015221259091049433,
    0.04592117667198181,
    0.009947692044079304,
    0.1128569170832634,
    0.17697487771511078,
    0.07993432134389877,
    0.5590537190437317,
    0.3485046625137329,
    0.11294563859701157,
    0.0028159208595752716,
    0.4713331460952759,
    0.4694770872592926,
    0.3765733242034912,
    0.013514617457985878,
    0.42410093545913696,
    0.037443388253450394,
    0.4807901978492737,
    0.21132540702819824,
    0.8676232099533081,
    0.05958631634712219,
    0.38787370920181274,
    0.4100256562232971,
    0.1329306960105896,
    0.42583441734313965,
    0.10634949803352356,
    0.059431396424770355,
    0.13970725238323212,
    0.526091992855072,
    0.3201960027217865,
    0.2652186155319214,
    0.1396259218454361,
    0.004970320500433445,
    0.43592917919158936,
    0.4132339060306549,
    0.08424926549196243,
    0.32250043749809265,
    0.8619476556777954,
    0.24172185361385345,
    0.5026288032531738,
    0.5155994892120361,
    0.5610403418540955,
    0.3859545588493347,
    0.5099483728408813,
    0.30022624135017395,
    0.38878726959228516,
    0.3261193633079529,
    0.5425324440002441,
    0.26038914918899536,
    0.5414192080497742,
    0.31336989998817444,
    0.476039320230484,
    0.5891895294189453,
    0.08629576116800308,
    0.15310055017471313,
    0.20423555374145508,
    0.4356335401535034,
    0.2393467277288437,
    0.507034182548523,
    0.03801189363002777,
    0.9529191255569458,
    0.03843962401151657,
    0.35357436537742615,
    0.5692296624183655,
    0.5658932328224182,
    0.28307217359542847,
    0.2065594643354416,
    0.8267560005187988,
    0.6017769575119019,
    0.5963547825813293,
    0.41404813528060913,
    0.8405879735946655,
    0.5287696123123169,
    0.6582620143890381,
    0.5556789040565491,
    0.8144800662994385,
    0.11062439531087875,
    0.169789656996727,
    0.5387735962867737,
    0.1376889944076538,
    0.3088291883468628,
    0.729846179485321,
    0.6071493029594421,
    0.2786886692047119,
    0.3743698000907898,
    0.015014853328466415,
    0.24817703664302826,
    0.6766372323036194,
    0.3298790752887726,
    0.16418121755123138,
    0.18043898046016693,
    0.15007390081882477,
    0.4243660271167755,
    0.05561159923672676,
    0.7808371186256409,
    0.09263637661933899,
    0.0031929262913763523,
    0.4522647261619568,
    0.2843732237815857,
    0.7766793370246887,
    0.28649410605430603,
    0.062487952411174774,
    0.23773616552352905,
    0.7929880023002625,
    0.45653605461120605,
    0.35127168893814087,
    0.2519844174385071,
    0.30865445733070374,
    0.5069255232810974,
    0.3719690144062042,
    0.08668621629476547,
    0.9039865136146545,
    0.29868075251579285,
    0.8152822852134705,
    0.4757002890110016,
    0.10582156479358673,
    0.21126113831996918,
    0.05136255919933319,
    0.27558034658432007,
    0.21184732019901276,
    0.025794832035899162,
    0.048066578805446625,
    0.03957436978816986,
    0.33263957500457764,
    0.05468546599149704,
    0.11936770379543304,
    0.0028051200788468122,
    0.4052237570285797,
    0.21942228078842163,
    0.37692099809646606,
    0.0519820936024189,
    0.09566078335046768,
    0.21184882521629333,
    0.41036704182624817,
    0.5598333477973938,
    0.01126743946224451,
    0.19265639781951904,
    0.09541283547878265,
    0.14703243970870972,
    0.5042222142219543,
    0.2419230192899704,
    0.5223597884178162,
    0.07775332778692245,
    0.19377274811267853,
    0.15512025356292725,
    0.5883077383041382,
    0.19122791290283203,
    0.37967604398727417,
    0.4379788637161255,
    0.12413078546524048,
    0.18972443044185638,
    0.09173450618982315,
    0.25315824151039124,
    0.2946959435939789,
    0.45134198665618896,
    0.8449579477310181,
    0.19953331351280212,
    0.6993045210838318,
    0.9839695692062378,
    0.22535866498947144,
    0.7067357301712036,
    0.1570063829421997,
    0.3647783696651459,
    0.09351315349340439,
    0.9381504058837891,
    0.7642654180526733,
    0.606693685054779,
    0.1357550472021103,
    0.24384330213069916,
    0.2900671660900116,
    0.1048789918422699,
    0.20260576903820038,
    0.1809716820716858,
    0.25784918665885925,
    0.617598295211792,
