{
  "model": "GroupDRO",
  "protocol": "calibration",
  "seed": 0,
  "timestamp": "2026-04-17T20:54:37.546820Z",
  "hyperparameters": {
    "architecture": "MLP-128-Drop-64-2",
    "optimizer": "Adam",
    "lr": 0.001,
    "weight_decay": 0.0001,
    "epochs": 100,
    "n_envs": 3,
    "pos_weight": 2.9341,
    "eta_grid": [
      0.001,
      0.01,
      0.1
    ],
    "best_eta": 0.001,
    "standardised": true
  },
  "test_metrics": {
    "acc": 0.6990595611285266,
    "macro_f1": 0.6793969849246231,
    "bal_acc": 0.7185342789598108,
    "nll": 0.6336160916114929,
    "ece": 0.47822256500724714,
    "brier": 0.2140205455526441
  },
  "test_probs": [
    0.7744190692901611,
    0.8803042769432068,
    0.1711939573287964,
    0.8073665499687195,
    0.21724645793437958,
    0.10093372315168381,
    0.18227846920490265,
    0.7533932328224182,
    0.1100698709487915,
    0.0638783872127533,
    0.31901979446411133,
    0.7983531355857849,
    0.5318740010261536,
    0.12282294034957886,
    0.42982298135757446,
    0.23432573676109314,
    0.0032790282275527716,
    0.10907375067472458,
    0.0747789815068245,
    0.9116736054420471,
    0.10721466690301895,
    0.3153514564037323,
    0.09395727515220642,
    0.616934597492218,
    0.6517744064331055,
    0.4481445848941803,
    0.14914795756340027,
    0.7111824154853821,
    0.6957154870033264,
    0.001887297141365707,
    0.4672359526157379,
    0.842982292175293,
    0.44696229696273804,
    0.6868410110473633,
    0.8535557985305786,
    0.0429895780980587,
    0.4329524040222168,
    0.8013772368431091,
    0.863211989402771,
    0.8045346736907959,
    0.09306474775075912,
    0.1722399890422821,
    0.13115251064300537,
    0.7989315390586853,
    0.18876048922538757,
    0.039554163813591,
    0.08071993291378021,
    0.7727161645889282,
    0.049124326556921005,
    0.05095035210251808,
    0.7113476395606995,
    0.665797233581543,
    0.9139432311058044,
    0.0233518835157156,
    0.07878218591213226,
    0.12338775396347046,
    0.3397042155265808,
    0.12084639817476273,
    0.6960119009017944,
    0.12106472253799438,
    0.17104576528072357,
    0.5866785645484924,
    0.3169679641723633,
    0.5929092168807983,
    0.43839508295059204,
    0.35687223076820374,
    0.466016560792923,
    0.3232616186141968,
    0.3209676146507263,
    0.3239661157131195,
    0.5591244101524353,
    0.955894410610199,
    0.6814627051353455,
    0.7899560928344727,
    0.8768031597137451,
    0.5735616683959961,
    0.32474222779273987,
    0.5979117155075073,
    0.30750903487205505,
    0.09329793602228165,
    0.8830854296684265,
    0.3379128873348236,
    0.37170475721359253,
    0.9323436617851257,
    0.7882113456726074,
    0.4777781665325165,
    0.4526098966598511,
    0.16026273369789124,
    0.006135983858257532,
    0.40948686003685,
    0.20677827298641205,
    0.3800208568572998,
    0.22269774973392487,
    0.0359937883913517,
    0.3110603392124176,
    0.845864474773407,
    0.7822818160057068,
    0.31271204352378845,
    0.5225993394851685,
    0.7947892546653748,
    0.0933775082230568,
    0.5161659121513367,
    0.2910870313644409,
    0.08254273235797882,
    0.006333628669381142,
    0.10040970146656036,
    0.06360519677400589,
    0.0680944174528122,
    0.679238498210907,
    0.15462137758731842,
    0.6782780885696411,
    0.30048301815986633,
    0.2616065740585327,
    0.9606302976608276,
    0.013701613992452621,
    0.08176596462726593,
    0.3644781708717346,
    0.6532037854194641,
    0.005811401642858982,
    0.09112006425857544,
    0.019277118146419525,
    0.0919925794005394,
    0.3258025348186493,
    0.10270889103412628,
    0.7996615767478943,
    0.6913145184516907,
    0.11459670960903168,
    0.003595382208004594,
    0.6869217753410339,
    0.765343427658081,
    0.7881596684455872,
    0.010972718708217144,
    0.7168765068054199,
    0.0403045117855072,
    0.8294657468795776,
    0.06718119233846664,
    0.9688206315040588,
    0.05303549766540527,
    0.5296333432197571,
    0.5309063196182251,
    0.19709807634353638,
    0.7256277799606323,
    0.26398518681526184,
    0.04794304445385933,
    0.2904873788356781,
    0.8690382242202759,
    0.4684062600135803,
    0.5073360204696655,
    0.05577868968248367,
    0.00028382110758684576,
    0.8361982703208923,
    0.5781819224357605,
    0.18080446124076843,
    0.5364094376564026,
    0.9746503829956055,
    0.2024361938238144,
    0.6739110350608826,
    0.5918010473251343,
    0.7817986011505127,
    0.8223193287849426,
    0.8307198882102966,
    0.38073670864105225,
    0.7441166043281555,
    0.4362376034259796,
    0.8541164398193359,
    0.39584439992904663,
    0.6867101192474365,
    0.44889235496520996,
    0.6320988535881042,
    0.9022068381309509,
    0.14897632598876953,
    0.2283051759004593,
    0.1510874330997467,
    0.6721086502075195,
    0.34389087557792664,
    0.8400616645812988,
    0.05945884436368942,
    0.9703468680381775,
    0.0613538920879364,
    0.7259467244148254,
    0.7733785510063171,
    0.8620396852493286,
    0.4068951904773712,
    0.3457067906856537,
    0.7951109409332275,
    0.8161216974258423,
    0.8209377527236938,
    0.450491726398468,
    0.9479166269302368,
    0.8412662148475647,
    0.9067564606666565,
    0.8775708079338074,
    0.930281400680542,
    0.4646255075931549,
    0.15125563740730286,
    0.8065779209136963,
    0.14482629299163818,
    0.6471160054206848,
    0.8727270364761353,
    0.9255921244621277,
    0.39125096797943115,
    0.6266623139381409,
    0.022280892357230186,
    0.5098152160644531,
    0.9266759753227234,
    0.549155056476593,
    0.3713369369506836,
    0.28479117155075073,
    0.2961505353450775,
    0.768468976020813,
    0.1368996649980545,
    0.8537399768829346,
    0.15812186896800995,
    0.008594891056418419,
    0.3682929277420044,
    0.603165864944458,
    0.9306497573852539,
    0.7024348378181458,
    0.07763290405273438,
    0.496817409992218,
    0.9410024881362915,
    0.37463414669036865,
    0.6041974425315857,
    0.4496801197528839,
    0.3004940450191498,
    0.6973710656166077,
    0.6107577085494995,
    0.3190864622592926,
    0.9859549403190613,
    0.4338532090187073,
    0.9493404030799866,
    0.7231484055519104,
    0.11111299693584442,
    0.22288644313812256,
    0.06016930937767029,
    0.5599843859672546,
    0.35240545868873596,
    0.09355954080820084,
    0.11327441036701202,
    0.03289281949400902,
    0.41978955268859863,
    0.026820382103323936,
    0.27914559841156006,
    0.021698947995901108,
    0.7385488748550415,
    0.49104902148246765,
    0.5285714268684387,
    0.04005925729870796,
    0.07838103920221329,
    0.20221075415611267,
    0.6030014157295227,
    0.6963180899620056,
    0.015092702582478523,
    0.6775518655776978,
    0.21331313252449036,
    0.16027654707431793,
    0.7880624532699585,
    0.7402048110961914,
    0.682239294052124,
    0.04328860715031624,
    0.5881924629211426,
    0.19740213453769684,
    0.8000728487968445,
    0.2728501856327057,
    0.5092682838439941,
    0.6973955631256104,
    0.3403136432170868,
    0.4214327335357666,
    0.07755585014820099,
    0.4299975633621216,
    0.48625457286834717,
    0.7091891169548035,
    0.9034688472747803,
    0.31835731863975525,
    0.8247074484825134,
    0.9940253496170044,
    0.11123258620500565,
    0.7693144679069519,
    0.029865387827157974,
    0.9047577381134033,
    0.08896955102682114,
    0.9741727113723755,
    0.9399137496948242,
    0.8507718443870544,
    0.3738841116428375,
    0.3136056065559387,
    0.36447685956954956,
    0.06157582253217697,
    0.4148142337799072,
    0.2684588134288788,
    0.6644825339317322,
    0.9094229340553284,
    0.5466703772544861,
    0.1294151395559311,
    0.6692284941673279,
    0.6773478984832764,
    0.43739527463912964,
    0.8059284687042236,
    0.33125728368759155,
    0.7631338834762573,
    0.3687335252761841,
