{
  "mean_acc": [
    0.7310337581844081,
    0.7329707013383147,
    0.7447439628423669,
    0.7382566189230613,
    0.7333004241183487
  ],
  "worst_acc": [
    0.3333333333333333,
    0.4166666666666667,
    0.5,
    0.5416666666666666,
    0.5
  ],
  "mean_f1": [
    0.6601644282915501,
    0.6649412592475392,
    0.6723772813901854,
    0.6704032389343052,
    0.6666200593655275
  ],
  "worst_f1": [
    0.32867132867132864,
    0.37777777777777777,
    0.44155844155844154,
    0.43421052631578944,
    0.43421052631578944
  ],
  "mean_bal_acc": [
    0.6921179058336405,
    0.6913591203101441,
    0.6958183997759251,
    0.7007282260571835,
    0.6981311631457879
  ],
  "worst_bal_acc": [
    0.4852941176470588,
    0.4852941176470588,
    0.5,
    0.4852941176470588,
    0.4852941176470588
  ]
}