{
  "model": "MLP",
  "protocol": "one_city_out_v2",
  "seed": 2,
  "timestamp": "2026-04-15T04:34:30.732515Z",
  "hyperparameters": {
    "architecture": "128-ReLU-Drop(0.3)-64-ReLU-1",
    "lr_grid": [
      0.0001,
      0.001,
      0.01
    ],
    "best_lr": 0.001,
    "epochs": 100,
    "optimizer": "Adam",
    "weight_decay": 0.0001,
    "pos_weight": 2.9341,
    "standardised": true
  },
  "test_metrics": {
    "acc": 0.7021943573667712,
    "macro_f1": 0.6811241937350716,
    "bal_acc": 0.7176595744680851,
    "nll": 0.6313306919791195,
    "ece": 0.4810716215999896,
    "brier": 0.21113950489939337
  },
  "test_probs": [
    0.710307240486145,
    0.8878817558288574,
    0.37664151191711426,
    0.8978395462036133,
    0.14368794858455658,
    0.05869578570127487,
    0.1565040498971939,
    0.7814695239067078,
    0.05885608494281769,
    0.05384957417845726,
    0.28897222876548767,
    0.7899584770202637,
    0.6045740246772766,
    0.09336265921592712,
    0.5537477135658264,
    0.22244353592395782,
    0.004814787767827511,
    0.17666520178318024,
    0.1008681133389473,
    0.8635430932044983,
    0.06934351474046707,
    0.4347018599510193,
    0.08533114939928055,
    0.6205480098724365,
    0.6135720610618591,
    0.406559020280838,
    0.12834560871124268,
    0.7691668272018433,
    0.5368242263793945,
    0.002596693579107523,
    0.4511876106262207,
    0.8374829888343811,
    0.4449613094329834,
    0.5116732120513916,
    0.7695331573486328,
    0.09168829768896103,
    0.3661744296550751,
    0.8271918296813965,
    0.9212179780006409,
    0.825701892375946,
    0.15093569457530975,
    0.13531258702278137,
    0.0919630378484726,
    0.7830505967140198,
    0.30161088705062866,
    0.047568533569574356,
    0.1426059454679489,
    0.7414700388908386,
    0.03340091556310654,
    0.07854664325714111,
    0.7221711277961731,
    0.5514858961105347,
    0.8778319954872131,
    0.03977653384208679,
    0.06595424562692642,
    0.14706416428089142,
    0.24895256757736206,
    0.11440766602754593,
    0.7715908885002136,
    0.16782964766025543,
    0.12729708850383759,
    0.5017319321632385,
    0.20147578418254852,
    0.5427679419517517,
    0.3659266531467438,
    0.5810854434967041,
    0.38090234994888306,
    0.2627699375152588,
    0.26479703187942505,
    0.25826337933540344,
    0.5854173302650452,
    0.9525843262672424,
    0.6074377298355103,
    0.806067705154419,
    0.8457761406898499,
    0.6285403966903687,
    0.3629985749721527,
    0.7778388261795044,
    0.21912628412246704,
    0.054253559559583664,
    0.9165526628494263,
    0.46386900544166565,
    0.19177909195423126,
    0.9338881969451904,
    0.8240812420845032,
    0.3678767681121826,
    0.6332284808158875,
    0.24167299270629883,
    0.007840335369110107,
    0.27088648080825806,
    0.3240186274051666,
    0.5741942524909973,
    0.1375104933977127,
    0.035988226532936096,
    0.2329082041978836,
    0.9080498218536377,
    0.852758526802063,
    0.5746539235115051,
    0.5065183043479919,
    0.7487632632255554,
    0.05872868373990059,
    0.39110395312309265,
    0.40391287207603455,
    0.18910996615886688,
    0.00290293269790709,
    0.047828298062086105,
    0.1274005025625229,
    0.11544840037822723,
    0.664677083492279,
    0.12100338190793991,
    0.5802099704742432,
    0.3063957095146179,
    0.41513490676879883,
    0.9631571769714355,
    0.031609490513801575,
    0.10421331971883774,
    0.35880038142204285,
    0.5929631590843201,
    0.004366702400147915,
    0.12465272843837738,
    0.01635858602821827,
    0.11636946350336075,
    0.24747398495674133,
    0.22172218561172485,
    0.8288118839263916,
    0.6609596610069275,
    0.19168861210346222,
    0.004993702284991741,
    0.6807221174240112,
    0.751883864402771,
    0.6590052247047424,
    0.014230035245418549,
    0.6270129680633545,
    0.043833814561367035,
    0.857135534286499,
    0.03380699083209038,
    0.9700862169265747,
    0.03724164143204689,
    0.492050439119339,
    0.5227567553520203,
    0.12957161664962769,
    0.7128490209579468,
    0.19939278066158295,
    0.01639281027019024,
    0.13297900557518005,
    0.8316358923912048,
    0.48721280694007874,
    0.38543424010276794,
    0.08356371521949768,
    0.0006955193821340799,
    0.8259903788566589,
    0.6788390874862671,
    0.21958023309707642,
    0.4728457033634186,
    0.9672285914421082,
    0.3905065059661865,
    0.7186475992202759,
    0.6739544868469238,
    0.7627063393592834,
    0.8244969248771667,
    0.8431615829467773,
    0.40270376205444336,
    0.6063793301582336,
    0.3914826214313507,
    0.7904600501060486,
    0.3458714187145233,
    0.6393120884895325,
    0.4973585307598114,
    0.7109374403953552,
    0.8566601276397705,
    0.14187437295913696,
    0.20043984055519104,
    0.2635751962661743,
    0.7543625235557556,
    0.4629113972187042,
    0.8163927793502808,
    0.03059524856507778,
    0.9742482900619507,
    0.07372035831212997,
    0.4247269034385681,
    0.7828761339187622,
    0.8636578917503357,
    0.47882986068725586,
    0.4212298095226288,
    0.9273948073387146,
    0.804740309715271,
    0.7938956618309021,
    0.3211086094379425,
    0.9075059294700623,
    0.8589350581169128,
    0.915605902671814,
    0.8719419240951538,
    0.93096923828125,
    0.22345957159996033,
    0.11307874321937561,
    0.8101780414581299,
    0.14056992530822754,
    0.4842644929885864,
    0.8996424674987793,
    0.8970253467559814,
    0.34998819231987,
    0.4536805748939514,
    0.037993330508470535,
    0.43272554874420166,
    0.9280493855476379,
    0.4656248986721039,
    0.2585170865058899,
    0.27056455612182617,
    0.1824241578578949,
    0.7764832377433777,
    0.14719271659851074,
    0.8837116360664368,
    0.05656210333108902,
    0.007276721298694611,
    0.5350545048713684,
    0.5538533926010132,
    0.9522234797477722,
    0.6785458922386169,
    0.08985662460327148,
    0.37683677673339844,
    0.9278973937034607,
    0.5845286250114441,
    0.5041967034339905,
    0.06259620189666748,
    0.566628634929657,
    0.7830418348312378,
    0.6556817889213562,
    0.31693708896636963,
    0.9811113476753235,
    0.44535723328590393,
    0.9422532320022583,
    0.7219226360321045,
    0.09435342997312546,
    0.22073644399642944,
    0.09933493286371231,
    0.5174289345741272,
    0.23653832077980042,
    0.07307061553001404,
    0.12196173518896103,
    0.06344100832939148,
    0.4734058082103729,
    0.02554933726787567,
    0.2255333662033081,
    0.016541142016649246,
    0.3863394856452942,
    0.603213369846344,
    0.40186870098114014,
    0.06134774535894394,
    0.11419793963432312,
    0.1832713633775711,
    0.6763858199119568,
    0.5733304619789124,
    0.009693149477243423,
    0.3381337821483612,
    0.13974468410015106,
    0.1830230951309204,
    0.8100488781929016,
    0.7345413565635681,
    0.7182380557060242,
    0.05040444806218147,
    0.2488781064748764,
    0.14294728636741638,
    0.8513824939727783,
    0.25211283564567566,
    0.5248357057571411,
    0.68650883436203,
    0.20112961530685425,
    0.4242461025714874,
    0.11658836901187897,
    0.5111213326454163,
    0.45118027925491333,
    0.6866931915283203,
    0.8603057265281677,
    0.20422892272472382,
    0.8324630856513977,
    0.992946445941925,
    0.04138003662228584,
    0.8738402128219604,
    0.06198989972472191,
    0.46671658754348755,
    0.11679212003946304,
    0.9771324992179871,
    0.9138340353965759,
    0.8476842641830444,
    0.3025476932525635,
    0.41203397512435913,
    0.3339576721191406,
    0.06649432331323624,
    0.5156540870666504,
    0.2873292863368988,
    0.5008075833320618,
    0.9054072499275208,
    0.595562219619751,
    0.07606437057256699,
    0.42068058252334595,
    0.6036493182182312,
    0.5142934322357178,
    0.8461086750030518,
    0.23871034383773804,
    0.7080678939819336,
    0.2830978333950043,
