{
  "model": "MLP",
  "protocol": "one_city_out_v2",
  "seed": 3,
  "timestamp": "2026-04-15T04:34:43.023891Z",
  "hyperparameters": {
    "architecture": "128-ReLU-Drop(0.3)-64-ReLU-1",
    "lr_grid": [
      0.0001,
      0.001,
      0.01
    ],
    "best_lr": 0.001,
    "epochs": 100,
    "optimizer": "Adam",
    "weight_decay": 0.0001,
    "pos_weight": 2.9341,
    "standardised": true
  },
  "test_metrics": {
    "acc": 0.6896551724137931,
    "macro_f1": 0.6699206705895879,
    "bal_acc": 0.7087706855791962,
    "nll": 0.6305802317637214,
    "ece": 0.4877338175279406,
    "brier": 0.21458580726540838
  },
  "test_probs": [
    0.7679387331008911,
    0.8458759188652039,
    0.14799973368644714,
    0.8254263401031494,
    0.2246740162372589,
    0.02720889076590538,
    0.18132686614990234,
    0.672684907913208,
    0.07468598335981369,
    0.042891938239336014,
    0.3794032037258148,
    0.8192460536956787,
    0.7723241448402405,
    0.13953697681427002,
    0.4925743341445923,
    0.2041715383529663,
    0.0014765179948881269,
    0.10914385318756104,
    0.06905669718980789,
    0.6790919303894043,
    0.09658926725387573,
    0.45012128353118896,
    0.0931093767285347,
    0.39998146891593933,
    0.7252628207206726,
    0.5545801520347595,
    0.13190855085849762,
    0.7251898050308228,
    0.7722341418266296,
    0.001587621052749455,
    0.46672317385673523,
    0.7696887254714966,
    0.515633225440979,
    0.5780169367790222,
    0.7160540223121643,
    0.059786614030599594,
    0.6710234880447388,
    0.8652901649475098,
    0.9099489450454712,
    0.8538357019424438,
    0.08906348049640656,
    0.2382069081068039,
    0.10642849653959274,
    0.7445132732391357,
    0.1836579442024231,
    0.01712845265865326,
    0.06290439516305923,
    0.7139242887496948,
    0.0552925169467926,
    0.0595230832695961,
    0.6486824154853821,
    0.5972842574119568,
    0.9037488698959351,
    0.02412492036819458,
    0.062227215617895126,
    0.11538227647542953,
    0.2702650725841522,
    0.11787548661231995,
    0.7074889540672302,
    0.1541498303413391,
    0.1520223319530487,
    0.5851298570632935,
    0.3134484589099884,
    0.11271944642066956,
    0.4471845030784607,
    0.3620954751968384,
    0.5925072431564331,
    0.4547151029109955,
    0.32854193449020386,
    0.2974315583705902,
    0.7444238066673279,
    0.9429118037223816,
    0.7897077202796936,
    0.8140011429786682,
    0.881071150302887,
    0.6752890348434448,
    0.4163956940174103,
    0.7970575094223022,
    0.32397085428237915,
    0.14470915496349335,
    0.806432843208313,
    0.5080326199531555,
    0.4414518177509308,
    0.9333198666572571,
    0.7724404335021973,
    0.3456314206123352,
    0.6152615547180176,
    0.18094949424266815,
    0.004561201203614473,
    0.21075943112373352,
    0.22712191939353943,
    0.4968664348125458,
    0.17459262907505035,
    0.019952936097979546,
    0.25570163130760193,
    0.916490375995636,
    0.8344858288764954,
    0.41159698367118835,
    0.5991978645324707,
    0.8401229381561279,
    0.0837724357843399,
    0.4901566207408905,
    0.2763383090496063,
    0.029763564467430115,
    0.00031252464395947754,
    0.14625386893749237,
    0.10646117478609085,
    0.07213336229324341,
    0.721500039100647,
    0.12198236584663391,
    0.600483775138855,
    0.3103170692920685,
    0.11109578609466553,
    0.9491109251976013,
    0.0071149119175970554,
    0.08908785879611969,
    0.3938647210597992,
    0.4799220860004425,
    0.0030575364362448454,
    0.08280099928379059,
    0.023294175043702126,
    0.003380918875336647,
    0.2273399531841278,
    0.05301643908023834,
    0.8811330795288086,
    0.7238125205039978,
    0.12075120955705643,
    0.003387126140296459,
    0.7422451376914978,
    0.7852652072906494,
    0.7218159437179565,
    0.01058987621217966,
    0.45840179920196533,
    0.024330846965312958,
    0.7909819483757019,
    0.17939744889736176,
    0.9744594693183899,
    0.039085809141397476,
    0.5070295333862305,
    0.6159113049507141,
    0.17282482981681824,
    0.6810194849967957,
    0.22445784509181976,
    0.16882899403572083,
    0.20688393712043762,
    0.8690856695175171,
    0.568476140499115,
    0.2537044584751129,
    0.031749628484249115,
    0.0005318750627338886,
    0.8537599444389343,
    0.4680105447769165,
    0.09240325540304184,
    0.5961591601371765,
    0.9462151527404785,
    0.1062571331858635,
    0.7687891721725464,
    0.5921379923820496,
    0.8124752044677734,
    0.780460774898529,
    0.83928382396698,
    0.3740793466567993,
    0.7849236726760864,
    0.4191010594367981,
    0.8893780708312988,
    0.4435955286026001,
    0.5245699286460876,
    0.45757246017456055,
    0.6842086315155029,
    0.7492753267288208,
    0.1325700730085373,
    0.269320547580719,
    0.22009602189064026,
    0.7580136656761169,
    0.48629263043403625,
    0.8311330676078796,
    0.033323828130960464,
    0.9802694916725159,
    0.09319505095481873,
    0.698459267616272,
    0.820871889591217,
    0.7757657766342163,
    0.5311458110809326,
    0.3972668945789337,
    0.8964961767196655,
    0.8219555616378784,
    0.8320741653442383,
    0.4444265365600586,
    0.8732912540435791,
    0.7965693473815918,
    0.9207789301872253,
    0.8830394148826599,
    0.9593222141265869,
    0.201287180185318,
    0.13298416137695312,
    0.813153862953186,
    0.1599053591489792,
    0.5696460008621216,
    0.8825404644012451,
    0.8835873007774353,
    0.4642254114151001,
    0.5816537737846375,
    0.014155999757349491,
    0.2748013436794281,
    0.914644181728363,
    0.2824588119983673,
    0.24840226769447327,
    0.36778661608695984,
    0.23536747694015503,
    0.7723504304885864,
    0.09490904211997986,
    0.9048624634742737,
    0.12965162098407745,
    0.006488705985248089,
    0.4035910367965698,
    0.6924190521240234,
    0.921778678894043,
    0.5493406653404236,
    0.06773604452610016,
    0.4711475074291229,
    0.9152079224586487,
    0.7732119560241699,
    0.6629242897033691,
    0.25702252984046936,
    0.664333701133728,
    0.7249141335487366,
    0.6321097016334534,
    0.2067931890487671,
    0.9802156090736389,
    0.5416046380996704,
    0.9306429624557495,
    0.7444400191307068,
    0.030456291511654854,
    0.16192586719989777,
    0.07537831366062164,
    0.5124445557594299,
    0.41846200823783875,
    0.06917688995599747,
    0.09201393276453018,
    0.03196803480386734,
    0.28272131085395813,
    0.04776725918054581,
    0.1876327395439148,
    0.008600348606705666,
    0.7306263446807861,
    0.48093998432159424,
    0.5900540947914124,
    0.0546501986682415,
    0.2070174366235733,
    0.16107280552387238,
    0.691190242767334,
    0.7896320819854736,
    0.002179571893066168,
    0.30497580766677856,
    0.21834638714790344,
    0.1559174507856369,
    0.8471248149871826,
    0.6706530451774597,
    0.38742807507514954,
    0.06409777700901031,
    0.2024625688791275,
    0.1564083844423294,
    0.8594992756843567,
    0.31955522298812866,
    0.5802434682846069,
    0.6948943734169006,
    0.28375792503356934,
    0.43304580450057983,
    0.0959043800830841,
    0.4665479063987732,
    0.5246536135673523,
    0.6350915431976318,
    0.8963719606399536,
    0.14758284389972687,
    0.903779923915863,
    0.9937695860862732,
    0.13910982012748718,
    0.889469563961029,
    0.06036413088440895,
    0.7710267901420593,
    0.07774072885513306,
    0.9726973176002502,
    0.9282088875770569,
    0.7916103005409241,
    0.33282098174095154,
    0.26915204524993896,
    0.7863138914108276,
    0.04417771100997925,
    0.5887963771820068,
    0.17895381152629852,
    0.5648162961006165,
    0.8614394068717957,
    0.5582581162452698,
    0.09203644096851349,
    0.36567068099975586,
    0.7484967112541199,
    0.41392776370048523,
    0.804419755935669,
    0.2908822298049927,
    0.7300962805747986,
    0.42039546370506287,
