{
  "model": "MLP",
  "protocol": "one_city_out_v2",
  "seed": 4,
  "timestamp": "2026-04-15T04:34:51.872451Z",
  "hyperparameters": {
    "architecture": "128-ReLU-Drop(0.3)-64-ReLU-1",
    "lr_grid": [
      0.0001,
      0.001,
      0.01
    ],
    "best_lr": 0.001,
    "epochs": 100,
    "optimizer": "Adam",
    "weight_decay": 0.0001,
    "pos_weight": 2.9341,
    "standardised": true
  },
  "test_metrics": {
    "acc": 0.6896551724137931,
    "macro_f1": 0.672004985200187,
    "bal_acc": 0.7149645390070922,
    "nll": 0.6513489683163718,
    "ece": 0.49280860050812036,
    "brier": 0.22091294579899082
  },
  "test_probs": [
    0.7934961318969727,
    0.8300521373748779,
    0.10822640359401703,
    0.847021758556366,
    0.19077055156230927,
    0.08877304941415787,
    0.14953795075416565,
    0.765380322933197,
    0.0431695431470871,
    0.06999152898788452,
    0.40251943469047546,
    0.7326690554618835,
    0.5393737554550171,
    0.1759161502122879,
    0.7349820137023926,
    0.1574329137802124,
    0.0025244061835110188,
    0.1524161845445633,
    0.06049991026520729,
    0.8571179509162903,
    0.09630987793207169,
    0.6409066915512085,
    0.0977923646569252,
    0.40231096744537354,
    0.8042925596237183,
    0.4064308702945709,
    0.19329673051834106,
    0.7292734384536743,
    0.657481849193573,
    0.002348561305552721,
    0.3637133538722992,
    0.8544089794158936,
    0.48195523023605347,
    0.6770141124725342,
    0.8238457441329956,
    0.06921796500682831,
    0.6718155145645142,
    0.7871824502944946,
    0.8974776864051819,
    0.8654245138168335,
    0.09234828501939774,
    0.22942812740802765,
    0.1442042738199234,
    0.7760180830955505,
    0.20836566388607025,
    0.03442060202360153,
    0.047854114323854446,
    0.7753961086273193,
    0.05707453563809395,
    0.04374498501420021,
    0.7857721447944641,
    0.6679418087005615,
    0.934513509273529,
    0.02080780826508999,
    0.07067152112722397,
    0.15234683454036713,
    0.2988826036453247,
    0.20870892703533173,
    0.8293031454086304,
    0.13889141380786896,
    0.15562567114830017,
    0.49193480610847473,
    0.21742327511310577,
    0.6574773788452148,
    0.4575674533843994,
    0.4420616626739502,
    0.728196382522583,
    0.3605496287345886,
    0.31813663244247437,
    0.21036577224731445,
    0.7647066116333008,
    0.9576808214187622,
    0.45633643865585327,
    0.7822941541671753,
    0.8536326289176941,
    0.6618664860725403,
    0.3611815869808197,
    0.799299955368042,
    0.2605331838130951,
    0.044329095631837845,
    0.8116993308067322,
    0.5181705951690674,
    0.32646551728248596,
    0.9399939775466919,
    0.7769474983215332,
    0.3799808621406555,
    0.5264561772346497,
    0.14420394599437714,
    0.008412559516727924,
    0.180459663271904,
    0.2509194016456604,
    0.5383577942848206,
    0.19574430584907532,
    0.021668218076229095,
    0.17957238852977753,
    0.9220696687698364,
    0.8704528212547302,
    0.4566338062286377,
    0.41362810134887695,
    0.8490543961524963,
    0.06772390753030777,
    0.5618699193000793,
    0.23801828920841217,
    0.09082109481096268,
    0.0025087245739996433,
    0.16322208940982819,
    0.11916424334049225,
    0.04133814200758934,
    0.7461828589439392,
    0.14314018189907074,
    0.7154964208602905,
    0.19594407081604004,
    0.12334484606981277,
    0.9519749283790588,
    0.014530538581311703,
    0.21515341103076935,
    0.30146524310112,
    0.7926211953163147,
    0.0064081307500600815,
    0.1259767860174179,
    0.018224848434329033,
    0.038901008665561676,
    0.30142247676849365,
    0.03505397588014603,
    0.8118308782577515,
    0.5950122475624084,
    0.225227952003479,
    0.002457263646647334,
    0.7129507660865784,
    0.7715978622436523,
    0.7472853064537048,
    0.013172781094908714,
    0.7447323203086853,
    0.018554208800196648,
    0.7442601919174194,
    0.05527477711439133,
    0.9607736468315125,
    0.025295112282037735,
    0.5833256244659424,
    0.6604252457618713,
    0.14386732876300812,
    0.6907488107681274,
    0.24337288737297058,
    0.03532474488019943,
    0.09567124396562576,
    0.8740779161453247,
    0.44808363914489746,
    0.4258476197719574,
    0.01057504303753376,
    0.0010546528501436114,
    0.829955518245697,
    0.629192590713501,
    0.1422368288040161,
    0.5032282471656799,
    0.9661514759063721,
    0.30879220366477966,
    0.6983362436294556,
    0.4086611270904541,
    0.7560129165649414,
    0.854511022567749,
    0.8271413445472717,
    0.40751489996910095,
    0.8197959661483765,
    0.45907482504844666,
    0.8075518012046814,
    0.31563547253608704,
    0.7054722309112549,
    0.4988672137260437,
    0.6763310432434082,
    0.8889111280441284,
    0.13366858661174774,
    0.29118338227272034,
    0.24514617025852203,
    0.724838137626648,
    0.5165659785270691,
    0.8547987937927246,
    0.026193084195256233,
    0.9667435884475708,
    0.07317029684782028,
    0.7434737086296082,
    0.7751469612121582,
    0.835825502872467,
    0.3751383423805237,
    0.32647132873535156,
    0.9472506046295166,
    0.852850615978241,
    0.841733992099762,
    0.6662744879722595,
    0.9276793003082275,
    0.8216591477394104,
    0.9091514945030212,
    0.8867598176002502,
    0.9343537092208862,
    0.19219088554382324,
    0.21627695858478546,
    0.7991427183151245,
    0.11705081909894943,
    0.5259918570518494,
    0.8845261335372925,
    0.879092812538147,
    0.4127400815486908,
    0.5881773829460144,
    0.020537110045552254,
    0.3919360041618347,
    0.930719792842865,
    0.5852810144424438,
    0.47818881273269653,
    0.35697054862976074,
    0.2764316499233246,
    0.808799684047699,
    0.12373974174261093,
    0.8829202055931091,
    0.07685714215040207,
    0.009907475672662258,
    0.7011573910713196,
    0.5282765626907349,
    0.9608938097953796,
    0.7029134035110474,
    0.09883710741996765,
    0.46354377269744873,
    0.9351361393928528,
    0.6748985648155212,
    0.6004186868667603,
    0.43178239464759827,
    0.683137059211731,
    0.8281583189964294,
    0.6535457372665405,
    0.478122740983963,
    0.977769136428833,
    0.4181681275367737,
    0.9420385956764221,
    0.7800488471984863,
    0.08032845705747604,
    0.20197835564613342,
    0.10245167464017868,
    0.6673627495765686,
    0.30667006969451904,
    0.05688885971903801,
    0.10347534716129303,
    0.04575404152274132,
    0.34683722257614136,
    0.03140411525964737,
    0.10541035234928131,
    0.014337752014398575,
    0.650580883026123,
    0.6577325463294983,
    0.5807590484619141,
    0.06393540650606155,
    0.09831107407808304,
    0.13274399936199188,
    0.6653019785881042,
    0.6387273669242859,
    0.015689438208937645,
    0.17843475937843323,
    0.18944285809993744,
    0.15709559619426727,
    0.7930821180343628,
    0.7954117655754089,
    0.4851791560649872,
    0.049405209720134735,
    0.49964335560798645,
    0.12228133529424667,
    0.8235518932342529,
    0.3132334351539612,
    0.5526871085166931,
    0.6747575402259827,
    0.3162904679775238,
    0.460953950881958,
    0.06808698177337646,
    0.4782390892505646,
    0.6971992254257202,
    0.706943690776825,
    0.9307291507720947,
    0.23656418919563293,
    0.8271694183349609,
    0.9925605058670044,
    0.08513469249010086,
    0.8851085901260376,
    0.046038173139095306,
    0.7540487051010132,
    0.09335204213857651,
    0.9632927775382996,
    0.9386810660362244,
    0.8551117777824402,
    0.37113550305366516,
    0.44230061769485474,
    0.8130727410316467,
    0.044883184134960175,
    0.27841895818710327,
    0.3228169083595276,
    0.6270242929458618,
    0.869902491569519,
    0.5361982583999634,
    0.09067152440547943,
    0.3906885087490082,
    0.7044287919998169,
    0.5812601447105408,
    0.8229698538780212,
    0.36063849925994873,
    0.729425847530365,
    0.24990710616111755,
