{
  "model": "MLP",
  "protocol": "one_city_out_v2",
  "seed": 0,
  "timestamp": "2026-04-15T04:34:09.484321Z",
  "hyperparameters": {
    "architecture": "128-ReLU-Drop(0.3)-64-ReLU-1",
    "lr_grid": [
      0.0001,
      0.001,
      0.01
    ],
    "best_lr": 0.001,
    "epochs": 100,
    "optimizer": "Adam",
    "weight_decay": 0.0001,
    "pos_weight": 2.9341,
    "standardised": true
  },
  "test_metrics": {
    "acc": 0.670846394984326,
    "macro_f1": 0.6541951869173351,
    "bal_acc": 0.6985342789598108,
    "nll": 0.6476216707062391,
    "ece": 0.48075818063743814,
    "brier": 0.22166118668569915
  },
  "test_probs": [
    0.7712633609771729,
    0.8832690715789795,
    0.2217683494091034,
    0.8432216644287109,
    0.1682003140449524,
    0.18526142835617065,
    0.210743710398674,
    0.7600466012954712,
    0.05263394117355347,
    0.061342447996139526,
    0.3106190860271454,
    0.7809222936630249,
    0.6656208634376526,
    0.14618952572345734,
    0.4966806173324585,
    0.21967513859272003,
    0.006151239853352308,
    0.15533271431922913,
    0.08785977214574814,
    0.7931625247001648,
    0.09714556485414505,
    0.5122424364089966,
    0.10028383135795593,
    0.642214834690094,
    0.7076406478881836,
    0.4736592769622803,
    0.16315066814422607,
    0.7163182497024536,
    0.6264953017234802,
    0.0035024185199290514,
    0.4647240936756134,
    0.826629102230072,
    0.3930153548717499,
    0.6795510053634644,
    0.7827591896057129,
    0.0694841668009758,
    0.5819423198699951,
    0.8454249501228333,
    0.8752216100692749,
    0.8239748477935791,
    0.08462053537368774,
    0.20568037033081055,
    0.15483728051185608,
    0.8081936240196228,
    0.1934746950864792,
    0.045142024755477905,
    0.05969863757491112,
    0.8574986457824707,
    0.06250061094760895,
    0.054104261100292206,
    0.666795551776886,
    0.7603763937950134,
    0.877540111541748,
    0.023702433332800865,
    0.07234466075897217,
    0.1217404454946518,
    0.32905349135398865,
    0.1529444009065628,
    0.6727529168128967,
    0.1482609659433365,
    0.1249585896730423,
    0.45941361784935,
    0.2026299238204956,
    0.6120820045471191,
    0.52872234582901,
    0.33604925870895386,
    0.4649604558944702,
    0.355151891708374,
    0.2841463088989258,
    0.24757838249206543,
    0.5380900502204895,
    0.9525372385978699,
    0.7716549634933472,
    0.8389893174171448,
    0.8750818371772766,
    0.5485742688179016,
    0.45885714888572693,
    0.8008269667625427,
    0.2920859456062317,
    0.09665026515722275,
    0.8777458071708679,
    0.47259756922721863,
    0.5011520385742188,
    0.9490312933921814,
    0.7797489166259766,
    0.4607282876968384,
    0.7038622498512268,
    0.1974092721939087,
    0.007806594483554363,
    0.25619956851005554,
    0.17560641467571259,
    0.4291672110557556,
    0.34594976902008057,
    0.049274493008852005,
    0.22991250455379486,
    0.9048156142234802,
    0.8372108340263367,
    0.42249637842178345,
    0.5203161239624023,
    0.8791928887367249,
    0.09633133560419083,
    0.5048016309738159,
    0.39150458574295044,
    0.11519463360309601,
    0.009169465862214565,
    0.20320965349674225,
    0.08560915291309357,
    0.11910693347454071,
    0.7304803729057312,
    0.10731736570596695,
    0.6510149836540222,
    0.2601523697376251,
    0.3220989406108856,
    0.9638135433197021,
    0.020477045327425003,
    0.14608700573444366,
    0.33098259568214417,
    0.7272058129310608,
    0.006721645127981901,
    0.0835622176527977,
    0.02869448810815811,
    0.02703513763844967,
    0.3743177056312561,
    0.10586593300104141,
    0.8625926375389099,
    0.7120383381843567,
    0.20804183185100555,
    0.005406568758189678,
    0.6787168979644775,
    0.8186676502227783,
    0.7701972723007202,
    0.01590866781771183,
    0.6865560412406921,
    0.052947185933589935,
    0.852103054523468,
    0.26901406049728394,
    0.9528154134750366,
    0.06303287297487259,
    0.5897260308265686,
    0.5577476024627686,
    0.20248720049858093,
    0.6712789535522461,
    0.19743846356868744,
    0.10444045066833496,
    0.18072304129600525,
    0.8769888281822205,
    0.476535439491272,
    0.4446873664855957,
    0.040286291390657425,
    0.0017989599145948887,
    0.8288916945457458,
    0.617051362991333,
    0.1567649394273758,
    0.5515873432159424,
    0.9693492650985718,
    0.3266310393810272,
    0.7060092091560364,
    0.5090999603271484,
    0.7829024791717529,
    0.8090607523918152,
    0.8588074445724487,
    0.4418829083442688,
    0.8529910445213318,
    0.3832772374153137,
    0.895098090171814,
    0.40178224444389343,
    0.6840447187423706,
    0.5510939955711365,
    0.5586138963699341,
    0.8352057933807373,
    0.12103370577096939,
    0.3145211637020111,
    0.2318129539489746,
    0.6938366293907166,
    0.3388066589832306,
    0.8708307147026062,
    0.04668489471077919,
    0.9746992588043213,
    0.06576693803071976,
    0.763905942440033,
    0.7844691872596741,
    0.8564679026603699,
    0.40784189105033875,
    0.4684848487377167,
    0.8146252036094666,
    0.8676663637161255,
    0.82686448097229,
    0.5923010110855103,
    0.9678803086280823,
    0.8294638991355896,
    0.9249796271324158,
    0.9086076021194458,
    0.9460227489471436,
    0.3273243010044098,
    0.10553577542304993,
    0.7953743934631348,
    0.14575450122356415,
    0.6585084795951843,
    0.9073651432991028,
    0.9131901860237122,
    0.3742162883281708,
    0.4765070974826813,
    0.031877290457487106,
    0.4331648349761963,
    0.9227617383003235,
    0.5592706799507141,
    0.37023189663887024,
    0.2882688045501709,
    0.2880110740661621,
    0.7620375156402588,
    0.13039235770702362,
    0.8981517553329468,
    0.13440923392772675,
    0.012821836397051811,
    0.4109252691268921,
    0.7441291809082031,
    0.9074168801307678,
    0.7967548370361328,
    0.06498705595731735,
    0.52774578332901,
    0.9195961952209473,
    0.5797585844993591,
    0.537351131439209,
    0.6632182002067566,
    0.3758106529712677,
    0.6761539578437805,
    0.6412635445594788,
    0.46037930250167847,
    0.9959516525268555,
    0.4318544566631317,
    0.9453822374343872,
    0.7537640333175659,
    0.11040591448545456,
    0.19934622943401337,
    0.06080026552081108,
    0.5900135040283203,
    0.41136759519577026,
    0.06802025437355042,
    0.09946278482675552,
    0.05379197373986244,
    0.27305760979652405,
    0.038575679063797,
    0.25249913334846497,
    0.03572949394583702,
    0.8075615167617798,
    0.6137073040008545,
    0.5935304760932922,
    0.09823288023471832,
    0.10080365091562271,
    0.20550622045993805,
    0.6265349984169006,
    0.5737941861152649,
    0.011197690851986408,
    0.6315993070602417,
    0.16619135439395905,
    0.19992950558662415,
    0.8103114366531372,
    0.70742267370224,
    0.5527541637420654,
    0.07440229505300522,
    0.43236592411994934,
    0.248311385512352,
    0.8174603581428528,
    0.2362406849861145,
    0.5939598679542542,
    0.6671059727668762,
    0.29266396164894104,
    0.39006465673446655,
    0.09689541906118393,
    0.4427848160266876,
    0.5381372570991516,
    0.728094756603241,
    0.8909409046173096,
    0.22343818843364716,
    0.8205394148826599,
    0.9910098314285278,
    0.14505162835121155,
    0.873145580291748,
    0.030032696202397346,
    0.4503380060195923,
    0.07830945402383804,
    0.9764549136161804,
    0.9436774253845215,
    0.8086100220680237,
    0.312671959400177,
    0.39477309584617615,
    0.56144118309021,
    0.09968332946300507,
    0.2862050533294678,
    0.24789927899837494,
    0.5043822526931763,
    0.8957330584526062,
    0.5979165434837341,
    0.1298220306634903,
    0.5587384104728699,
    0.7986047863960266,
    0.8415634036064148,
    0.8359187841415405,
    0.316070020198822,
    0.8958364725112915,
    0.25388103723526,
    0.6559600234031677,
