{
  "model": "MLP",
  "protocol": "one_city_out_v2",
  "seed": 1,
  "timestamp": "2026-04-15T04:34:19.550493Z",
  "hyperparameters": {
    "architecture": "128-ReLU-Drop(0.3)-64-ReLU-1",
    "lr_grid": [
      0.0001,
      0.001,
      0.01
    ],
    "best_lr": 0.001,
    "epochs": 100,
    "optimizer": "Adam",
    "weight_decay": 0.0001,
    "pos_weight": 2.9341,
    "standardised": true
  },
  "test_metrics": {
    "acc": 0.6677115987460815,
    "macro_f1": 0.6435829327936589,
    "bal_acc": 0.6746335697399528,
    "nll": 0.632940469564396,
    "ece": 0.4893708768356183,
    "brier": 0.2150261598717389
  },
  "test_probs": [
    0.7803301215171814,
    0.8456307649612427,
    0.11498565226793289,
    0.8116623163223267,
    0.19265960156917572,
    0.10516220331192017,
    0.13237720727920532,
    0.6761090755462646,
    0.04834844172000885,
    0.04544050991535187,
    0.2751232981681824,
    0.7971549034118652,
    0.653178870677948,
    0.07708431035280228,
    0.518957793712616,
    0.15062767267227173,
    0.0012045250041410327,
    0.15361395478248596,
    0.10537931323051453,
    0.8333837389945984,
    0.09290657937526703,
    0.563242495059967,
    0.05995875597000122,
    0.465880811214447,
    0.7939065098762512,
    0.42445388436317444,
    0.13533788919448853,
    0.6439827084541321,
    0.7004093527793884,
    0.0017984185833483934,
    0.3582998514175415,
    0.7623976469039917,
    0.3448409140110016,
    0.7031407356262207,
    0.7713807225227356,
    0.026754850521683693,
    0.5150387287139893,
    0.8211359977722168,
    0.8901500701904297,
    0.8397314548492432,
    0.15188419818878174,
    0.17808771133422852,
    0.14495667815208435,
    0.8029094934463501,
    0.1153065636754036,
    0.03819495439529419,
    0.11207311600446701,
    0.7771444916725159,
    0.04255817085504532,
    0.068856380879879,
    0.7035943865776062,
    0.5362577438354492,
    0.9487132430076599,
    0.03556329756975174,
    0.07300278544425964,
    0.13272881507873535,
    0.2120312750339508,
    0.09580150246620178,
    0.726942241191864,
    0.14985784888267517,
    0.16233021020889282,
    0.5652503371238708,
    0.22445820271968842,
    0.2950829565525055,
    0.5502737760543823,
    0.4103888273239136,
    0.6051918268203735,
    0.3049491047859192,
    0.24244923889636993,
    0.2730068862438202,
    0.4981744885444641,
    0.9379238486289978,
    0.5669947266578674,
    0.7715133428573608,
    0.8359196782112122,
    0.5736697912216187,
    0.2541234493255615,
    0.8601013422012329,
    0.3003508746623993,
    0.07149642705917358,
    0.8727356195449829,
    0.3105573356151581,
    0.4212495982646942,
    0.9409293532371521,
    0.8169419169425964,
    0.4353194832801819,
    0.6047201752662659,
    0.16128665208816528,
    0.005327432416379452,
    0.20532935857772827,
    0.20375840365886688,
    0.5279309153556824,
    0.191656693816185,
    0.013943176716566086,
    0.17620837688446045,
    0.8885387182235718,
    0.842789888381958,
    0.4106331169605255,
    0.4514402151107788,
    0.7642913460731506,
    0.08760659396648407,
    0.4720537066459656,
    0.357733815908432,
    0.09152812510728836,
    0.0031147717963904142,
    0.11849119514226913,
    0.10910424590110779,
    0.032212335616350174,
    0.7460246086120605,
    0.16044360399246216,
    0.6374104022979736,
    0.22620417177677155,
    0.3246479630470276,
    0.9495570063591003,
    0.003853323869407177,
    0.11604776233434677,
    0.18220895528793335,
    0.5501561164855957,
    0.0031978776678442955,
    0.07132872939109802,
    0.023190680891275406,
    0.07979923486709595,
    0.261461079120636,
    0.2318277209997177,
    0.8077967166900635,
    0.5853864550590515,
    0.08267119526863098,
    0.002203443320468068,
    0.6481333374977112,
    0.7596033811569214,
    0.622647225856781,
    0.016763728111982346,
    0.7083399891853333,
    0.026462487876415253,
    0.8069382905960083,
    0.12949857115745544,
    0.9635825753211975,
    0.0223480686545372,
    0.6850511431694031,
    0.6111208200454712,
    0.18901167809963226,
    0.6293869018554688,
    0.17251023650169373,
    0.07329121977090836,
    0.07981210201978683,
    0.810961127281189,
    0.4313306510448456,
    0.38968807458877563,
    0.02136080153286457,
    0.00022966056712903082,
    0.7891047596931458,
    0.5756776928901672,
    0.12354448437690735,
    0.45852917432785034,
    0.9605029225349426,
    0.019225602969527245,
    0.7411905527114868,
    0.6026186347007751,
    0.7637748718261719,
    0.7929365038871765,
    0.7641321420669556,
    0.3416669964790344,
    0.6520107388496399,
    0.4835236370563507,
    0.7937865853309631,
    0.311127632856369,
    0.704858124256134,
    0.509048342704773,
    0.7926220893859863,
    0.9015665650367737,
    0.10632045567035675,
    0.21719671785831451,
    0.23777742683887482,
    0.6858593821525574,
    0.4822375476360321,
    0.7938120365142822,
    0.017357656732201576,
    0.9731059074401855,
    0.05517244711518288,
    0.6829000115394592,
    0.76656174659729,
    0.8418863415718079,
    0.34289902448654175,
    0.33362582325935364,
    0.9132964611053467,
    0.8082621693611145,
    0.7901308536529541,
    0.40123921632766724,
    0.923374593257904,
    0.8287515044212341,
    0.9098133444786072,
    0.8539549708366394,
    0.9101153612136841,
    0.3958125114440918,
    0.10215702652931213,
    0.7898068428039551,
    0.10403984785079956,
    0.5171276330947876,
    0.9156689643859863,
    0.9035056233406067,
    0.4413985311985016,
    0.5792250633239746,
    0.013433017767965794,
    0.370373010635376,
    0.9130919575691223,
    0.43983644247055054,
    0.18045492470264435,
    0.29028722643852234,
    0.14100472629070282,
    0.8039824962615967,
    0.08970862627029419,
    0.883704662322998,
    0.03706434369087219,
    0.00661512603983283,
    0.38006043434143066,
    0.5564695596694946,
    0.9369033575057983,
    0.6425279378890991,
    0.07358479499816895,
    0.3830038905143738,
    0.9323917031288147,
    0.7947811484336853,
    0.4511200487613678,
    0.16375473141670227,
    0.737292468547821,
    0.7380533218383789,
    0.5796071290969849,
    0.4094369411468506,
    0.9778138399124146,
    0.42228496074676514,
    0.932066023349762,
    0.7817633748054504,
    0.07599946111440659,
    0.22220724821090698,
    0.11232905834913254,
    0.42313840985298157,
    0.315544068813324,
    0.06011740863323212,
    0.1316126585006714,
    0.03157966211438179,
    0.3954339623451233,
    0.023361461237072945,
    0.20309747755527496,
    0.01164110004901886,
    0.8430095911026001,
    0.5257092118263245,
    0.45480918884277344,
    0.035310376435518265,
    0.21580389142036438,
    0.24914981424808502,
    0.5969344973564148,
    0.8072783946990967,
    0.016735346987843513,
    0.3136748969554901,
    0.1836431473493576,
    0.2197457104921341,
    0.7516188025474548,
    0.7450990080833435,
    0.638954758644104,
    0.0530402809381485,
    0.36168116331100464,
    0.22672496736049652,
    0.8354533314704895,
    0.24914394319057465,
    0.40690678358078003,
    0.6323126554489136,
    0.27288559079170227,
    0.38044169545173645,
    0.0972897931933403,
    0.3270733952522278,
    0.4110747277736664,
    0.6935445070266724,
    0.9474941492080688,
    0.17104306817054749,
    0.9230542182922363,
    0.9919525980949402,
    0.179869145154953,
    0.8730456233024597,
    0.11822539567947388,
    0.5109348893165588,
    0.09565703570842743,
    0.9640357494354248,
    0.9238175749778748,
    0.7990999817848206,
    0.3667575716972351,
    0.3313009440898895,
    0.28037136793136597,
    0.06184568256139755,
    0.7613388299942017,
    0.24287816882133484,
    0.6476231217384338,
    0.9014108777046204,
    0.49280843138694763,
    0.058812521398067474,
    0.519119381904602,
    0.7389976382255554,
    0.49969595670700073,
    0.8189308047294617,
    0.3394472002983093,
    0.8054327368736267,
    0.266270250082016,
