{
  "model": "IRM",
  "protocol": "calibration",
  "seed": 0,
  "timestamp": "2026-04-17T20:54:10.699483Z",
  "hyperparameters": {
    "architecture": "MLP-128-Drop-64-2",
    "optimizer": "Adam",
    "lr": 0.001,
    "weight_decay": 0.0001,
    "epochs": 100,
    "n_envs": 3,
    "pos_weight": 2.9341,
    "lambda_grid": [
      0.001,
      0.1,
      1.0,
      10.0
    ],
    "best_lambda": 0.001,
    "standardised": true
  },
  "test_metrics": {
    "acc": 0.6833855799373041,
    "macro_f1": 0.6632524013085694,
    "bal_acc": 0.7012293144208037,
    "nll": 0.642386024024269,
    "ece": 0.4832228457666117,
    "brier": 0.2170439313497512
  },
  "test_probs": [
    0.7970743179321289,
    0.8828046917915344,
    0.1431857943534851,
    0.8408611416816711,
    0.2073792666196823,
    0.12284425646066666,
    0.18126848340034485,
    0.7964097857475281,
    0.07339605689048767,
    0.04952273517847061,
    0.299812376499176,
    0.7882348299026489,
    0.5222064256668091,
    0.10955677181482315,
    0.4451591670513153,
    0.20339369773864746,
    0.003007160732522607,
    0.10390440374612808,
    0.07138216495513916,
    0.923697829246521,
    0.10262298583984375,
    0.3425005078315735,
    0.08296163380146027,
    0.7229496836662292,
    0.6659986972808838,
    0.47126391530036926,
    0.14320096373558044,
    0.7098459601402283,
    0.6991398930549622,
    0.0015811290359124541,
    0.5210146307945251,
    0.8441573977470398,
    0.4540407359600067,
    0.7138761281967163,
    0.8484629988670349,
    0.046520959585905075,
    0.3917679190635681,
    0.7975714802742004,
    0.8406981229782104,
    0.8237510919570923,
    0.08611682057380676,
    0.20185492932796478,
    0.1288968175649643,
    0.8149043321609497,
    0.1898241490125656,
    0.035879772156476974,
    0.07606757432222366,
    0.7949058413505554,
    0.04683976247906685,
    0.05549685284495354,
    0.7438045740127563,
    0.6887233853340149,
    0.9250078201293945,
    0.024221718311309814,
    0.06615427881479263,
    0.12276085466146469,
    0.29223376512527466,
    0.1116410419344902,
    0.7028958797454834,
    0.11714281886816025,
    0.17335867881774902,
    0.5626649856567383,
    0.32179132103919983,
    0.4483475089073181,
    0.4509359896183014,
    0.3715822398662567,
    0.49490541219711304,
    0.3385328948497772,
    0.32272085547447205,
    0.32654306292533875,
    0.5968009829521179,
    0.953364908695221,
    0.6942618489265442,
    0.8172786235809326,
    0.8888132572174072,
    0.5876635909080505,
    0.3426193296909332,
    0.6492381691932678,
    0.30630072951316833,
    0.07147006690502167,
    0.8843175768852234,
    0.3531454801559448,
    0.37780287861824036,
    0.9311361312866211,
    0.78074711561203,
    0.4920085668563843,
    0.4271042048931122,
    0.14981667697429657,
    0.005777706857770681,
    0.3381696045398712,
    0.21343064308166504,
    0.37437596917152405,
    0.22181296348571777,
    0.02849598415195942,
    0.32429954409599304,
    0.8490762114524841,
    0.7816386222839355,
    0.3034510910511017,
    0.5284180641174316,
    0.7803722620010376,
    0.0949990302324295,
    0.5000052452087402,
    0.3048606216907501,
    0.06572096049785614,
    0.006151583511382341,
    0.09206666052341461,
    0.0657159686088562,
    0.09407707303762436,
    0.7056012749671936,
    0.15546688437461853,
    0.6565596461296082,
    0.2881889045238495,
    0.29094916582107544,
    0.961372435092926,
    0.012845076620578766,
    0.07481198757886887,
    0.39978426694869995,
    0.6322749257087708,
    0.0049982755444943905,
    0.08457768708467484,
    0.018627740442752838,
    0.08108734339475632,
    0.2949126958847046,
    0.0831754207611084,
    0.8335078358650208,
    0.7104613184928894,
    0.10893546789884567,
    0.0037456268910318613,
    0.6966215372085571,
    0.7773584723472595,
    0.7853273153305054,
    0.009790660813450813,
    0.7185506820678711,
    0.03564858436584473,
    0.8273561000823975,
    0.08908862620592117,
    0.9644089937210083,
    0.05699208378791809,
    0.5491311550140381,
    0.5432595610618591,
    0.18733035027980804,
    0.7424031496047974,
    0.2717823088169098,
    0.054016247391700745,
    0.2686619460582733,
    0.8783442378044128,
    0.4964957535266876,
    0.5145096778869629,
    0.06174994632601738,
    0.00019324781897012144,
    0.8403767347335815,
    0.5951868295669556,
    0.1353168785572052,
    0.5324516892433167,
    0.974044680595398,
    0.19710536301136017,
    0.6985898017883301,
    0.4702693223953247,
    0.78284752368927,
    0.8208779692649841,
    0.8361685276031494,
    0.3643801212310791,
    0.7545281052589417,
    0.41852471232414246,
    0.8745555877685547,
    0.38773995637893677,
    0.7039318680763245,
    0.5073317885398865,
    0.604533314704895,
    0.9439175128936768,
    0.1501932293176651,
    0.23501141369342804,
    0.16651499271392822,
    0.6922916173934937,
    0.3315980136394501,
    0.866123616695404,
    0.047821540385484695,
    0.968458890914917,
    0.06323221325874329,
    0.6952711343765259,
    0.7515972256660461,
    0.8816702365875244,
    0.45770466327667236,
    0.3694725036621094,
    0.7681893706321716,
    0.8125565648078918,
    0.826494038105011,
    0.4475502669811249,
    0.9489025473594666,
    0.870158851146698,
    0.9056884050369263,
    0.8800576329231262,
    0.9275791049003601,
    0.38589707016944885,
    0.1291549652814865,
    0.7941382527351379,
    0.14722907543182373,
    0.6203243732452393,
    0.8461124897003174,
    0.9287423491477966,
    0.38072916865348816,
    0.6121417284011841,
    0.024007439613342285,
    0.5373669862747192,
    0.927587628364563,
    0.4874950349330902,
    0.3468641936779022,
    0.25074833631515503,
    0.30096369981765747,
    0.7915754318237305,
    0.12957510352134705,
    0.851606011390686,
    0.15186643600463867,
    0.008488918654620647,
    0.3313991129398346,
    0.6618716716766357,
    0.9285945892333984,
    0.7293881773948669,
    0.06911630928516388,
    0.5597991943359375,
    0.9383509755134583,
    0.3902391195297241,
    0.5742805600166321,
    0.4224778413772583,
    0.2647213935852051,
    0.7028676867485046,
    0.6301893591880798,
    0.28400230407714844,
    0.9824371933937073,
    0.45865267515182495,
    0.9501482248306274,
    0.7197240591049194,
    0.11490155756473541,
    0.24844233691692352,
    0.06161395087838173,
    0.5610965490341187,
    0.3452708423137665,
    0.09018489718437195,
    0.11019910871982574,
    0.031851086765527725,
    0.37406542897224426,
    0.029870672151446342,
    0.2732281982898712,
    0.026080358773469925,
    0.7431706190109253,
    0.6388158798217773,
    0.5911933779716492,
    0.03686179593205452,
    0.0664098858833313,
    0.1956978291273117,
    0.6022406220436096,
    0.6667701601982117,
    0.013211105950176716,
    0.6672972440719604,
    0.20330257713794708,
    0.16812090575695038,
    0.7811775803565979,
    0.746536135673523,
    0.6931850910186768,
    0.03605758398771286,
    0.6206802725791931,
    0.1747034788131714,
    0.8084844350814819,
    0.2933221161365509,
    0.5426978468894958,
    0.6970134377479553,
    0.3264433443546295,
    0.44481971859931946,
    0.0800124928355217,
    0.4401251971721649,
    0.44590237736701965,
    0.6942480802536011,
    0.8916100263595581,
    0.29587239027023315,
    0.8190644979476929,
    0.9931995272636414,
    0.11789246648550034,
    0.778035581111908,
    0.03936774283647537,
    0.90130615234375,
    0.08085702359676361,
    0.9739959239959717,
    0.9448447823524475,
    0.8536331057548523,
    0.3705708980560303,
    0.3158321976661682,
    0.4070466160774231,
    0.06141270324587822,
    0.3431437611579895,
    0.254745751619339,
    0.6537865400314331,
    0.921692967414856,
    0.5657590627670288,
    0.12237805128097534,
    0.608239471912384,
    0.6973192095756531,
    0.43898987770080566,
    0.7997807860374451,
    0.3255568742752075,
    0.7646653652191162,
