{
  "mean_acc": [
    0.7731356350536089,
    0.7682419496226107,
    0.7545976123521154,
    0.7663124954858747,
    0.7614841813927928
  ],
  "worst_acc": [
    0.5340223944875108,
    0.5625,
    0.25,
    0.4166666666666667,
    0.4583333333333333
  ],
  "mean_f1": [
    0.6789650471637215,
    0.67936107244532,
    0.6579130358992785,
    0.6746714084741781,
    0.6692307793314853
  ],
  "worst_f1": [
    0.43421052631578944,
    0.44155844155844154,
    0.23809523809523808,
    0.37777777777777777,
    0.4079696394686907
  ],
  "mean_bal_acc": [
    0.6806502854001134,
    0.6838760364570325,
    0.663326531831686,
    0.677200735465032,
    0.6737046381141792
  ],
  "worst_bal_acc": [
    0.4852941176470588,
    0.5,
    0.4166666666666667,
    0.5,
    0.5
  ]
}