{
  "model": "GIRL",
  "protocol": "one_city_out_v2_irm_only",
  "seed": 4,
  "timestamp": "2026-04-17T20:07:29.193891Z",
  "hyperparameters": {
    "architecture": "SAGEConv-2layer+LinearHead",
    "hidden_dim": 64,
    "dropout": 0.5,
    "optimizer": "Adam",
    "lr": 0.01,
    "weight_decay": 0.0005,
    "epochs": 200,
    "batch_size": 256,
    "num_neighbors": [
      20,
      20
    ],
    "patience": 20,
    "n_envs": 3,
    "lam_grid": [
      0.1,
      1.0
    ],
    "mu_grid": [
      0.0
    ],
    "best_lambda": 0.1,
    "best_mu": 0.0,
    "scale_irm": "warmup",
    "scale_geo": 1.0,
    "irm_warmup_epochs": 20,
    "pos_weight": 1.7129,
    "weighting": "sqrt_inv_freq"
  },
  "test_metrics": {
    "acc": 0.7335423197492164,
    "macro_f1": 0.6975831186357502,
    "bal_acc": 0.7120094562647754,
    "nll": 0.5220263294363358,
    "ece": 0.4572462355922382,
    "brier": 0.17493164213798798
  },
  "test_probs": [
    0.5994591116905212,
    0.717685341835022,
    0.1884722113609314,
    0.7376033663749695,
    0.13127200305461884,
    0.23456521332263947,
    0.1125306636095047,
    0.4868803322315216,
    0.05878356099128723,
    0.10581453144550323,
    0.2248944789171219,
    0.6033555865287781,
    0.46101537346839905,
    0.06252799183130264,
    0.4175930321216583,
    0.10973750054836273,
    0.015527530573308468,
    0.1639060080051422,
    0.08154648542404175,
    0.6385855078697205,
    0.07665004581212997,
    0.40966325998306274,
    0.05825391411781311,
    0.6099769473075867,
    0.7128533720970154,
    0.2858833074569702,
    0.17616836726665497,
    0.7182238698005676,
    0.6032589673995972,
    0.00456654280424118,
    0.25759562849998474,
    0.6894609928131104,
    0.41894468665122986,
    0.5337705612182617,
    0.5236031413078308,
    0.09932297468185425,
    0.2553584575653076,
    0.7068202495574951,
    0.7867328524589539,
    0.6425098776817322,
    0.13862963020801544,
    0.14275319874286652,
    0.08297760039567947,
    0.668102502822876,
    0.19109009206295013,
    0.11152111738920212,
    0.10353285819292068,
    0.7211148142814636,
    0.07346230745315552,
    0.06782466918230057,
    0.5196672677993774,
    0.49148333072662354,
    0.827915608882904,
    0.038357559591531754,
    0.049319423735141754,
    0.14828890562057495,
    0.2325039803981781,
    0.11424160748720169,
    0.5467848181724548,
    0.12063553184270859,
    0.08343654125928879,
    0.3223317861557007,
    0.2683044672012329,
    0.24421080946922302,
    0.41202929615974426,
    0.24357011914253235,
    0.5471240878105164,
    0.18959803879261017,
    0.3471546173095703,
    0.15098735690116882,
    0.5214055776596069,
    0.8739372491836548,
    0.5037628412246704,
    0.6779828667640686,
    0.6798755526542664,
    0.48705312609672546,
    0.3088700771331787,
    0.5565106868743896,
    0.1810656189918518,
    0.053885914385318756,
    0.6476346254348755,
    0.5958133935928345,
    0.2976311147212982,
    0.856816828250885,
    0.6555382609367371,
    0.26434463262557983,
    0.357463002204895,
    0.10679607838392258,
    0.03587208688259125,
    0.14673766493797302,
    0.21114149689674377,
    0.3774409294128418,
    0.1840428113937378,
    0.08926530182361603,
    0.11664388328790665,
    0.7395106554031372,
    0.6681076884269714,
    0.1975754052400589,
    0.3068622052669525,
    0.5438382029533386,
    0.04299932345747948,
    0.24890701472759247,
    0.17161884903907776,
    0.23710061609745026,
    0.006191828288137913,
    0.1165056973695755,
    0.07686513662338257,
    0.2471057027578354,
    0.4877682328224182,
    0.14694374799728394,
    0.6436640024185181,
    0.16952429711818695,
    0.2544177770614624,
    0.886788547039032,
    0.03998599573969841,
    0.1393253356218338,
    0.3059912919998169,
    0.5867000222206116,
    0.022194448858499527,
    0.049053214490413666,
    0.01576364040374756,
    0.14191433787345886,
    0.23493023216724396,
    0.06338614970445633,
    0.650415301322937,
    0.3779521584510803,
    0.12256758660078049,
    0.022381160408258438,
    0.5335665941238403,
    0.6236631274223328,
    0.5251390337944031,
    0.06872459501028061,
    0.5989353060722351,
    0.04490650072693825,
    0.6358010768890381,
    0.31775784492492676,
    0.8557719588279724,
    0.10532484203577042,
    0.38108402490615845,
    0.618858814239502,
    0.0992375984787941,
    0.4803064465522766,
    0.15531480312347412,
    0.15364249050617218,
    0.21314804255962372,
    0.5431160926818848,
    0.4791959226131439,
    0.569419264793396,
    0.05163143202662468,
    0.039404336363077164,
    0.6017958521842957,
    0.4508093595504761,
    0.1631288081407547,
    0.35762742161750793,
    0.9081447720527649,
    0.20197074115276337,
    0.4873477518558502,
    0.39712467789649963,
    0.6079857349395752,
    0.7018439769744873,
    0.6452576518058777,
    0.35384780168533325,
    0.566227376461029,
    0.43969449400901794,
    0.5564006567001343,
    0.26395729184150696,
    0.6852397918701172,
    0.5343376398086548,
    0.6383588910102844,
    0.6092252731323242,
    0.1138404905796051,
    0.15172390639781952,
    0.10021213442087173,
    0.4512815475463867,
    0.37203481793403625,
    0.7329672574996948,
    0.038716159760951996,
    0.9183999300003052,
    0.05370452255010605,
    0.4867496192455292,
    0.5795002579689026,
    0.6376185417175293,
    0.32931700348854065,
    0.2759777307510376,
    0.7966372966766357,
    0.6452798247337341,
    0.6763039827346802,
    0.5647795796394348,
    0.8044615387916565,
    0.6174376606941223,
    0.6553586721420288,
    0.7489573359489441,
    0.7869510650634766,
    0.2303682267665863,
    0.13547970354557037,
    0.6263011693954468,
    0.11777393519878387,
    0.42741599678993225,
    0.8243328332901001,
    0.6425732970237732,
    0.3099055588245392,
    0.39465782046318054,
    0.058465078473091125,
    0.2636185586452484,
    0.8622029423713684,
    0.4359407126903534,
    0.24262748658657074,
    0.18075332045555115,
    0.22676275670528412,
    0.6356806755065918,
    0.08809652924537659,
    0.7665020227432251,
    0.12326174974441528,
    0.014240085147321224,
    0.5285987854003906,
    0.31392768025398254,
    0.8350723385810852,
    0.446580708026886,
    0.08235291391611099,
    0.4007716476917267,
    0.8792068362236023,
    0.7042220830917358,
    0.510959267616272,
    0.29621613025665283,
    0.3693552017211914,
    0.5441557168960571,
    0.5942498445510864,
    0.23683364689350128,
    0.9442685842514038,
    0.36525219678878784,
    0.8897885680198669,
    0.49544504284858704,
    0.1278199553489685,
    0.23202240467071533,
    0.07474745064973831,
    0.3416263461112976,
    0.18561364710330963,
    0.0685950443148613,
    0.09738638252019882,
    0.08157504349946976,
    0.28959140181541443,
    0.1611584722995758,
    0.11221103370189667,
    0.024591701105237007,
    0.3512036204338074,
    0.29737311601638794,
    0.5928117632865906,
    0.148701474070549,
    0.12775996327400208,
    0.17688478529453278,
    0.45538240671157837,
    0.6589170098304749,
    0.020115936174988747,
    0.23342257738113403,
    0.1094912737607956,
    0.19705773890018463,
    0.707384467124939,
    0.48902252316474915,
    0.2994294762611389,
    0.10423166304826736,
    0.1898595541715622,
    0.16005294024944305,
    0.7345669269561768,
    0.21040210127830505,
    0.41200655698776245,
    0.3850293457508087,
    0.25092124938964844,
    0.27985450625419617,
    0.07787696272134781,
    0.3795779049396515,
    0.40982258319854736,
    0.5441119074821472,
    0.8343129754066467,
    0.18055862188339233,
    0.7962695956230164,
    0.9663022756576538,
    0.13299629092216492,
    0.7033839821815491,
    0.1393202245235443,
    0.3226679563522339,
    0.1197844073176384,
    0.9266690611839294,
    0.8365222811698914,
    0.609636664390564,
    0.1427786648273468,
    0.18360504508018494,
    0.4081451892852783,
    0.22696612775325775,
