{
  "model": "GIRL",
  "protocol": "one_city_out_v2_irm_only",
  "seed": 3,
  "timestamp": "2026-04-17T20:02:14.536265Z",
  "hyperparameters": {
    "architecture": "SAGEConv-2layer+LinearHead",
    "hidden_dim": 64,
    "dropout": 0.5,
    "optimizer": "Adam",
    "lr": 0.01,
    "weight_decay": 0.0005,
    "epochs": 200,
    "batch_size": 256,
    "num_neighbors": [
      20,
      20
    ],
    "patience": 20,
    "n_envs": 3,
    "lam_grid": [
      0.1,
      1.0
    ],
    "mu_grid": [
      0.0
    ],
    "best_lambda": 0.1,
    "best_mu": 0.0,
    "scale_irm": "warmup",
    "scale_geo": 1.0,
    "irm_warmup_epochs": 20,
    "pos_weight": 1.7129,
    "weighting": "sqrt_inv_freq"
  },
  "test_metrics": {
    "acc": 0.7178683385579937,
    "macro_f1": 0.6805740987983978,
    "bal_acc": 0.6947044917257683,
    "nll": 0.542994343914371,
    "ece": 0.4500617446687341,
    "brier": 0.18280364277250052
  },
  "test_probs": [
    0.6185386776924133,
    0.7046648263931274,
    0.21739284694194794,
    0.6820512413978577,
    0.17451350390911102,
    0.09036346524953842,
    0.11186904460191727,
    0.47325509786605835,
    0.16585899889469147,
    0.046939752995967865,
    0.22981177270412445,
    0.5939607620239258,
    0.573160707950592,
    0.11648070812225342,
    0.3915822207927704,
    0.12958478927612305,
    0.02292388118803501,
    0.1300303339958191,
    0.12669281661510468,
    0.5083349347114563,
    0.10556484013795853,
    0.2308567315340042,
    0.07637084275484085,
    0.4451141655445099,
    0.6794037222862244,
    0.24884675443172455,
    0.17284396290779114,
    0.7017304301261902,
    0.6552459597587585,
    0.010143052786588669,
    0.24362389743328094,
    0.6112529635429382,
    0.2830909788608551,
    0.5719926357269287,
    0.4952702522277832,
    0.09767446666955948,
    0.4068475067615509,
    0.6183308959007263,
    0.7858870029449463,
    0.6892092227935791,
    0.1566130667924881,
    0.21111014485359192,
    0.15594634413719177,
    0.7865689396858215,
    0.2395711988210678,
    0.06931672245264053,
    0.16229602694511414,
    0.6333048939704895,
    0.06464648246765137,
    0.2125837355852127,
    0.5321251749992371,
    0.51190584897995,
    0.7563779950141907,
    0.06381169706583023,
    0.07520388811826706,
    0.12275750935077667,
    0.3267376124858856,
    0.1812853217124939,
    0.4986497163772583,
    0.22118577361106873,
    0.09707758575677872,
    0.27091801166534424,
    0.31657594442367554,
    0.23180387914180756,
    0.36515557765960693,
    0.24505677819252014,
    0.37154626846313477,
    0.15845373272895813,
    0.22275280952453613,
    0.3095189929008484,
    0.660550057888031,
    0.8368252515792847,
    0.6738329529762268,
    0.6252673268318176,
    0.748763918876648,
    0.5199113488197327,
    0.21134473383426666,
    0.6995285749435425,
    0.16405051946640015,
    0.12994816899299622,
    0.7790944576263428,
    0.33710020780563354,
    0.24546611309051514,
    0.9324182271957397,
    0.6368522047996521,
    0.2728586792945862,
    0.5437579154968262,
    0.191507950425148,
    0.01704178750514984,
    0.17631734907627106,
    0.16724231839179993,
    0.4531026780605316,
    0.2882073223590851,
    0.05172004550695419,
    0.15503226220607758,
    0.7653646469116211,
    0.6580781936645508,
    0.31145408749580383,
    0.3223172128200531,
    0.646736204624176,
    0.10407145321369171,
    0.3183269202709198,
    0.1779479831457138,
    0.191518172621727,
    0.006172655615955591,
    0.1071750819683075,
    0.1192190870642662,
    0.15015514194965363,
    0.6054320335388184,
    0.13561823964118958,
    0.5879065990447998,
    0.19753921031951904,
    0.17203158140182495,
    0.8816162943840027,
    0.042138129472732544,
    0.13865819573402405,
    0.4174312353134155,
    0.6934667825698853,
    0.008463967591524124,
    0.08509442210197449,
    0.04369442164897919,
    0.08834876120090485,
    0.18216465413570404,
    0.13659532368183136,
    0.6136135458946228,
    0.4282795190811157,
    0.17953793704509735,
    0.008952564559876919,
    0.6026448607444763,
    0.5637958645820618,
    0.5037909150123596,
    0.028217598795890808,
    0.45261749625205994,
    0.05493118613958359,
    0.7499412894248962,
    0.15815047919750214,
    0.8979350328445435,
    0.11684343218803406,
    0.4535396099090576,
    0.5151962637901306,
    0.17546242475509644,
    0.44840940833091736,
    0.13331322371959686,
    0.10189799219369888,
    0.14858900010585785,
    0.6236683130264282,
    0.3824302554130554,
    0.39562007784843445,
    0.11089983582496643,
    0.01155170239508152,
    0.5512942671775818,
    0.47269660234451294,
    0.16818605363368988,
    0.44863635301589966,
    0.9307278990745544,
    0.33542972803115845,
    0.5379927754402161,
    0.48613205552101135,
    0.6085636615753174,
    0.5384790897369385,
    0.6300417184829712,
    0.3142987787723541,
    0.6856728792190552,
    0.40321192145347595,
    0.6812823414802551,
    0.3166751265525818,
    0.6426180005073547,
    0.3858267068862915,
    0.7170594334602356,
    0.8402648568153381,
    0.13689784705638885,
    0.2063894271850586,
    0.18977323174476624,
    0.5020666122436523,
    0.33680805563926697,
    0.7722194194793701,
    0.053722068667411804,
    0.9625333547592163,
    0.08560631424188614,
    0.7108172178268433,
    0.6775275468826294,
    0.6374245882034302,
    0.34561803936958313,
    0.1791974902153015,
    0.7334061861038208,
    0.6545239686965942,
    0.6401994824409485,
    0.4302641451358795,
    0.8219606280326843,
    0.6733558773994446,
    0.7303093075752258,
    0.6913973689079285,
    0.7973604202270508,
    0.20870305597782135,
    0.2262871414422989,
    0.6894997358322144,
    0.18909166753292084,
    0.388843297958374,
    0.8046637177467346,
    0.669196367263794,
    0.2716159224510193,
    0.399819016456604,
    0.05684005841612816,
    0.21955522894859314,
    0.8614774346351624,
    0.47931912541389465,
    0.16696593165397644,
    0.19353702664375305,
    0.24150557816028595,
    0.614208459854126,
    0.1572359800338745,
    0.6734244227409363,
    0.1392020881175995,
    0.01941720023751259,
    0.45717060565948486,
    0.4267548620700836,
    0.8124231100082397,
    0.29401320219039917,
    0.12688477337360382,
    0.25434839725494385,
    0.8784177899360657,
    0.5474190711975098,
    0.4809519052505493,
    0.35453593730926514,
    0.35552167892456055,
    0.5020388960838318,
    0.5565961599349976,
    0.1809864044189453,
    0.8965991735458374,
    0.2638108432292938,
    0.8667865991592407,
    0.5437349677085876,
    0.09011068195104599,
    0.17313691973686218,
    0.09928670525550842,
    0.3802995979785919,
    0.2397218942642212,
    0.07941245287656784,
    0.12608210742473602,
    0.07626623660326004,
    0.26388025283813477,
    0.04674986004829407,
    0.20545527338981628,
    0.020115680992603302,
    0.5692197680473328,
    0.5141395926475525,
    0.4853774905204773,
    0.10510388761758804,
    0.16347868740558624,
    0.21573852002620697,
    0.5143864154815674,
    0.7009140253067017,
    0.019289838150143623,
    0.33599400520324707,
    0.16050530970096588,
    0.1525374948978424,
    0.6912257671356201,
    0.409818172454834,
    0.425784170627594,
    0.11444520205259323,
    0.3844863772392273,
    0.2878914475440979,
    0.8003993630409241,
    0.2003461718559265,
    0.349042147397995,
    0.5140916109085083,
    0.2504826784133911,
    0.231805682182312,
    0.15139061212539673,
    0.29107576608657837,
    0.38952842354774475,
    0.5227949619293213,
    0.8320578932762146,
    0.17687401175498962,
    0.7765318751335144,
    0.9752058982849121,
    0.336698979139328,
    0.7077728509902954,
    0.15594208240509033,
    0.6203868389129639,
    0.13405780494213104,
    0.9289730191230774,
    0.8404657244682312,
    0.6570997834205627,
    0.22355669736862183,
    0.16099785268306732,
    0.5077192783355713,
    0.09968765825033188,
    0.3596418499946594,
