{
  "model": "GIRL",
  "protocol": "one_city_out_v2_irm_only",
  "seed": 1,
  "timestamp": "2026-04-17T19:51:02.042567Z",
  "hyperparameters": {
    "architecture": "SAGEConv-2layer+LinearHead",
    "hidden_dim": 64,
    "dropout": 0.5,
    "optimizer": "Adam",
    "lr": 0.01,
    "weight_decay": 0.0005,
    "epochs": 200,
    "batch_size": 256,
    "num_neighbors": [
      20,
      20
    ],
    "patience": 20,
    "n_envs": 3,
    "lam_grid": [
      0.1,
      1.0
    ],
    "mu_grid": [
      0.0
    ],
    "best_lambda": 0.1,
    "best_mu": 0.0,
    "scale_irm": "warmup",
    "scale_geo": 1.0,
    "irm_warmup_epochs": 20,
    "pos_weight": 1.7129,
    "weighting": "sqrt_inv_freq"
  },
  "test_metrics": {
    "acc": 0.7304075235109718,
    "macro_f1": 0.6932692307692307,
    "bal_acc": 0.7066903073286053,
    "nll": 0.5199208609757845,
    "ece": 0.4286411047612425,
    "brier": 0.17425358107185637
  },
  "test_probs": [
    0.6020796298980713,
    0.6632164716720581,
    0.24726559221744537,
    0.6294408440589905,
    0.14340689778327942,
    0.2484445422887802,
    0.15174561738967896,
    0.44392865896224976,
    0.1310507208108902,
    0.09906819462776184,
    0.3313330411911011,
    0.5792919397354126,
    0.48582807183265686,
    0.07528076320886612,
    0.4839816093444824,
    0.14126692712306976,
    0.03004167415201664,
    0.20552773773670197,
    0.11013709008693695,
    0.5803521275520325,
    0.0883716568350792,
    0.461249440908432,
    0.06387562304735184,
    0.5870245099067688,
    0.6556045413017273,
    0.327194482088089,
    0.17079174518585205,
    0.5812296867370605,
    0.5760496854782104,
    0.007037529721856117,
    0.25263166427612305,
    0.6144804358482361,
    0.35707390308380127,
    0.44782114028930664,
    0.5153734683990479,
    0.1155051440000534,
    0.3432786762714386,
    0.621631383895874,
    0.757012128829956,
    0.6151876449584961,
    0.21596485376358032,
    0.16487105190753937,
    0.15799139440059662,
    0.6496973633766174,
    0.14108507335186005,
    0.10250702500343323,
    0.12933632731437683,
    0.666917085647583,
    0.07258686423301697,
    0.11072169989347458,
    0.4617987871170044,
    0.4796825647354126,
    0.7158281803131104,
    0.04808379337191582,
    0.0599539689719677,
    0.1473202258348465,
    0.3047848045825958,
    0.14557501673698425,
    0.4965839982032776,
    0.13288509845733643,
    0.09202904254198074,
    0.3192054033279419,
    0.3216550052165985,
    0.2967234253883362,
    0.4256362020969391,
    0.38325220346450806,
    0.417746365070343,
    0.22950097918510437,
    0.34251680970191956,
    0.1967240273952484,
    0.5141574740409851,
    0.787794828414917,
    0.558777391910553,
    0.599147617816925,
    0.6429046392440796,
    0.5070452690124512,
    0.3197120428085327,
    0.5679059028625488,
    0.17747442424297333,
    0.11930856108665466,
    0.6524278521537781,
    0.4190228283405304,
    0.3322569727897644,
    0.8280723690986633,
    0.6018057465553284,
    0.27922523021698,
    0.45142072439193726,
    0.1375330686569214,
    0.0333699956536293,
    0.17160847783088684,
    0.20414215326309204,
    0.4243161976337433,
    0.2214917242527008,
    0.07680008560419083,
    0.15582337975502014,
    0.6876807808876038,
    0.5910091400146484,
    0.3947596251964569,
    0.35072165727615356,
    0.5656932592391968,
    0.07330798357725143,
    0.3187057673931122,
    0.2149733006954193,
    0.2710186243057251,
    0.020508205518126488,
    0.1954771876335144,
    0.10421688854694366,
    0.1211123839020729,
    0.5227733850479126,
    0.17788250744342804,
    0.548976719379425,
    0.19214116036891937,
    0.2950119972229004,
    0.7751789093017578,
    0.05797874182462692,
    0.15243996679782867,
    0.3243057429790497,
    0.561310350894928,
    0.021062148734927177,
    0.07280199974775314,
    0.0374477244913578,
    0.13564331829547882,
    0.26136767864227295,
    0.11639442294836044,
    0.5996260046958923,
    0.45591890811920166,
    0.1694963276386261,
    0.016995910555124283,
    0.519177258014679,
    0.5751846432685852,
    0.5069966912269592,
    0.0725753977894783,
    0.4882848858833313,
    0.0620272234082222,
    0.6519074440002441,
    0.40166908502578735,
    0.7975481748580933,
    0.1675548255443573,
    0.4714551270008087,
    0.559536337852478,
    0.14853499829769135,
    0.4556928277015686,
    0.15329411625862122,
    0.16972890496253967,
    0.22200198471546173,
    0.5465322732925415,
    0.39279627799987793,
    0.5413758754730225,
    0.1603056937456131,
    0.012010258622467518,
    0.5122659802436829,
    0.41917163133621216,
    0.17456550896167755,
    0.30969691276550293,
    0.826428234577179,
    0.10083484649658203,
    0.5728356242179871,
    0.5481203198432922,
    0.5960513353347778,
    0.5871243476867676,
    0.606646716594696,
    0.3532155156135559,
    0.5103211402893066,
    0.4548308253288269,
    0.6067683100700378,
    0.25476309657096863,
    0.5895751714706421,
    0.5296585559844971,
    0.6253103017807007,
    0.6600651144981384,
    0.11533789336681366,
    0.18517667055130005,
    0.18712987005710602,
    0.49273592233657837,
    0.43973246216773987,
    0.6981402635574341,
    0.04454861953854561,
    0.8696236610412598,
    0.06948914378881454,
    0.5306299924850464,
    0.5693580508232117,
    0.5705357193946838,
    0.4036119282245636,
    0.2594722807407379,
    0.6853674054145813,
    0.5745078921318054,
    0.619192898273468,
    0.41784220933914185,
    0.7424757480621338,
    0.5844174027442932,
    0.64681077003479,
    0.6368550062179565,
    0.6980763673782349,
    0.20816852152347565,
    0.1687147468328476,
    0.5764158964157104,
    0.11582597345113754,
    0.41731905937194824,
    0.6828626394271851,
    0.6256516575813293,
    0.3054971992969513,
    0.402254194021225,
    0.06677614897489548,
    0.31534436345100403,
    0.7404440641403198,
    0.42693403363227844,
    0.26410138607025146,
    0.2537221908569336,
    0.21231499314308167,
    0.6466806530952454,
    0.12276063114404678,
    0.6737490892410278,
    0.17787007987499237,
    0.017704717814922333,
    0.589167058467865,
    0.4187811017036438,
    0.7739729285240173,
    0.5144506692886353,
    0.07626371830701828,
    0.3864152133464813,
    0.7665660381317139,
    0.5783767700195312,
    0.5046509504318237,
    0.2974364459514618,
    0.5065967440605164,
    0.5037778615951538,
    0.540448784828186,
    0.2725048065185547,
    0.8993562459945679,
    0.3305780291557312,
    0.7751345038414001,
    0.5266137719154358,
    0.19309210777282715,
    0.22258923947811127,
    0.1048746109008789,
    0.45683395862579346,
    0.27462446689605713,
    0.07774738222360611,
    0.12595872581005096,
    0.07238394021987915,
    0.3053423762321472,
    0.09781260043382645,
    0.17365047335624695,
    0.040400631725788116,
    0.4330344796180725,
    0.40095949172973633,
    0.47991225123405457,
    0.12279864400625229,
    0.18135903775691986,
    0.19483055174350739,
    0.5132211446762085,
    0.6400247812271118,
    0.04732765629887581,
    0.31099429726600647,
    0.13163739442825317,
    0.2381916046142578,
    0.6078691482543945,
    0.4017626941204071,
    0.32655271887779236,
    0.11321979016065598,
    0.2918502986431122,
    0.23884700238704681,
    0.6756319999694824,
    0.19184623658657074,
    0.3612656891345978,
    0.4557383954524994,
    0.3109569847583771,
    0.28694453835487366,
    0.1402057558298111,
    0.32054051756858826,
    0.3734208047389984,
    0.46382999420166016,
    0.7257786393165588,
    0.3030899167060852,
    0.8288947343826294,
    0.9161504507064819,
    0.20417968928813934,
    0.6648570895195007,
    0.15902921557426453,
    0.2234693467617035,
    0.10876641422510147,
    0.8478084206581116,
    0.7700128555297852,
    0.5563867688179016,
    0.1818818598985672,
    0.19645485281944275,
    0.37898537516593933,
    0.20770114660263062,
    0.41237667202949524,
