{
  "model": "GIRL",
  "protocol": "one_city_out_v2_irm_only",
  "seed": 0,
  "timestamp": "2026-04-17T19:45:27.009603Z",
  "hyperparameters": {
    "architecture": "SAGEConv-2layer+LinearHead",
    "hidden_dim": 64,
    "dropout": 0.5,
    "optimizer": "Adam",
    "lr": 0.01,
    "weight_decay": 0.0005,
    "epochs": 200,
    "batch_size": 256,
    "num_neighbors": [
      20,
      20
    ],
    "patience": 20,
    "n_envs": 3,
    "lam_grid": [
      0.1,
      1.0
    ],
    "mu_grid": [
      0.0
    ],
    "best_lambda": 1.0,
    "best_mu": 0.0,
    "scale_irm": "warmup",
    "scale_geo": 1.0,
    "irm_warmup_epochs": 20,
    "pos_weight": 1.7129,
    "weighting": "sqrt_inv_freq"
  },
  "test_metrics": {
    "acc": 0.7147335423197492,
    "macro_f1": 0.6620015136519763,
    "bal_acc": 0.6646099290780141,
    "nll": 0.525851780472438,
    "ece": 0.4362453233952806,
    "brier": 0.17584982009276734
  },
  "test_probs": [
    0.5440685749053955,
    0.627817690372467,
    0.17841246724128723,
    0.6409912705421448,
    0.13530439138412476,
    0.17082332074642181,
    0.17797289788722992,
    0.4607871174812317,
    0.07990757375955582,
    0.0777120292186737,
    0.1888630986213684,
    0.5348741412162781,
    0.5200624465942383,
    0.09071023017168045,
    0.42766478657722473,
    0.15136027336120605,
    0.01952853612601757,
    0.11617359519004822,
    0.07468472421169281,
    0.5557020902633667,
    0.08779027312994003,
    0.32411760091781616,
    0.0679357573390007,
    0.720877468585968,
    0.5286025404930115,
    0.3422473669052124,
    0.14694702625274658,
    0.5672234296798706,
    0.5996264815330505,
    0.011230499483644962,
    0.289145827293396,
    0.6379095911979675,
    0.24856477975845337,
    0.42442482709884644,
    0.5094674825668335,
    0.08801635354757309,
    0.29735931754112244,
    0.5674415230751038,
    0.7502986788749695,
    0.6446819305419922,
    0.14762058854103088,
    0.1338786631822586,
    0.09569527208805084,
    0.7967188358306885,
    0.18249480426311493,
    0.09225329011678696,
    0.12433987110853195,
    0.6024723649024963,
    0.08583425730466843,
    0.1181129515171051,
    0.4860277771949768,
    0.4059751629829407,
    0.7291383743286133,
    0.036962538957595825,
    0.05012742802500725,
    0.1282997727394104,
    0.17419804632663727,
    0.14491958916187286,
    0.45115384459495544,
    0.11674926429986954,
    0.08482277393341064,
    0.3443887531757355,
    0.3375058174133301,
    0.3881848454475403,
    0.3113408088684082,
    0.3614998459815979,
    0.3590325117111206,
    0.22842738032341003,
    0.253140389919281,
    0.1775135099887848,
    0.5533254146575928,
    0.8110800385475159,
    0.5084943771362305,
    0.568634033203125,
    0.6535243391990662,
    0.3933854103088379,
    0.2443385124206543,
    0.6060997843742371,
    0.1601225882768631,
    0.06921116262674332,
    0.5576294660568237,
    0.3849319517612457,
    0.31260034441947937,
    0.8961689472198486,
    0.5693318247795105,
    0.21992026269435883,
    0.5631235837936401,
    0.13068614900112152,
    0.012737703509628773,
    0.2223193645477295,
    0.1708838939666748,
    0.2915591299533844,
    0.2504703402519226,
    0.06587222218513489,
    0.1614282876253128,
    0.7030419707298279,
    0.5807101726531982,
    0.24793483316898346,
    0.385189414024353,
    0.5339862704277039,
    0.0588996447622776,
    0.287011057138443,
    0.17756524682044983,
    0.230266734957695,
    0.010398948565125465,
    0.1047571524977684,
    0.06842512637376785,
    0.11490247398614883,
    0.49715086817741394,
    0.11272232234477997,
    0.5126562118530273,
    0.2086070030927658,
    0.18980297446250916,
    0.7610854506492615,
    0.04459570720791817,
    0.16468292474746704,
    0.2740800380706787,
    0.4979780316352844,
    0.013020974583923817,
    0.08877521008253098,
    0.02074955217540264,
    0.12954081594944,
    0.22844117879867554,
    0.22375045716762543,
    0.5172327756881714,
    0.4640681743621826,
    0.15606659650802612,
    0.015544787049293518,
    0.4912165403366089,
    0.558382511138916,
    0.4955122172832489,
    0.039660047739744186,
    0.5225313305854797,
    0.049663010984659195,
    0.6180886030197144,
    0.22989989817142487,
    0.8218563199043274,
    0.05882112681865692,
    0.3233950138092041,
    0.44760385155677795,
    0.13247975707054138,
    0.4354948401451111,
    0.14197690784931183,
    0.09237140417098999,
    0.15872575342655182,
    0.5221801996231079,
    0.3913222551345825,
    0.459822416305542,
    0.22020801901817322,
    0.009228507988154888,
    0.4973147213459015,
    0.44434237480163574,
    0.14035391807556152,
    0.32835277915000916,
    0.834362804889679,
    0.32244130969047546,
    0.4431944489479065,
    0.4701327681541443,
    0.5535999536514282,
    0.5473070740699768,
    0.5519803762435913,
    0.38421013951301575,
    0.5771417617797852,
    0.4558372497558594,
    0.5734053254127502,
    0.18603533506393433,
    0.5508607625961304,
    0.4665060341358185,
    0.5864608287811279,
    0.5821690559387207,
    0.10764287412166595,
    0.15468011796474457,
    0.14058569073677063,
    0.42976871132850647,
    0.2776275873184204,
    0.6765502691268921,
    0.05694058910012245,
    0.9192771315574646,
    0.07995796203613281,
    0.5641887187957764,
    0.5585315823554993,
    0.5900408029556274,
    0.3877999782562256,
    0.2327684462070465,
    0.8158378005027771,
    0.5246560573577881,
    0.6334129571914673,
    0.48895934224128723,
    0.7524080872535706,
    0.5768818855285645,
    0.6454250812530518,
    0.6422612071037292,
    0.7297664284706116,
    0.11837645620107651,
    0.10600610077381134,
    0.5758286118507385,
    0.10949711501598358,
    0.39015454053878784,
    0.7078335881233215,
    0.6290650367736816,
    0.22136807441711426,
    0.4530251622200012,
    0.031528059393167496,
    0.3309844136238098,
    0.7514568567276001,
    0.4392160475254059,
    0.2175462692975998,
    0.17541730403900146,
    0.13488474488258362,
    0.544003427028656,
    0.09943465888500214,
    0.6617714166641235,
    0.1389693021774292,
    0.010359001345932484,
    0.473164439201355,
    0.39299246668815613,
    0.7449358105659485,
    0.35336199402809143,
    0.07739455997943878,
    0.2954881191253662,
    0.7579851746559143,
    0.5314080119132996,
    0.4451868534088135,
    0.39074429869651794,
    0.34949854016304016,
    0.44968611001968384,
    0.43152281641960144,
    0.15783733129501343,
    0.864055871963501,
    0.28614071011543274,
    0.7891772985458374,
    0.5043609142303467,
    0.1547100692987442,
    0.24632209539413452,
    0.07949712872505188,
    0.4133751094341278,
    0.25009745359420776,
    0.07252225279808044,
    0.09715666621923447,
    0.09562898427248001,
    0.43161895871162415,
    0.0724652111530304,
    0.14445561170578003,
    0.02711831033229828,
    0.4629594087600708,
    0.39943236112594604,
    0.48371627926826477,
    0.08542615175247192,
    0.1958531141281128,
    0.13172771036624908,
    0.4489697813987732,
    0.5207701921463013,
    0.02500855177640915,
    0.20899774134159088,
    0.12122400104999542,
    0.24738790094852448,
    0.5547655820846558,
    0.4794957637786865,
    0.4307331144809723,
    0.14666704833507538,
    0.1317349076271057,
    0.14850685000419617,
    0.6544343829154968,
    0.20483194291591644,
    0.4085594415664673,
    0.412899911403656,
    0.21033875644207,
    0.26522204279899597,
    0.1005670428276062,
    0.2962115705013275,
    0.42432135343551636,
    0.43614596128463745,
    0.8247799277305603,
    0.15608276426792145,
    0.7624371647834778,
    0.9556353092193604,
    0.18512673676013947,
    0.6739665269851685,
    0.11923757940530777,
    0.4793725609779358,
    0.13746652007102966,
    0.8651149868965149,
    0.725635290145874,
    0.5734446048736572,
    0.12613742053508759,
    0.18487273156642914,
    0.33461785316467285,
    0.12557880580425262,
    0.3999514877796173,
