{
  "model": "GIRL",
  "protocol": "one_city_out_v2_irm_only",
  "seed": 2,
  "timestamp": "2026-04-17T19:56:44.226095Z",
  "hyperparameters": {
    "architecture": "SAGEConv-2layer+LinearHead",
    "hidden_dim": 64,
    "dropout": 0.5,
    "optimizer": "Adam",
    "lr": 0.01,
    "weight_decay": 0.0005,
    "epochs": 200,
    "batch_size": 256,
    "num_neighbors": [
      20,
      20
    ],
    "patience": 20,
    "n_envs": 3,
    "lam_grid": [
      0.1,
      1.0
    ],
    "mu_grid": [
      0.0
    ],
    "best_lambda": 0.1,
    "best_mu": 0.0,
    "scale_irm": "warmup",
    "scale_geo": 1.0,
    "irm_warmup_epochs": 20,
    "pos_weight": 1.7129,
    "weighting": "sqrt_inv_freq"
  },
  "test_metrics": {
    "acc": 0.7115987460815048,
    "macro_f1": 0.6649771689497717,
    "bal_acc": 0.671678486997636,
    "nll": 0.5386278089329909,
    "ece": 0.4635476488094531,
    "brier": 0.17959336433477696
  },
  "test_probs": [
    0.6466668844223022,
    0.7400066256523132,
    0.12283985316753387,
    0.7225472927093506,
    0.13516618311405182,
    0.18812713027000427,
    0.10460585355758667,
    0.5805150866508484,
    0.06613046675920486,
    0.07216857373714447,
    0.18937988579273224,
    0.5679025650024414,
    0.6802955269813538,
    0.07952465862035751,
    0.4601909816265106,
    0.15052752196788788,
    0.012951427139341831,
    0.16002437472343445,
    0.07649744302034378,
    0.6835653185844421,
    0.08603020757436752,
    0.23727455735206604,
    0.056805748492479324,
    0.678735077381134,
    0.5459389686584473,
    0.35781532526016235,
    0.13190428912639618,
    0.6831955313682556,
    0.30806872248649597,
    0.0008954249788075686,
    0.3282811939716339,
    0.6820294260978699,
    0.46615490317344666,
    0.5456612706184387,
    0.566890299320221,
    0.05003151670098305,
    0.23217114806175232,
    0.694701611995697,
    0.7853338718414307,
    0.5770496129989624,
    0.15926356613636017,
    0.13553334772586823,
    0.10274446755647659,
    0.7080650329589844,
    0.3070499897003174,
    0.11734136193990707,
    0.11479636281728745,
    0.6517964005470276,
    0.06056008115410805,
    0.13228556513786316,
    0.5623807907104492,
    0.536449670791626,
    0.8152756690979004,
    0.0638548880815506,
    0.04240754619240761,
    0.1035606861114502,
    0.1434965431690216,
    0.1294843852519989,
    0.564111590385437,
    0.15179483592510223,
    0.06744851917028427,
    0.31222933530807495,
    0.17169515788555145,
    0.371808260679245,
    0.2323107272386551,
    0.41230082511901855,
    0.4584091603755951,
    0.21040180325508118,
    0.2996852695941925,
    0.25360557436943054,
    0.3780902922153473,
    0.8081424832344055,
    0.26601389050483704,
    0.731296181678772,
    0.7208673357963562,
    0.4446820914745331,
    0.22384324669837952,
    0.5159934163093567,
    0.1272101104259491,
    0.08947163820266724,
    0.6124562621116638,
    0.30126169323921204,
    0.13079501688480377,
    0.8914461135864258,
    0.6170774102210999,
    0.17072753608226776,
    0.575878381729126,
    0.14959456026554108,
    0.004221473354846239,
    0.22424066066741943,
    0.1727910190820694,
    0.5493617057800293,
    0.28736987709999084,
    0.027739858254790306,
    0.12261888384819031,
    0.7611933946609497,
    0.663684070110321,
    0.42588943243026733,
    0.35635000467300415,
    0.653947651386261,
    0.0416673868894577,
    0.3002414405345917,
    0.21333539485931396,
    0.21732065081596375,
    0.0028976777102798223,
    0.11109316349029541,
    0.07936790585517883,
    0.09548589587211609,
    0.6698890924453735,
    0.15544162690639496,
    0.473186731338501,
    0.20258153975009918,
    0.1661251336336136,
    0.876312255859375,
    0.07048802077770233,
    0.06152401491999626,
    0.1927047222852707,
    0.34979555010795593,
    0.001776958117261529,
    0.09722595661878586,
    0.013360954821109772,
    0.11732841283082962,
    0.22458040714263916,
    0.2017056941986084,
    0.7282524704933167,
    0.2859482169151306,
    0.17360173165798187,
    0.003867924679070711,
    0.4368557035923004,
    0.6588760018348694,
    0.612368106842041,
    0.027238517999649048,
    0.5150904059410095,
    0.04156006500124931,
    0.6063204407691956,
    0.2621041238307953,
    0.9066805243492126,
    0.04252699017524719,
    0.5863164067268372,
    0.42111602425575256,
    0.10613454133272171,
    0.5303660035133362,
    0.14674127101898193,
    0.06769305467605591,
    0.12249142676591873,
    0.5982456803321838,
    0.4042685031890869,
    0.5088214874267578,
    0.13638894259929657,
    0.00529302516952157,
    0.455466091632843,
    0.518765389919281,
    0.21863146126270294,
    0.33009541034698486,
    0.8999723196029663,
    0.3932819068431854,
    0.52790766954422,
    0.4834916293621063,
    0.5848217010498047,
    0.6123764514923096,
    0.6699621081352234,
    0.2034100592136383,
    0.45480695366859436,
    0.26788997650146484,
    0.6684263944625854,
    0.2383381873369217,
    0.6545124650001526,
    0.48106124997138977,
    0.483466237783432,
    0.4583815038204193,
    0.0975661501288414,
    0.11780092865228653,
    0.1740051805973053,
    0.49233758449554443,
    0.3398527503013611,
    0.5388490557670593,
    0.040026549249887466,
    0.938161313533783,
    0.06295882165431976,
    0.46182289719581604,
    0.5822872519493103,
    0.6817959547042847,
    0.34144502878189087,
    0.1636841744184494,
    0.666634738445282,
    0.6178522109985352,
    0.6419872045516968,
    0.6329911947250366,
    0.7285892367362976,
    0.7003241181373596,
    0.7830488085746765,
    0.6466110348701477,
    0.771479070186615,
    0.12518884241580963,
    0.1141786053776741,
    0.5376789569854736,
    0.12271418422460556,
    0.37848448753356934,
    0.8183905482292175,
    0.7656587958335876,
    0.24603067338466644,
    0.3806934654712677,
    0.027922969311475754,
    0.20772285759449005,
    0.78449946641922,
    0.4013545513153076,
    0.19789135456085205,
    0.1674257516860962,
    0.20520980656147003,
    0.6335594058036804,
    0.08440274745225906,
    0.7603276371955872,
    0.07331123948097229,
    0.0044393762946128845,
    0.49363452196121216,
    0.350790798664093,
    0.8547661304473877,
    0.46191680431365967,
    0.15587542951107025,
    0.23553211987018585,
    0.8443543314933777,
    0.48656219244003296,
    0.3416539430618286,
    0.22006863355636597,
    0.14740461111068726,
    0.5639769434928894,
    0.6429599523544312,
    0.23234982788562775,
    0.8561795353889465,
    0.37302365899086,
    0.8916354775428772,
    0.6096898317337036,
    0.14397811889648438,
    0.1822047382593155,
    0.10963211208581924,
    0.4433581233024597,
    0.19350987672805786,
    0.08464055508375168,
    0.09509485214948654,
    0.033062614500522614,
    0.3167693614959717,
    0.06559478491544724,
    0.1626710742712021,
    0.01223855558782816,
    0.29272714257240295,
    0.5340468287467957,
    0.3527875542640686,
    0.06007961183786392,
    0.1859085112810135,
    0.09572220593690872,
    0.42475226521492004,
    0.6068634390830994,
    0.012939363718032837,
    0.1802653968334198,
    0.10692664235830307,
    0.122811459004879,
    0.7269037961959839,
    0.44938725233078003,
    0.3679790198802948,
    0.03541893512010574,
    0.26582100987434387,
    0.19488544762134552,
    0.7105894684791565,
    0.23041091859340668,
    0.2850528061389923,
    0.4960365295410156,
    0.2330530732870102,
    0.2925861179828644,
    0.13827723264694214,
    0.31003203988075256,
    0.29220086336135864,
    0.4658190906047821,
    0.7583283185958862,
    0.11122598499059677,
    0.7422415614128113,
    0.9711833596229553,
    0.14946305751800537,
    0.7548990845680237,
    0.14019164443016052,
    0.46146586537361145,
    0.15531441569328308,
    0.9443373084068298,
    0.7472521662712097,
    0.6261680126190186,
    0.2718043029308319,
    0.30591925978660583,
    0.06813403218984604,
    0.1370345503091812,
