{
  "model": "GNN_IRM",
  "protocol": "calibration",
  "seed": 0,
  "timestamp": "2026-04-17T21:14:05.659617Z",
  "hyperparameters": {
    "architecture": "SAGEConv-1layer+LinearHead",
    "hidden_dim": 64,
    "dropout": 0.5,
    "optimizer": "Adam",
    "lr": 0.01,
    "weight_decay": 0.0005,
    "epochs": 100,
    "batch_size": 256,
    "num_neighbors": [
      20
    ],
    "n_envs": 3,
    "lambda_grid": [
      0.1,
      1.0
    ],
    "best_lambda": 1.0,
    "pos_weight": 1.7129,
    "weighting": "sqrt_inv_freq"
  },
  "test_metrics": {
    "acc": 0.7304075235109718,
    "macro_f1": 0.6815036686170707,
    "bal_acc": 0.6850118203309693,
    "nll": 0.5371515354705009,
    "ece": 0.4359874783965487,
    "brier": 0.17708960328010992
  },
  "test_probs": [
    0.5520986318588257,
    0.7528276443481445,
    0.258354127407074,
    0.6686548590660095,
    0.20147396624088287,
    0.26778271794319153,
    0.21150265634059906,
    0.46034562587738037,
    0.05414996296167374,
    0.05308910831809044,
    0.2964600920677185,
    0.5964575409889221,
    0.5519779920578003,
    0.07912296801805496,
    0.47733795642852783,
    0.13592927157878876,
    0.012918704189360142,
    0.1441202312707901,
    0.06703108549118042,
    0.6716253161430359,
    0.04570108652114868,
    0.21043188869953156,
    0.058011431246995926,
    0.7119673490524292,
    0.6134360432624817,
    0.4196528196334839,
    0.12713025510311127,
    0.4937060475349426,
    0.4554530084133148,
    0.005263797473162413,
    0.34062904119491577,
    0.6285311579704285,
    0.3548533618450165,
    0.3592914640903473,
    0.5903691649436951,
    0.08085889369249344,
    0.3700157105922699,
    0.645328938961029,
    0.8032370805740356,
    0.6389333009719849,
    0.18359260261058807,
    0.21722300350666046,
    0.14967688918113708,
    0.7635994553565979,
    0.210653617978096,
    0.05403463542461395,
    0.13385021686553955,
    0.7207576036453247,
    0.0452226921916008,
    0.1405559927225113,
    0.5541421175003052,
    0.505618691444397,
    0.7174410820007324,
    0.02504138834774494,
    0.026738306507468224,
    0.09895998239517212,
    0.218516007065773,
    0.17717216908931732,
    0.5377233028411865,
    0.16683682799339294,
    0.13882707059383392,
    0.33087125420570374,
    0.3094060719013214,
    0.3769529461860657,
    0.2141444832086563,
    0.3807626962661743,
    0.38655972480773926,
    0.3464776873588562,
    0.3257897198200226,
    0.27523520588874817,
    0.4087730944156647,
    0.7833267450332642,
    0.4414793848991394,
    0.6120424866676331,
    0.6656718850135803,
    0.48680010437965393,
    0.28176918625831604,
    0.5432925224304199,
    0.24451972544193268,
    0.03134583681821823,
    0.6628865003585815,
    0.39713385701179504,
    0.3032679557800293,
    0.8833745718002319,
    0.6046878695487976,
    0.2656824588775635,
    0.4435887336730957,
    0.19463501870632172,
    0.0033334672916680574,
    0.2933741509914398,
    0.24414315819740295,
    0.47687241435050964,
    0.3341866731643677,
    0.029258321970701218,
    0.27265796065330505,
    0.620880126953125,
    0.6452740430831909,
    0.40722185373306274,
    0.4789477586746216,
    0.5703708529472351,
    0.06486745923757553,
    0.3601243495941162,
    0.328787237405777,
    0.1747109591960907,
    0.007937430404126644,
    0.04217902570962906,
    0.0834711492061615,
    0.38038477301597595,
    0.5464763045310974,
    0.11944860219955444,
    0.6182336211204529,
    0.26898419857025146,
    0.19673651456832886,
    0.8056508302688599,
    0.03419921547174454,
    0.12637361884117126,
    0.28388839960098267,
    0.3146299421787262,
    0.0038271222729235888,
    0.0649033859372139,
    0.018131254240870476,
    0.13116838037967682,
    0.21752315759658813,
    0.262452632188797,
    0.6452596783638,
    0.44448015093803406,
    0.12421389669179916,
    0.003440489526838064,
    0.5259756445884705,
    0.5677054524421692,
    0.583081066608429,
    0.016974469646811485,
    0.3804827630519867,
    0.04305589199066162,
    0.46279376745224,
    0.1306837797164917,
    0.8892126679420471,
    0.07339048385620117,
    0.5276916027069092,
    0.46379557251930237,
    0.1596105843782425,
    0.44412660598754883,
    0.1765880137681961,
    0.06367026269435883,
    0.20504418015480042,
    0.6460632681846619,
    0.38379865884780884,
    0.49780702590942383,
    0.34039175510406494,
    0.010395125485956669,
    0.5105644464492798,
    0.48251330852508545,
    0.14500358700752258,
    0.4093366861343384,
    0.9034267067909241,
    0.26044076681137085,
    0.4683683514595032,
    0.4864492118358612,
    0.5963314771652222,
    0.5768551826477051,
    0.7029662728309631,
    0.3157409727573395,
    0.43688130378723145,
    0.2932078242301941,
    0.4427967965602875,
    0.2311820685863495,
    0.5791399478912354,
    0.4252983331680298,
    0.5303337574005127,
    0.649128794670105,
    0.15821179747581482,
    0.1455562561750412,
    0.12441668659448624,
    0.4700314700603485,
    0.3429981768131256,
    0.5649336576461792,
    0.08236408978700638,
    0.9344277381896973,
    0.06574002653360367,
    0.28889724612236023,
    0.5760886073112488,
    0.6729100346565247,
    0.41985055804252625,
    0.33361920714378357,
    0.7159495949745178,
    0.6949875354766846,
    0.5989816188812256,
    0.4028508961200714,
    0.7154651880264282,
    0.6346585154533386,
    0.7236904501914978,
    0.7954857349395752,
    0.7951070070266724,
    0.10712703317403793,
    0.12218967825174332,
    0.609532356262207,
    0.18776865303516388,
    0.4789005219936371,
    0.666384756565094,
    0.7499629259109497,
    0.37368670105934143,
    0.4002912938594818,
    0.03456088900566101,
    0.3856741786003113,
    0.7545869946479797,
    0.43472737073898315,
    0.3219144344329834,
    0.2468118816614151,
    0.1815623790025711,
    0.5391542911529541,
    0.1294703185558319,
    0.6918764710426331,
    0.10780894756317139,
    0.00489329406991601,
    0.5513496398925781,
    0.2633535861968994,
    0.7566250562667847,
    0.4524226188659668,
    0.07911856472492218,
    0.4058012068271637,
    0.7766651511192322,
    0.30750587582588196,
    0.42320454120635986,
    0.19436870515346527,
    0.15502160787582397,
    0.5372657179832458,
    0.4514749050140381,
    0.3955456018447876,
    0.865994930267334,
    0.3436168134212494,
    0.8016618490219116,
    0.5678432583808899,
    0.24452167749404907,
    0.4248465597629547,
    0.111442431807518,
    0.4327981770038605,
    0.31303831934928894,
    0.0476347953081131,
    0.07746628671884537,
    0.030341068282723427,
    0.22170914709568024,
    0.06202308461070061,
    0.22409923374652863,
    0.012295261956751347,
    0.32825911045074463,
    0.3254745602607727,
    0.3721185028553009,
    0.0703708678483963,
    0.25943273305892944,
    0.16639794409275055,
    0.4642632007598877,
    0.40342196822166443,
    0.008893134072422981,
    0.1924908459186554,
    0.17606553435325623,
    0.24609172344207764,
    0.6288973093032837,
    0.426958292722702,
    0.3353363275527954,
    0.04743272066116333,
    0.13579459488391876,
    0.2374044954776764,
    0.615080714225769,
    0.24185922741889954,
    0.46460020542144775,
    0.5443576574325562,
    0.23930877447128296,
    0.37657707929611206,
    0.1251305788755417,
    0.3012702167034149,
    0.38826248049736023,
    0.37883323431015015,
    0.8562037348747253,
    0.20454801619052887,
    0.6670352220535278,
    0.9785303473472595,
    0.0693649873137474,
    0.6211544871330261,
    0.21248508989810944,
    0.23895889520645142,
    0.21512503921985626,
    0.9180425405502319,
    0.8385838270187378,
    0.635233998298645,
    0.2607264816761017,
    0.25528499484062195,
    0.11598015576601028,
    0.19888782501220703,
    0.5765218734741211,
    0.382698655128479,
    0.5093479752540588,
    0.7475852966308594,
    0.37193018198013306,
    0.09933149069547653,
    0.21831415593624115,
    0.6682006120681763,
