{
  "mean_acc": [
    0.7258364344714933,
    0.7384172081830657,
    0.7360431479978976,
    0.7331639482652815,
    0.7330946825320787
  ],
  "worst_acc": [
    0.2916666666666667,
    0.4375,
    0.3125,
    0.5,
    0.375
  ],
  "mean_f1": [
    0.6586233297073142,
    0.6691512674224077,
    0.6660626660186239,
    0.66592356500311,
    0.6668704044233275
  ],
  "worst_f1": [
    0.2804232804232804,
    0.43529411764705883,
    0.30980392156862746,
    0.43421052631578944,
    0.375
  ],
  "mean_bal_acc": [
    0.685732281714033,
    0.6959456429159586,
    0.6935049977272064,
    0.6981850732937616,
    0.6990774415831842
  ],
  "worst_bal_acc": [
    0.45238095238095233,
    0.5,
    0.4583333333333333,
    0.4852941176470588,
    0.4852941176470588
  ]
}