{
  "model": "IRM",
  "protocol": "one_city_out_v2",
  "seed": 1,
  "timestamp": "2026-04-15T08:05:36.842629Z",
  "hyperparameters": {
    "architecture": "MLP-128-Drop-64-2",
    "optimizer": "Adam",
    "lr": 0.001,
    "weight_decay": 0.0001,
    "epochs": 100,
    "n_envs": 3,
    "pos_weight": 2.9341,
    "lambda_grid": [
      0.001,
      0.1,
      1.0,
      10.0
    ],
    "best_lambda": 0.1,
    "standardised": true
  },
  "test_metrics": {
    "acc": 0.6865203761755486,
    "macro_f1": 0.6613300492610836,
    "bal_acc": 0.691063829787234,
    "nll": 0.6562693886501992,
    "ece": 0.49796828464094006,
    "brier": 0.21860430067956083
  },
  "test_probs": [
    0.7626725435256958,
    0.8487533330917358,
    0.06668955087661743,
    0.7816498279571533,
    0.18574146926403046,
    0.11816805601119995,
    0.12565463781356812,
    0.6842055320739746,
    0.03314751014113426,
    0.054646946489810944,
    0.25418227910995483,
    0.8297339677810669,
    0.4890776574611664,
    0.08184491842985153,
    0.34767043590545654,
    0.14006784558296204,
    0.0023707288783043623,
    0.09057784825563431,
    0.08327531814575195,
    0.7853283882141113,
    0.07522840797901154,
    0.5185652375221252,
    0.06146139279007912,
    0.6753917932510376,
    0.5999035835266113,
    0.36426815390586853,
    0.09471123665571213,
    0.6576029658317566,
    0.5821695327758789,
    0.0012587850214913487,
    0.3135761320590973,
    0.7617114782333374,
    0.3519424796104431,
    0.7383444905281067,
    0.8085830807685852,
    0.052630893886089325,
    0.47954240441322327,
    0.8451651334762573,
    0.9495927095413208,
    0.7983766198158264,
    0.11403073370456696,
    0.20839840173721313,
    0.09761589765548706,
    0.780584454536438,
    0.12495923787355423,
    0.028181500732898712,
    0.09855200350284576,
    0.6381393074989319,
    0.04047184810042381,
    0.04399600997567177,
    0.7481861710548401,
    0.4790375828742981,
    0.9409776926040649,
    0.027653289958834648,
    0.055812664330005646,
    0.13149434328079224,
    0.16434521973133087,
    0.10023234784603119,
    0.7557320594787598,
    0.13478431105613708,
    0.1125950813293457,
    0.4883054494857788,
    0.20427978038787842,
    0.09883522242307663,
    0.39672714471817017,
    0.3323687016963959,
    0.6042105555534363,
    0.20503956079483032,
    0.1583428978919983,
    0.18179379403591156,
    0.5258355736732483,
    0.9547471404075623,
    0.4319976270198822,
    0.6800137758255005,
    0.8302815556526184,
    0.598525881767273,
    0.23390847444534302,
    0.8840096592903137,
    0.24845008552074432,
    0.022844312712550163,
    0.8869415521621704,
    0.19746719300746918,
    0.33038997650146484,
    0.9352422952651978,
    0.7986413836479187,
    0.2940424084663391,
    0.5169510245323181,
    0.14718492329120636,
    0.005182967055588961,
    0.22326679527759552,
    0.18320156633853912,
    0.527439296245575,
    0.18455356359481812,
    0.01046775747090578,
    0.1887681782245636,
    0.8746579885482788,
    0.8414161205291748,
    0.5425556302070618,
    0.45782914757728577,
    0.6903631687164307,
    0.07215927541255951,
    0.3858700394630432,
    0.33064475655555725,
    0.07359958440065384,
    0.0021829043980687857,
    0.06946879625320435,
    0.1178867444396019,
    0.03256446495652199,
    0.7085826992988586,
    0.14585618674755096,
    0.5424723029136658,
    0.2150234878063202,
    0.14752019941806793,
    0.9616369009017944,
    0.007000085432082415,
    0.11046585440635681,
    0.18957489728927612,
    0.6367117166519165,
    0.003396678250283003,
    0.05838041752576828,
    0.01571238599717617,
    0.04061579331755638,
    0.27421337366104126,
    0.0871213749051094,
    0.7477125525474548,
    0.4650753438472748,
    0.2064206302165985,
    0.0023504646960645914,
    0.6525483727455139,
    0.7415016889572144,
    0.661629855632782,
    0.01344977505505085,
    0.7056836485862732,
    0.026275519281625748,
    0.7882012724876404,
    0.5960710644721985,
    0.9749789834022522,
    0.025700898841023445,
    0.7257340550422668,
    0.5030908584594727,
    0.16058267652988434,
    0.6032931804656982,
    0.18106867372989655,
    0.5013465285301208,
    0.08633765578269958,
    0.8039700984954834,
    0.3775535523891449,
    0.40360862016677856,
    0.04025447368621826,
    0.00014395617472473532,
    0.7951773405075073,
    0.5439838767051697,
    0.08294003456830978,
    0.5265676975250244,
    0.9726505279541016,
    0.021725526079535484,
    0.7385150194168091,
    0.6881051063537598,
    0.7628797888755798,
    0.8689047694206238,
    0.7369219660758972,
    0.349348783493042,
    0.4138661324977875,
    0.48503273725509644,
    0.8202183842658997,
    0.33079755306243896,
    0.7318267226219177,
    0.49889543652534485,
    0.7203279137611389,
    0.936154305934906,
    0.11918071657419205,
    0.1772478222846985,
    0.19304709136486053,
    0.633816123008728,
    0.23596253991127014,
    0.7461583614349365,
    0.01801418513059616,
    0.9783850908279419,
    0.06658115983009338,
    0.7582868933677673,
    0.7933579683303833,
    0.8789792656898499,
    0.352596253156662,
    0.30100616812705994,
    0.8589341044425964,
    0.7624388337135315,
    0.7983856797218323,
    0.3137618601322174,
    0.9353978633880615,
    0.8395535945892334,
    0.930568516254425,
    0.843873143196106,
    0.9243719577789307,
    0.18855564296245575,
    0.04351015016436577,
    0.7950007915496826,
    0.0980401411652565,
    0.4887165129184723,
    0.8997921943664551,
    0.9105005264282227,
    0.3362739682197571,
    0.5286622643470764,
    0.01825040765106678,
    0.40793418884277344,
    0.892033576965332,
    0.4314879775047302,
    0.20214906334877014,
    0.3131243586540222,
    0.17642346024513245,
    0.7727004885673523,
    0.10756228864192963,
    0.8695086240768433,
    0.022323407232761383,
    0.006730208173394203,
    0.5029429197311401,
    0.5794678330421448,
    0.954732358455658,
    0.5929368734359741,
    0.06897445768117905,
    0.26261791586875916,
    0.937494695186615,
    0.790492594242096,
    0.3364030122756958,
    0.12451246380805969,
    0.8008689880371094,
    0.7690000534057617,
    0.6109029650688171,
    0.25851812958717346,
    0.9886037111282349,
    0.3831882178783417,
    0.9420071840286255,
    0.7782753109931946,
    0.03795887157320976,
    0.16161441802978516,
    0.0927901417016983,
    0.42082691192626953,
    0.17972077429294586,
    0.08009123057126999,
    0.12097542732954025,
    0.038092806935310364,
    0.3237100839614868,
    0.018858492374420166,
    0.18832510709762573,
    0.011981729418039322,
    0.5874915719032288,
    0.5525636672973633,
    0.47959259152412415,
    0.038751762360334396,
    0.1377868801355362,
    0.14825965464115143,
    0.5405020117759705,
    0.8728309273719788,
    0.027947688475251198,
    0.2770226001739502,
    0.17813409864902496,
    0.24713464081287384,
    0.7604501843452454,
    0.7010151743888855,
    0.5958967804908752,
    0.0901889055967331,
    0.1470368504524231,
    0.1617363691329956,
    0.8191490173339844,
    0.2763103246688843,
    0.4071580171585083,
    0.6588290929794312,
    0.2887531816959381,
    0.40085312724113464,
    0.07180924713611603,
    0.43001097440719604,
    0.36437615752220154,
    0.6447128653526306,
    0.960103452205658,
    0.13194899260997772,
    0.9340808391571045,
    0.995357096195221,
    0.08752114325761795,
    0.8456835150718689,
    0.016658633947372437,
    0.7231485843658447,
    0.0984594002366066,
    0.9643397331237793,
    0.9618807435035706,
    0.8121069669723511,
    0.39436161518096924,
    0.24606943130493164,
    0.12598559260368347,
    0.0414024293422699,
    0.5787829756736755,
    0.20426976680755615,
    0.5018646121025085,
    0.901411235332489,
    0.44122761487960815,
    0.04790942370891571,
    0.6418824791908264,
    0.8763813972473145,
    0.37280532717704773,
    0.741084098815918,
    0.25189828872680664,
