{
  "model": "IRM",
  "protocol": "one_city_out_v2",
  "seed": 0,
  "timestamp": "2026-04-15T08:04:54.711744Z",
  "hyperparameters": {
    "architecture": "MLP-128-Drop-64-2",
    "optimizer": "Adam",
    "lr": 0.001,
    "weight_decay": 0.0001,
    "epochs": 100,
    "n_envs": 3,
    "pos_weight": 2.9341,
    "lambda_grid": [
      0.001,
      0.1,
      1.0,
      10.0
    ],
    "best_lambda": 0.001,
    "standardised": true
  },
  "test_metrics": {
    "acc": 0.6865203761755486,
    "macro_f1": 0.6660385259631489,
    "bal_acc": 0.7034515366430261,
    "nll": 0.6430825556571628,
    "ece": 0.4832832390985519,
    "brier": 0.21723261795601204
  },
  "test_probs": [
    0.7974404096603394,
    0.8826830387115479,
    0.1434914469718933,
    0.8436175584793091,
    0.20819620788097382,
    0.1275530755519867,
    0.183305025100708,
    0.7985320687294006,
    0.07184281200170517,
    0.049870774149894714,
    0.3005252778530121,
    0.7895667552947998,
    0.527315080165863,
    0.10958371311426163,
    0.447885125875473,
    0.20227335393428802,
    0.0029904977418482304,
    0.1033255085349083,
    0.07143781334161758,
    0.9240227341651917,
    0.10281436145305634,
    0.3437909781932831,
    0.0830249935388565,
    0.7211711406707764,
    0.6679325699806213,
    0.4712609648704529,
    0.14482608437538147,
    0.7110036611557007,
    0.7013552784919739,
    0.0015835954109206796,
    0.5215176343917847,
    0.8435352444648743,
    0.4569293260574341,
    0.708531379699707,
    0.8475497961044312,
    0.04704885929822922,
    0.39218881726264954,
    0.7993053197860718,
    0.8407858610153198,
    0.8230090737342834,
    0.08718704432249069,
    0.2025189995765686,
    0.12760120630264282,
    0.8151702284812927,
    0.1900711953639984,
    0.03641900792717934,
    0.07589306682348251,
    0.794897198677063,
    0.0467073991894722,
    0.05551408603787422,
    0.7431758046150208,
    0.6915297508239746,
    0.9252966642379761,
    0.02418108843266964,
    0.06602628529071808,
    0.12300196290016174,
    0.2938602864742279,
    0.11159177124500275,
    0.7041040062904358,
    0.11838706582784653,
    0.17501673102378845,
    0.5605071783065796,
    0.32590252161026,
    0.44346344470977783,
    0.45233988761901855,
    0.3682161271572113,
    0.49543777108192444,
    0.3375959098339081,
    0.3196338415145874,
    0.32592281699180603,
    0.5860005021095276,
    0.9539529085159302,
    0.6921468377113342,
    0.8170145750045776,
    0.8895142078399658,
    0.5889775156974792,
    0.3418266475200653,
    0.650982141494751,
    0.30732443928718567,
    0.07088743895292282,
    0.8827333450317383,
    0.35306963324546814,
    0.37703296542167664,
    0.9312534332275391,
    0.7816319465637207,
    0.4912732243537903,
    0.4257659316062927,
    0.15065038204193115,
    0.005821415688842535,
    0.3373391926288605,
    0.21471017599105835,
    0.3775428533554077,
    0.22001022100448608,
    0.028601642698049545,
    0.32724815607070923,
    0.8515282869338989,
    0.7839404940605164,
    0.30552875995635986,
    0.5300811529159546,
    0.7780444025993347,
    0.09455671161413193,
    0.49528464674949646,
    0.30507007241249084,
    0.06632552295923233,
    0.006192374043166637,
    0.09164736419916153,
    0.06575776636600494,
    0.09428928047418594,
    0.7057845592498779,
    0.1558845341205597,
    0.6533650755882263,
    0.2899840772151947,
    0.2854965627193451,
    0.9615497589111328,
    0.01281525194644928,
    0.07467468827962875,
    0.4004788100719452,
    0.627167284488678,
    0.004888768307864666,
    0.08502259850502014,
    0.018607070669531822,
    0.07986913621425629,
    0.2959152162075043,
    0.08169598132371902,
    0.8333669900894165,
    0.7112049460411072,
    0.10861480981111526,
    0.0037283694837242365,
    0.696357011795044,
    0.7785338759422302,
    0.7895610928535461,
    0.009751282632350922,
    0.7185192108154297,
    0.03547536954283714,
    0.8284112811088562,
    0.08842884004116058,
    0.9649611711502075,
    0.057101812213659286,
    0.5466789603233337,
    0.5440948605537415,
    0.1869528442621231,
    0.7446003556251526,
    0.27134057879447937,
    0.05391368642449379,
    0.2664628326892853,
    0.8779922127723694,
    0.49634280800819397,
    0.5173599720001221,
    0.060571443289518356,
    0.00019846900249831378,
    0.8395640254020691,
    0.5949405431747437,
    0.13635434210300446,
    0.5349193811416626,
    0.9739692211151123,
    0.19738861918449402,
    0.6991439461708069,
    0.46999913454055786,
    0.7835772037506104,
    0.8205897212028503,
    0.8383551836013794,
    0.3662494122982025,
    0.7558186054229736,
    0.41092005372047424,
    0.8740024566650391,
    0.39183416962623596,
    0.7058022022247314,
    0.5089278817176819,
    0.6064160466194153,
    0.9448214769363403,
    0.15053416788578033,
    0.236709326505661,
    0.16679978370666504,
    0.6926605701446533,
    0.3295363187789917,
    0.866889476776123,
    0.04835425689816475,
    0.9686830043792725,
    0.06320036202669144,
    0.6878921985626221,
    0.7504176497459412,
    0.882235586643219,
    0.4588921070098877,
    0.36987942457199097,
    0.7701452374458313,
    0.8132154941558838,
    0.8268834948539734,
    0.4526985287666321,
    0.9485858082771301,
    0.871722400188446,
    0.9060983657836914,
    0.8809350728988647,
    0.9276081323623657,
    0.38972586393356323,
    0.12977463006973267,
    0.7933326959609985,
    0.14853958785533905,
    0.6209697127342224,
    0.8461505770683289,
    0.9294735789299011,
    0.3822743892669678,
    0.6148805618286133,
    0.024391094222664833,
    0.5406086444854736,
    0.9279419183731079,
    0.4797297418117523,
    0.3506358563899994,
    0.25290632247924805,
    0.2998606860637665,
    0.7915521264076233,
    0.12936343252658844,
    0.852290689945221,
    0.15170201659202576,
    0.008527128025889397,
    0.33266857266426086,
    0.6578029990196228,
    0.9294237494468689,
    0.7330681085586548,
    0.06888259202241898,
    0.5602457523345947,
    0.9382908344268799,
    0.39622896909713745,
    0.5729888081550598,
    0.42466655373573303,
    0.2678341269493103,
    0.7044481039047241,
    0.633393406867981,
    0.2942337393760681,
    0.9826619625091553,
    0.458790123462677,
    0.9503971338272095,
    0.718920886516571,
    0.11654363572597504,
    0.2505578100681305,
    0.06250876933336258,
    0.5647539496421814,
    0.34578993916511536,
    0.09056400507688522,
    0.10956904292106628,
    0.03184521198272705,
    0.3769305646419525,
    0.02973795309662819,
    0.27501383423805237,
    0.026294011622667313,
    0.7431403994560242,
    0.633070170879364,
    0.58794105052948,
    0.037303678691387177,
    0.06695506721735,
    0.19395104050636292,
    0.603581964969635,
    0.669147253036499,
    0.013157311826944351,
    0.661449134349823,
    0.20426778495311737,
    0.16987481713294983,
    0.7851042151451111,
    0.7461220026016235,
    0.6918953061103821,
    0.03593900054693222,
    0.6085694432258606,
    0.17303255200386047,
    0.8100345730781555,
    0.29385143518447876,
    0.5432610511779785,
    0.7006334066390991,
    0.3262225091457367,
    0.44639140367507935,
    0.07959920167922974,
    0.4405306577682495,
    0.440486341714859,
    0.6949529051780701,
    0.89224773645401,
    0.2959674298763275,
    0.8195798397064209,
    0.9932522177696228,
    0.1148640513420105,
    0.7810664772987366,
    0.03918096423149109,
    0.9051038026809692,
    0.0818505510687828,
    0.9741990566253662,
    0.9449129104614258,
    0.8535959124565125,
    0.3707253336906433,
    0.31446778774261475,
    0.4123198688030243,
    0.06077415868639946,
    0.34318676590919495,
    0.25685563683509827,
    0.6569963693618774,
    0.922356367111206,
    0.5684168934822083,
    0.12328782677650452,
    0.6112630367279053,
    0.6983326077461243,
    0.4430582523345947,
    0.8018767237663269,
    0.32161110639572144,
    0.7723038196563721,
