{
  "model": "IRM",
  "protocol": "one_city_out_v2",
  "seed": 4,
  "timestamp": "2026-04-15T08:07:42.570900Z",
  "hyperparameters": {
    "architecture": "MLP-128-Drop-64-2",
    "optimizer": "Adam",
    "lr": 0.001,
    "weight_decay": 0.0001,
    "epochs": 100,
    "n_envs": 3,
    "pos_weight": 2.9341,
    "lambda_grid": [
      0.001,
      0.1,
      1.0,
      10.0
    ],
    "best_lambda": 1.0,
    "standardised": true
  },
  "test_metrics": {
    "acc": 0.6739811912225705,
    "macro_f1": 0.6569892473118281,
    "bal_acc": 0.7007565011820331,
    "nll": 0.6779767804543608,
    "ece": 0.5030005625259353,
    "brier": 0.2279993033015002
  },
  "test_probs": [
    0.8286925554275513,
    0.8810338377952576,
    0.0998329445719719,
    0.8912541270256042,
    0.2245178073644638,
    0.053466010838747025,
    0.17179830372333527,
    0.7944621443748474,
    0.051774654537439346,
    0.02361350506544113,
    0.4815065860748291,
    0.734423041343689,
    0.35195183753967285,
    0.20948918163776398,
    0.7729676365852356,
    0.28558260202407837,
    0.0033293510787189007,
    0.16787298023700714,
    0.03790507838129997,
    0.680821418762207,
    0.06482020020484924,
    0.6677560210227966,
    0.10914069414138794,
    0.5284645557403564,
    0.7869312763214111,
    0.4907357096672058,
    0.17090605199337006,
    0.8002398014068604,
    0.6630153656005859,
    0.0020192733500152826,
    0.3923321068286896,
    0.8923605680465698,
    0.40420177578926086,
    0.7522057890892029,
    0.8437970876693726,
    0.04990694671869278,
    0.6928974390029907,
    0.843392014503479,
    0.9131007194519043,
    0.8415508270263672,
    0.07510270923376083,
    0.32788166403770447,
    0.1500415802001953,
    0.8024143576622009,
    0.12848229706287384,
    0.03448469191789627,
    0.04344239830970764,
    0.8350545167922974,
    0.06418386846780777,
    0.036059848964214325,
    0.8065773248672485,
    0.6502324342727661,
    0.9528576135635376,
    0.022916782647371292,
    0.06581920385360718,
    0.25521019101142883,
    0.3076584041118622,
    0.23443971574306488,
    0.838519275188446,
    0.1334117203950882,
    0.08545511960983276,
    0.49220889806747437,
    0.23810669779777527,
    0.32231801748275757,
    0.48937731981277466,
    0.3719666600227356,
    0.729158878326416,
    0.3398071229457855,
    0.3851011395454407,
    0.28112033009529114,
    0.7274563312530518,
    0.9589992165565491,
    0.7316064834594727,
    0.8470787405967712,
    0.8819795250892639,
    0.6682595014572144,
    0.3775102198123932,
    0.8510793447494507,
    0.39036908745765686,
    0.024584656581282616,
    0.8780982494354248,
    0.5083356499671936,
    0.402423620223999,
    0.9483489990234375,
    0.8104478120803833,
    0.5008531808853149,
    0.5853146910667419,
    0.12735389173030853,
    0.006260384805500507,
    0.23338960111141205,
    0.21036766469478607,
    0.591938853263855,
    0.18435588479042053,
    0.03705861046910286,
    0.16273704171180725,
    0.9242534041404724,
    0.880134642124176,
    0.37938177585601807,
    0.47432786226272583,
    0.883323609828949,
    0.06776541471481323,
    0.6355684995651245,
    0.1707855761051178,
    0.11795944720506668,
    0.0025733537040650845,
    0.08653849363327026,
    0.06793078780174255,
    0.06756164878606796,
    0.6684496402740479,
    0.12104702740907669,
    0.7238600254058838,
    0.20677831768989563,
    0.1379031538963318,
    0.9622434973716736,
    0.023177603259682655,
    0.13620395958423615,
    0.2551427185535431,
    0.799199104309082,
    0.0011147583136335015,
    0.15833406150341034,
    0.013072212226688862,
    0.030919143930077553,
    0.32237401604652405,
    0.018778864294290543,
    0.8679232001304626,
    0.6765499711036682,
    0.24190320074558258,
    0.0011908544693142176,
    0.7332419753074646,
    0.8235381841659546,
    0.7873092889785767,
    0.00861938577145338,
    0.7508863806724548,
    0.025189559906721115,
    0.7091772556304932,
    0.024769924581050873,
    0.9625354409217834,
    0.021409986540675163,
    0.614836573600769,
    0.6826888918876648,
    0.17613816261291504,
    0.7038348913192749,
    0.2795357406139374,
    0.03021416813135147,
    0.0667148157954216,
    0.8732077479362488,
    0.5664429068565369,
    0.590981662273407,
    0.004547972697764635,
    0.0013915483141317964,
    0.867154598236084,
    0.6118710041046143,
    0.2247086465358734,
    0.5446044206619263,
    0.9713084101676941,
    0.36827728152275085,
    0.7254603505134583,
    0.5406968593597412,
    0.737794816493988,
    0.84565669298172,
    0.8668799996376038,
    0.2671300768852234,
    0.7894188165664673,
    0.43232399225234985,
    0.7783399820327759,
    0.4189378619194031,
    0.7224446535110474,
    0.36019912362098694,
    0.68892502784729,
    0.7812163233757019,
    0.11022326350212097,
    0.3231908679008484,
    0.3555319011211395,
    0.7488009333610535,
    0.6215327978134155,
    0.8173229694366455,
    0.034292303025722504,
    0.9655101299285889,
    0.06749781221151352,
    0.8280216455459595,
    0.7866896390914917,
    0.8663665652275085,
    0.4010927975177765,
    0.35272088646888733,
    0.9551141262054443,
    0.8603439927101135,
    0.8487750291824341,
    0.7143200635910034,
    0.9350833296775818,
    0.8534828424453735,
    0.9292077422142029,
    0.8872531652450562,
    0.9381560683250427,
    0.18931567668914795,
    0.06029760465025902,
    0.8164228200912476,
    0.09829773753881454,
    0.45170214772224426,
    0.9282534718513489,
    0.8995596766471863,
    0.4916577637195587,
    0.6952465176582336,
    0.006251862272620201,
    0.29618167877197266,
    0.9306952953338623,
    0.4011595547199249,
    0.3356654644012451,
    0.33844780921936035,
    0.2975277900695801,
    0.798302412033081,
    0.11008320748806,
    0.8984989523887634,
    0.06770937889814377,
    0.0046600839123129845,
    0.5665733814239502,
    0.49070918560028076,
    0.9580696821212769,
    0.7088260054588318,
    0.12469295412302017,
    0.43337899446487427,
    0.9340506196022034,
    0.7828266024589539,
    0.5187935829162598,
    0.2331298589706421,
    0.809364378452301,
    0.8447964191436768,
    0.6447294354438782,
    0.3571608364582062,
    0.9869899153709412,
    0.5416290163993835,
    0.9519093632698059,
    0.8042899370193481,
    0.04864894226193428,
    0.10458307713270187,
    0.08317900449037552,
    0.6239511966705322,
    0.2832690477371216,
    0.030446337535977364,
    0.09996280074119568,
    0.03971529379487038,
    0.26144060492515564,
    0.04269753769040108,
    0.11610943078994751,
    0.0072239902801811695,
    0.742449164390564,
    0.7556910514831543,
    0.6152424216270447,
    0.04953065142035484,
    0.06635954231023788,
    0.08714958280324936,
    0.6765602827072144,
    0.7556474208831787,
    0.009539811871945858,
    0.38887882232666016,
    0.22153006494045258,
    0.1754431575536728,
    0.7883031368255615,
    0.7665188312530518,
    0.5000803470611572,
    0.056005023419857025,
    0.28179988265037537,
    0.1157054603099823,
    0.8106261491775513,
    0.30003467202186584,
    0.6126824021339417,
    0.7467687129974365,
    0.32018905878067017,
    0.4824164807796478,
    0.07464393228292465,
    0.5097913146018982,
    0.7443533539772034,
    0.7485465407371521,
    0.9391865730285645,
    0.16986174881458282,
    0.8410333395004272,
    0.9903240203857422,
    0.029115105047822,
    0.9026615619659424,
    0.04433213546872139,
    0.43781906366348267,
    0.043391838669776917,
    0.9765465259552002,
    0.9352356195449829,
    0.891754686832428,
    0.3437853157520294,
    0.3559015989303589,
    0.8604486584663391,
    0.04655252397060394,
    0.48202064633369446,
    0.23140230774879456,
    0.6286801695823669,
    0.8890795707702637,
    0.5687265396118164,
    0.12719537317752838,
    0.3545527458190918,
    0.8093587160110474,
    0.638129711151123,
    0.7906904816627502,
    0.2812916338443756,
