{
  "model": "IRM",
  "protocol": "one_city_out_v2",
  "seed": 2,
  "timestamp": "2026-04-15T08:06:18.424783Z",
  "hyperparameters": {
    "architecture": "MLP-128-Drop-64-2",
    "optimizer": "Adam",
    "lr": 0.001,
    "weight_decay": 0.0001,
    "epochs": 100,
    "n_envs": 3,
    "pos_weight": 2.9341,
    "lambda_grid": [
      0.001,
      0.1,
      1.0,
      10.0
    ],
    "best_lambda": 1.0,
    "standardised": true
  },
  "test_metrics": {
    "acc": 0.7021943573667712,
    "macro_f1": 0.6811241937350716,
    "bal_acc": 0.7176595744680851,
    "nll": 0.6445777815686571,
    "ece": 0.4909063936284157,
    "brier": 0.21401208914776199
  },
  "test_probs": [
    0.7582281827926636,
    0.8376147747039795,
    0.2564806044101715,
    0.8834931254386902,
    0.14135517179965973,
    0.05418972298502922,
    0.15938033163547516,
    0.7678250670433044,
    0.022572342306375504,
    0.04721539095044136,
    0.28579750657081604,
    0.7838839888572693,
    0.7494281530380249,
    0.12362486124038696,
    0.6395391225814819,
    0.24626761674880981,
    0.0022565005347132683,
    0.2080015391111374,
    0.07175808399915695,
    0.7943706512451172,
    0.057133398950099945,
    0.35163459181785583,
    0.07966163754463196,
    0.7921485900878906,
    0.57928067445755,
    0.34313276410102844,
    0.1382034718990326,
    0.8419483304023743,
    0.4825097918510437,
    0.000973299378529191,
    0.47374606132507324,
    0.8134552836418152,
    0.5782864093780518,
    0.7276037931442261,
    0.7824497818946838,
    0.0761013925075531,
    0.48229309916496277,
    0.8300061821937561,
    0.9136697053909302,
    0.8365042805671692,
    0.15786586701869965,
    0.18402616679668427,
    0.12252257019281387,
    0.7649235129356384,
    0.31670624017715454,
    0.05659278482198715,
    0.09713366627693176,
    0.7867388725280762,
    0.02458501048386097,
    0.06052456051111221,
    0.7526246309280396,
    0.5694965720176697,
    0.8761038780212402,
    0.049790941178798676,
    0.060834672302007675,
    0.12441715598106384,
    0.2850286066532135,
    0.12088286876678467,
    0.8216164112091064,
    0.15044446289539337,
    0.11381653696298599,
    0.5935369729995728,
    0.2643977403640747,
    0.5573181509971619,
    0.5401370525360107,
    0.6826586723327637,
    0.42664268612861633,
    0.22072575986385345,
    0.2516931891441345,
    0.3481674790382385,
    0.38940924406051636,
    0.9524247050285339,
    0.47761979699134827,
    0.8311036825180054,
    0.8711899518966675,
    0.6811275482177734,
    0.3819555938243866,
    0.8317499160766602,
    0.23776809871196747,
    0.030634867027401924,
    0.9059002995491028,
    0.4140275716781616,
    0.20888583362102509,
    0.9373846054077148,
    0.7960785031318665,
    0.29840996861457825,
    0.709986686706543,
    0.20057712495326996,
    0.0033564409241080284,
    0.3744255006313324,
    0.2246106117963791,
    0.6498149633407593,
    0.21233530342578888,
    0.0313805490732193,
    0.25661203265190125,
    0.8988586068153381,
    0.7908962368965149,
    0.45455893874168396,
    0.46696120500564575,
    0.8241323232650757,
    0.06364965438842773,
    0.38013917207717896,
    0.4329066872596741,
    0.08182504028081894,
    0.0005859980010427535,
    0.02373359352350235,
    0.10000500828027725,
    0.2430213987827301,
    0.666926920413971,
    0.11395353078842163,
    0.638725996017456,
    0.3391153812408447,
    0.30284154415130615,
    0.9593002796173096,
    0.02035451866686344,
    0.12979109585285187,
    0.40910810232162476,
    0.7443071007728577,
    0.0014355642488226295,
    0.11831708252429962,
    0.011344159953296185,
    0.08386050164699554,
    0.274547278881073,
    0.24650165438652039,
    0.8771659135818481,
    0.542650580406189,
    0.24929411709308624,
    0.0020583549048751593,
    0.7243218421936035,
    0.772877037525177,
    0.6145369410514832,
    0.013096176087856293,
    0.6102166771888733,
    0.02157621458172798,
    0.85005122423172,
    0.014794961549341679,
    0.9763977527618408,
    0.01167378667742014,
    0.38810795545578003,
    0.5900856256484985,
    0.12031148374080658,
    0.7218105792999268,
    0.16660991311073303,
    0.005010393913835287,
    0.12719659507274628,
    0.8749511241912842,
    0.4849814772605896,
    0.34422439336776733,
    0.21779708564281464,
    0.00023830347345210612,
    0.8792165517807007,
    0.7240828275680542,
    0.16885416209697723,
    0.5064336657524109,
    0.9631630778312683,
    0.3932192921638489,
    0.708814799785614,
    0.4780120551586151,
    0.7498977184295654,
    0.8316424489021301,
    0.7883176803588867,
    0.2932078242301941,
    0.6672674417495728,
    0.3272283673286438,
    0.808110237121582,
    0.3818895220756531,
    0.665584146976471,
    0.5302517414093018,
    0.7361133694648743,
    0.931423544883728,
    0.07659684121608734,
    0.2236464023590088,
    0.23522025346755981,
    0.7488967776298523,
    0.5675650238990784,
    0.8620266318321228,
    0.02852213755249977,
    0.9764083027839661,
    0.07901611924171448,
    0.5672402381896973,
    0.7834221720695496,
    0.8699796199798584,
    0.43431976437568665,
    0.3651527166366577,
    0.9247370362281799,
    0.748569667339325,
    0.7709970474243164,
    0.2963268756866455,
    0.9070852994918823,
    0.8613796830177307,
    0.9285377860069275,
    0.8396538496017456,
    0.9418702125549316,
    0.2335134595632553,
    0.11760333925485611,
    0.8204305768013,
    0.11578197032213211,
    0.42926520109176636,
    0.9184138774871826,
    0.9182116389274597,
    0.3772825002670288,
    0.57039475440979,
    0.01682782545685768,
    0.44950243830680847,
    0.9135903716087341,
    0.6118581891059875,
    0.18135514855384827,
    0.30634698271751404,
    0.1946740746498108,
    0.7682378888130188,
    0.1285494714975357,
    0.9022702574729919,
    0.04310789331793785,
    0.003387509612366557,
    0.5560899376869202,
    0.6564468145370483,
    0.9469009637832642,
    0.640624463558197,
    0.07813174277544022,
    0.3053465187549591,
    0.9327376484870911,
    0.4924945533275604,
    0.393830806016922,
    0.13453158736228943,
    0.7338809370994568,
    0.8231119513511658,
    0.7000370025634766,
    0.6465024948120117,
    0.9903253316879272,
    0.4668119251728058,
    0.9483814239501953,
    0.7428732514381409,
    0.1119045838713646,
    0.22052961587905884,
    0.05226921662688255,
    0.5386776328086853,
    0.20969422161579132,
    0.09420383721590042,
    0.09754087030887604,
    0.031070677563548088,
    0.4714643955230713,
    0.020926497876644135,
    0.3251304030418396,
    0.013961052522063255,
    0.5357085466384888,
    0.6897013187408447,
    0.40608668327331543,
    0.029098013415932655,
    0.12803328037261963,
    0.11494998633861542,
    0.6632239818572998,
    0.4612165093421936,
    0.004843703471124172,
    0.12958352267742157,
    0.13502754271030426,
    0.17451702058315277,
    0.7973835468292236,
    0.7353227138519287,
    0.6018767356872559,
    0.026575634256005287,
    0.12333720922470093,
    0.24059027433395386,
    0.8530573844909668,
    0.28032824397087097,
    0.5745707154273987,
    0.7260061502456665,
    0.1785721629858017,
    0.4418247640132904,
    0.10421127825975418,
    0.5692349076271057,
    0.33204448223114014,
    0.6205626130104065,
    0.8511192202568054,
    0.1133207231760025,
    0.6035551428794861,
    0.9943171143531799,
    0.045055683702230453,
    0.865965723991394,
    0.04556799307465553,
    0.28437545895576477,
    0.11199147999286652,
    0.977380096912384,
    0.9464237689971924,
    0.8654696941375732,
    0.3282592296600342,
    0.36063989996910095,
    0.4340451657772064,
    0.040658365935087204,
    0.30334609746932983,
    0.26248347759246826,
    0.5148106217384338,
    0.9173138737678528,
    0.631924569606781,
    0.0952422246336937,
    0.4591795802116394,
    0.6605623364448547,
    0.6125726103782654,
    0.8877525329589844,
    0.26964953541755676,
