{
  "model": "IRM",
  "protocol": "one_city_out_v2",
  "seed": 3,
  "timestamp": "2026-04-15T08:07:00.355867Z",
  "hyperparameters": {
    "architecture": "MLP-128-Drop-64-2",
    "optimizer": "Adam",
    "lr": 0.001,
    "weight_decay": 0.0001,
    "epochs": 100,
    "n_envs": 3,
    "pos_weight": 2.9341,
    "lambda_grid": [
      0.001,
      0.1,
      1.0,
      10.0
    ],
    "best_lambda": 0.1,
    "standardised": true
  },
  "test_metrics": {
    "acc": 0.6959247648902821,
    "macro_f1": 0.6755172449953335,
    "bal_acc": 0.7132151300236407,
    "nll": 0.6229731015233385,
    "ece": 0.48642873240862516,
    "brier": 0.20742988655484085
  },
  "test_probs": [
    0.7540724277496338,
    0.8816766142845154,
    0.19151583313941956,
    0.8600430488586426,
    0.16319678723812103,
    0.028145646676421165,
    0.1825343817472458,
    0.7655905485153198,
    0.08222368359565735,
    0.034001998603343964,
    0.45876410603523254,
    0.7539001703262329,
    0.8198115825653076,
    0.12584999203681946,
    0.45289114117622375,
    0.13237926363945007,
    0.0015690147411078215,
    0.09828819334506989,
    0.06235182657837868,
    0.6776588559150696,
    0.0709562674164772,
    0.4387335479259491,
    0.08935205638408661,
    0.588498592376709,
    0.792113721370697,
    0.5014179944992065,
    0.10640672594308853,
    0.664817750453949,
    0.4137555956840515,
    0.0012954577105119824,
    0.4515191614627838,
    0.787360668182373,
    0.3767531216144562,
    0.5986621379852295,
    0.7075666785240173,
    0.04983772709965706,
    0.6580002307891846,
    0.8435115218162537,
    0.8135455250740051,
    0.8492113947868347,
    0.0911337286233902,
    0.24408024549484253,
    0.09178727120161057,
    0.807791531085968,
    0.23181377351284027,
    0.025812704116106033,
    0.053349338471889496,
    0.7207157611846924,
    0.05933115631341934,
    0.06345339864492416,
    0.5727695226669312,
    0.6026037931442261,
    0.8221065402030945,
    0.02544618584215641,
    0.10124962031841278,
    0.16020166873931885,
    0.20312808454036713,
    0.12236876040697098,
    0.6523502469062805,
    0.1494162529706955,
    0.12271095812320709,
    0.5569499135017395,
    0.38131967186927795,
    0.6783699989318848,
    0.4533970355987549,
    0.23039907217025757,
    0.44115710258483887,
    0.36026060581207275,
    0.18900911509990692,
    0.452373206615448,
    0.5146418213844299,
    0.9243390560150146,
    0.6302324533462524,
    0.8146791458129883,
    0.8660361766815186,
    0.5790425539016724,
    0.3562352657318115,
    0.5261734127998352,
    0.29490169882774353,
    0.07507160305976868,
    0.6669011116027832,
    0.44401639699935913,
    0.2126641571521759,
    0.9408833980560303,
    0.740454912185669,
    0.3432075083255768,
    0.5195678472518921,
    0.14898651838302612,
    0.0040481542237102985,
    0.3324893116950989,
    0.15578310191631317,
    0.35576704144477844,
    0.2605268657207489,
    0.025065075606107712,
    0.1278429478406906,
    0.8972043991088867,
    0.849108099937439,
    0.3392089605331421,
    0.5505741834640503,
    0.6588721871376038,
    0.07069418579339981,
    0.45285123586654663,
    0.1447628289461136,
    0.01000051386654377,
    0.00020121164561714977,
    0.12466539442539215,
    0.07238086313009262,
    0.07746359705924988,
    0.697151243686676,
    0.07472806423902512,
    0.654022753238678,
    0.24049696326255798,
    0.19270730018615723,
    0.9357752203941345,
    0.005046747624874115,
    0.08866340667009354,
    0.3636026382446289,
    0.6304944753646851,
    0.003070652950555086,
    0.0791579931974411,
    0.01921606808900833,
    0.0006645182147622108,
    0.26749658584594727,
    0.06280803680419922,
    0.8824767470359802,
    0.48012232780456543,
    0.0898260548710823,
    0.002609316958114505,
    0.7112076878547668,
    0.7667173147201538,
    0.755485475063324,
    0.00897405669093132,
    0.5234776139259338,
    0.024239612743258476,
    0.7648637294769287,
    0.26285964250564575,
    0.9714988470077515,
    0.05385751649737358,
    0.4219544231891632,
    0.35853517055511475,
    0.13613590598106384,
    0.6621571183204651,
    0.1842341125011444,
    0.12719444930553436,
    0.05493832752108574,
    0.9078204035758972,
    0.5303318500518799,
    0.2679283916950226,
    0.05589040368795395,
    0.0010361454915255308,
    0.8537734746932983,
    0.3529489040374756,
    0.11716567724943161,
    0.6293169260025024,
    0.937680721282959,
    0.10455308109521866,
    0.6524415016174316,
    0.6253018379211426,
    0.7192082405090332,
    0.8202009201049805,
    0.8338661789894104,
    0.24828433990478516,
    0.5648524761199951,
    0.406114786863327,
    0.848817765712738,
    0.46376827359199524,
    0.5582279562950134,
    0.5902729630470276,
    0.6793005466461182,
    0.732147753238678,
    0.0808999314904213,
    0.2307269275188446,
    0.16043119132518768,
    0.7052788138389587,
    0.5225793719291687,
    0.7481759786605835,
    0.01851615682244301,
    0.9740314483642578,
    0.09226631373167038,
    0.4159274399280548,
    0.7927283048629761,
    0.8686932921409607,
    0.44085872173309326,
    0.40219107270240784,
    0.840377688407898,
    0.7896450757980347,
    0.7885221838951111,
    0.36195993423461914,
    0.8696261048316956,
    0.8530774116516113,
    0.9258866310119629,
    0.8531911969184875,
    0.952272355556488,
    0.25861886143684387,
    0.09491180628538132,
    0.8018200993537903,
    0.11390792578458786,
    0.5788044929504395,
    0.8407641053199768,
    0.9308906197547913,
    0.32051610946655273,
    0.5690822601318359,
    0.006614100653678179,
    0.1878354847431183,
    0.8907454609870911,
    0.22756344079971313,
    0.2880224585533142,
    0.34966611862182617,
    0.2277807891368866,
    0.711968719959259,
    0.07981797307729721,
    0.8482112288475037,
    0.1399381160736084,
    0.0064883301965892315,
    0.34229177236557007,
    0.7285165786743164,
    0.8917124271392822,
    0.6636425852775574,
    0.07342878729104996,
    0.38943400979042053,
    0.9015853404998779,
    0.5488163232803345,
    0.47795578837394714,
    0.4346318244934082,
    0.8110229969024658,
    0.666222333908081,
    0.6204150915145874,
    0.1354985535144806,
    0.9833720326423645,
    0.5223515033721924,
    0.9287678599357605,
    0.7552511692047119,
    0.024066871032118797,
    0.26025137305259705,
    0.07508326321840286,
    0.6104639172554016,
    0.29752498865127563,
    0.07031091302633286,
    0.07423517853021622,
    0.022674134001135826,
    0.273225873708725,
    0.010976869612932205,
    0.12841354310512543,
    0.005736737512052059,
    0.5504845976829529,
    0.6534106135368347,
    0.5953249335289001,
    0.023908628150820732,
    0.16590385138988495,
    0.11641568690538406,
    0.6327632069587708,
    0.6897426843643188,
    0.001120495842769742,
    0.312388151884079,
    0.1579628884792328,
    0.1292564421892166,
    0.8159629106521606,
    0.6231252551078796,
    0.46419858932495117,
    0.050617072731256485,
    0.11299442499876022,
    0.1435903012752533,
    0.8300138711929321,
    0.2740294635295868,
    0.5734537243843079,
    0.6734258532524109,
    0.23455439507961273,
    0.4037007987499237,
    0.09366647154092789,
    0.47407007217407227,
    0.5374423861503601,
    0.6978849768638611,
    0.7627040147781372,
    0.17490771412849426,
    0.9357396960258484,
    0.9931793212890625,
    0.08772734552621841,
    0.852593183517456,
    0.020595451816916466,
    0.5879034996032715,
    0.04634206369519234,
    0.9694499969482422,
    0.8853853344917297,
    0.8440698981285095,
    0.3800739645957947,
    0.1666145622730255,
    0.8442143201828003,
    0.037445317953825,
    0.568247377872467,
    0.21795818209648132,
    0.6026924848556519,
    0.9210883975028992,
    0.5080763697624207,
    0.11201907694339752,
    0.4313514530658722,
    0.6150218844413757,
    0.5085427165031433,
    0.8102169036865234,
    0.4057542681694031,
