{
  "mean_acc": [
    0.7754994489079732,
    0.7849630934305668,
    0.7657980566900079,
    0.7671227477745252,
    0.7709966385465512
  ],
  "worst_acc": [
    0.5684754521963824,
    0.6013986013986014,
    0.5,
    0.5416666666666666,
    0.5917312661498708
  ],
  "mean_f1": [
    0.6831180650357246,
    0.6915183758715766,
    0.6698943717024243,
    0.6653368532866843,
    0.676528811471953
  ],
  "worst_f1": [
    0.43421052631578944,
    0.44155844155844154,
    0.43421052631578944,
    0.44155844155844154,
    0.44155844155844154
  ],
  "mean_bal_acc": [
    0.6851316085848955,
    0.6923374373666593,
    0.6725521592374101,
    0.6669761927079025,
    0.6777873989649177
  ],
  "worst_bal_acc": [
    0.4852941176470588,
    0.5,
    0.4852941176470588,
    0.5,
    0.5
  ]
}