{
  "model": "GIRL",
  "protocol": "one_city_out_v2",
  "seed": 2,
  "timestamp": "2026-04-17T19:07:33.620934Z",
  "hyperparameters": {
    "architecture": "SAGEConv-2layer+LinearHead",
    "hidden_dim": 64,
    "dropout": 0.5,
    "optimizer": "Adam",
    "lr": 0.01,
    "weight_decay": 0.0005,
    "epochs": 200,
    "batch_size": 256,
    "num_neighbors": [
      20,
      20
    ],
    "patience": 20,
    "n_envs": 3,
    "lam_grid": [
      0.1,
      1.0
    ],
    "mu_grid": [
      0.0001,
      0.001,
      0.01
    ],
    "best_lambda": 0.1,
    "best_mu": 0.0001,
    "scale_irm": "warmup",
    "scale_geo": 94616.51,
    "irm_warmup_epochs": 20,
    "pos_weight": 1.7129,
    "weighting": "sqrt_inv_freq"
  },
  "test_metrics": {
    "acc": 0.7147335423197492,
    "macro_f1": 0.6599903955397823,
    "bal_acc": 0.6615130023640662,
    "nll": 0.5353122329479592,
    "ece": 0.45258288665858554,
    "brier": 0.1775514382754968
  },
  "test_probs": [
    0.5187009572982788,
    0.6832875609397888,
    0.2589379847049713,
    0.5802282691001892,
    0.1291426122188568,
    0.13860751688480377,
    0.10761585086584091,
    0.3636012375354767,
    0.18923501670360565,
    0.09163027256727219,
    0.16226758062839508,
    0.5275781154632568,
    0.5469151735305786,
    0.08053572475910187,
    0.36474910378456116,
    0.16852399706840515,
    0.028693465515971184,
    0.15633775293827057,
    0.1225486621260643,
    0.48215451836586,
    0.08202467858791351,
    0.23208637535572052,
    0.06408609449863434,
    0.4660952091217041,
    0.5239817500114441,
    0.2638355791568756,
    0.15529049932956696,
    0.5458313226699829,
    0.49242010712623596,
    0.007047389168292284,
    0.2539568841457367,
    0.5478368997573853,
    0.4110378921031952,
    0.47987115383148193,
    0.43330276012420654,
    0.07691814750432968,
    0.32835912704467773,
    0.6440410614013672,
    0.7502275705337524,
    0.5162509679794312,
    0.2309754490852356,
    0.1737210750579834,
    0.10578703135251999,
    0.6325526833534241,
    0.23599039018154144,
    0.09610029309988022,
    0.11433503031730652,
    0.5900394320487976,
    0.047838542610406876,
    0.13709880411624908,
    0.4361300468444824,
    0.36794790625572205,
    0.7279149293899536,
    0.06500997394323349,
    0.056145887821912766,
    0.14971677958965302,
    0.19621893763542175,
    0.16694878041744232,
    0.4711879789829254,
    0.17141930758953094,
    0.09938689321279526,
    0.18982835114002228,
    0.2761675715446472,
    0.44736194610595703,
    0.2091686725616455,
    0.40981143712997437,
    0.4186803698539734,
    0.164800226688385,
    0.24245768785476685,
    0.20699527859687805,
    0.4001946747303009,
    0.7379992008209229,
    0.23521871864795685,
    0.657393217086792,
    0.6594385504722595,
    0.4550009071826935,
    0.2489084154367447,
    0.6189178228378296,
    0.15113399922847748,
    0.0952412560582161,
    0.6891921162605286,
    0.36360713839530945,
    0.20514479279518127,
    0.8172937035560608,
    0.5279279351234436,
    0.16942432522773743,
    0.5894750356674194,
    0.13020525872707367,
    0.015142193995416164,
    0.22116535902023315,
    0.16585984826087952,
    0.300863116979599,
    0.2763793170452118,
    0.0541217140853405,
    0.13947586715221405,
    0.7219178676605225,
    0.5565654039382935,
    0.3480294942855835,
    0.374458909034729,
    0.731610119342804,
    0.07555101066827774,
    0.3281347453594208,
    0.18718595802783966,
    0.11631127446889877,
    0.004328208975493908,
    0.15041483938694,
    0.060917217284440994,
    0.1577027291059494,
    0.6181183457374573,
    0.10303070396184921,
    0.5219922065734863,
    0.15226829051971436,
    0.16243548691272736,
    0.754441499710083,
    0.08242050558328629,
    0.08957686275243759,
    0.302060604095459,
    0.356821209192276,
    0.009408512152731419,
    0.09649480879306793,
    0.030298471450805664,
    0.18196788430213928,
    0.19370363652706146,
    0.10654284060001373,
    0.6590619683265686,
    0.37032851576805115,
    0.11542380601167679,
    0.013139579445123672,
    0.4962785243988037,
    0.6259123086929321,
    0.3740379512310028,
    0.021778704598546028,
    0.4559688866138458,
    0.0519840233027935,
    0.6372256278991699,
    0.34499406814575195,
    0.8260561227798462,
    0.10028832405805588,
    0.4008665978908539,
    0.5106398463249207,
    0.10062350332736969,
    0.411983460187912,
    0.16287852823734283,
    0.1420300006866455,
    0.1486198604106903,
    0.5813910961151123,
    0.36146843433380127,
    0.5262395143508911,
    0.09857963025569916,
    0.0017210026271641254,
    0.5360302925109863,
    0.4676651358604431,
    0.18956762552261353,
    0.31324389576911926,
    0.7894008755683899,
    0.4116978645324707,
    0.4941020607948303,
    0.45673292875289917,
    0.5624992251396179,
    0.5873203873634338,
    0.5766242742538452,
    0.2611792981624603,
    0.5812138319015503,
    0.521769642829895,
    0.5740324258804321,
    0.21182803809642792,
    0.5842486619949341,
    0.413644015789032,
    0.596314549446106,
    0.7386937737464905,
    0.088614821434021,
    0.18741072714328766,
    0.16578306257724762,
    0.4145793318748474,
    0.2732122838497162,
    0.5769351124763489,
    0.06512393802404404,
    0.8836581110954285,
    0.057681240141391754,
    0.5105437636375427,
    0.5806278586387634,
    0.5690045356750488,
    0.36124157905578613,
    0.1629173457622528,
    0.5922455191612244,
    0.6043660640716553,
    0.5739436149597168,
    0.572414755821228,
    0.7611711025238037,
    0.4542461335659027,
    0.7427042126655579,
    0.6361296772956848,
    0.7130057215690613,
    0.17262934148311615,
    0.13057437539100647,
    0.5782492160797119,
    0.13805384933948517,
    0.2783040404319763,
    0.7271221280097961,
    0.6735203862190247,
    0.20808632671833038,
    0.4677969515323639,
    0.04031584784388542,
    0.29607054591178894,
    0.6606569290161133,
    0.3502829968929291,
    0.18030059337615967,
    0.1291409730911255,
    0.25583621859550476,
    0.45978355407714844,
    0.12131080776453018,
    0.7260600924491882,
    0.05835029110312462,
    0.0066873435862362385,
    0.4077458381652832,
    0.4720362722873688,
    0.73082435131073,
    0.4110333323478699,
    0.09979189932346344,
    0.1894216388463974,
    0.7099482417106628,
    0.5205461382865906,
    0.39391517639160156,
    0.20116792619228363,
    0.21200816333293915,
    0.47449854016304016,
    0.3418450653553009,
    0.5604334473609924,
    0.7709799408912659,
    0.31151407957077026,
    0.7837774157524109,
    0.42614832520484924,
    0.13761897385120392,
    0.1733507513999939,
    0.11707275360822678,
    0.2388022094964981,
    0.18171723186969757,
    0.09180157631635666,
    0.10969636589288712,
    0.08681343495845795,
    0.2433653324842453,
    0.18070614337921143,
    0.1924382597208023,
    0.022961802780628204,
    0.27042266726493835,
    0.43221762776374817,
    0.4354534447193146,
    0.07001425325870514,
    0.286770761013031,
    0.15650060772895813,
    0.3599364757537842,
    0.5569217205047607,
    0.03199704736471176,
    0.20973920822143555,
    0.10369004309177399,
    0.13061749935150146,
    0.6076138615608215,
    0.5563770532608032,
    0.3756491243839264,
    0.08663882315158844,
    0.3972896337509155,
    0.1891271322965622,
    0.5229484438896179,
    0.19918513298034668,
    0.3412448763847351,
    0.3984874188899994,
    0.2706127464771271,
    0.24589526653289795,
    0.17854492366313934,
    0.3240661323070526,
    0.40613463521003723,
    0.3688523769378662,
    0.674689531326294,
    0.1618683934211731,
    0.7017533779144287,
    0.9058836698532104,
    0.1395445168018341,
    0.6953336596488953,
    0.024340366944670677,
    0.3162771761417389,
    0.19494324922561646,
    0.9022240042686462,
    0.6857318878173828,
    0.5472288131713867,
    0.26944980025291443,
    0.17883695662021637,
    0.347128301858902,
