{
  "model": "GIRL",
  "protocol": "one_city_out_v2",
  "seed": 0,
  "timestamp": "2026-04-17T18:33:58.661572Z",
  "hyperparameters": {
    "architecture": "SAGEConv-2layer+LinearHead",
    "hidden_dim": 64,
    "dropout": 0.5,
    "optimizer": "Adam",
    "lr": 0.01,
    "weight_decay": 0.0005,
    "epochs": 200,
    "batch_size": 256,
    "num_neighbors": [
      20,
      20
    ],
    "patience": 20,
    "n_envs": 3,
    "lam_grid": [
      0.1,
      1.0
    ],
    "mu_grid": [
      0.0001,
      0.001,
      0.01
    ],
    "best_lambda": 1.0,
    "best_mu": 0.001,
    "scale_irm": "warmup",
    "scale_geo": 101217.33,
    "irm_warmup_epochs": 20,
    "pos_weight": 1.7129,
    "weighting": "sqrt_inv_freq"
  },
  "test_metrics": {
    "acc": 0.7115987460815048,
    "macro_f1": 0.653096926713948,
    "bal_acc": 0.6530969267139479,
    "nll": 0.5411946154024246,
    "ece": 0.4050655271566026,
    "brier": 0.18252916439918582
  },
  "test_probs": [
    0.540704607963562,
    0.6940641403198242,
    0.28957849740982056,
    0.5715857744216919,
    0.1826632171869278,
    0.2438739836215973,
    0.2546502649784088,
    0.4643131494522095,
    0.11057986319065094,
    0.08431980758905411,
    0.2829618453979492,
    0.5344029664993286,
    0.4897223114967346,
    0.08859624713659286,
    0.40039369463920593,
    0.14557932317256927,
    0.025539984926581383,
    0.15536710619926453,
    0.09209487587213516,
    0.6204631924629211,
    0.10118739306926727,
    0.3635610342025757,
    0.05295068025588989,
    0.4729781150817871,
    0.5029973983764648,
    0.40705543756484985,
    0.20257903635501862,
    0.5735105276107788,
    0.7014307975769043,
    0.012226230464875698,
    0.38746118545532227,
    0.6001343131065369,
    0.36231303215026855,
    0.41827085614204407,
    0.48430225253105164,
    0.10545647144317627,
    0.319539874792099,
    0.5624703764915466,
    0.7385209202766418,
    0.5760536193847656,
    0.20839257538318634,
    0.17612406611442566,
    0.12126073241233826,
    0.7450403571128845,
    0.21712139248847961,
    0.0836169496178627,
    0.22658753395080566,
    0.5585384964942932,
    0.0733034685254097,
    0.11203305423259735,
    0.4991166591644287,
    0.46018776297569275,
    0.6981940269470215,
    0.021056288853287697,
    0.03343461453914642,
    0.1334293782711029,
    0.2959499657154083,
    0.22551944851875305,
    0.439898818731308,
    0.1197129413485527,
    0.14232517778873444,
    0.3766736686229706,
    0.4464074671268463,
    0.3653223216533661,
    0.3247721195220947,
    0.3800625205039978,
    0.38325050473213196,
    0.3266826272010803,
    0.32982394099235535,
    0.18676955997943878,
    0.6829899549484253,
    0.798646092414856,
    0.6011818647384644,
    0.5554349422454834,
    0.6459585428237915,
    0.45063236355781555,
    0.3089282810688019,
    0.54071444272995,
    0.2287842333316803,
    0.14133091270923615,
    0.7363317012786865,
    0.4353892207145691,
    0.36652714014053345,
    0.8954358696937561,
    0.5538628697395325,
    0.33017608523368835,
    0.6173484325408936,
    0.15941545367240906,
    0.012434390373528004,
    0.2523854672908783,
    0.18087023496627808,
    0.3751335144042969,
    0.2694609463214874,
    0.06822839379310608,
    0.30940380692481995,
    0.602742612361908,
    0.4562225043773651,
    0.3375493884086609,
    0.4505368769168854,
    0.5801226496696472,
    0.061730992048978806,
    0.34822848439216614,
    0.2819823920726776,
    0.23404355347156525,
    0.00854171346873045,
    0.2096930742263794,
    0.11083308607339859,
    0.25004062056541443,
    0.629560112953186,
    0.07612579315900803,
    0.5201309323310852,
    0.3151021897792816,
    0.3201451897621155,
    0.8030422329902649,
    0.02954511158168316,
    0.20394189655780792,
    0.4382217526435852,
    0.4320765733718872,
    0.018844014033675194,
    0.13486546277999878,
    0.017378048971295357,
    0.11210005730390549,
    0.31486189365386963,
    0.26565176248550415,
    0.5615009665489197,
    0.40728485584259033,
    0.10118100047111511,
    0.012986634857952595,
    0.4999408423900604,
    0.5282386541366577,
    0.46740758419036865,
    0.03554338589310646,
    0.471530020236969,
    0.030946247279644012,
    0.5885071158409119,
    0.41620248556137085,
    0.8271979093551636,
    0.05770223215222359,
    0.35683152079582214,
    0.47689196467399597,
    0.1607629358768463,
    0.46849220991134644,
    0.17380458116531372,
    0.3194752633571625,
    0.28376179933547974,
    0.4954822063446045,
    0.362725168466568,
    0.4321599006652832,
    0.12027481198310852,
    0.0118398517370224,
    0.45807620882987976,
    0.44272905588150024,
    0.19199803471565247,
    0.3772043287754059,
    0.8548433184623718,
    0.4664047658443451,
    0.5052638649940491,
    0.5085666179656982,
    0.5155952572822571,
    0.5240967273712158,
    0.5452454090118408,
    0.4601171016693115,
    0.5829623341560364,
    0.5039635300636292,
    0.6180712580680847,
    0.29578015208244324,
    0.5567930340766907,
    0.5311220288276672,
    0.4996381998062134,
    0.6560815572738647,
    0.13853026926517487,
    0.14665260910987854,
    0.26318269968032837,
    0.4484636187553406,
    0.3117600083351135,
    0.6660547256469727,
    0.0476275235414505,
    0.9197737574577332,
    0.0651731938123703,
    0.4767054617404938,
    0.5504907369613647,
    0.5505997538566589,
    0.43462198972702026,
    0.35229307413101196,
    0.6981670260429382,
    0.5800246596336365,
    0.5464575886726379,
    0.45545607805252075,
    0.7450301647186279,
    0.5333192348480225,
    0.6233727335929871,
    0.6662095785140991,
    0.6913948655128479,
    0.23006880283355713,
    0.26066750288009644,
    0.5583661198616028,
    0.14025776088237762,
    0.46386951208114624,
    0.6609675884246826,
    0.6266332864761353,
    0.3551153540611267,
    0.45178282260894775,
    0.030379606410861015,
    0.33725351095199585,
    0.726710855960846,
    0.4680481553077698,
    0.24868904054164886,
    0.3444864749908447,
    0.2966662347316742,
    0.49229955673217773,
    0.1992161124944687,
    0.6349047422409058,
    0.25328487157821655,
    0.010429464280605316,
    0.5202850103378296,
    0.4802815020084381,
    0.7101261019706726,
    0.4451870322227478,
    0.08331817388534546,
    0.3957194983959198,
    0.7805231213569641,
    0.5071534514427185,
    0.4288891553878784,
    0.40793710947036743,
    0.5673061609268188,
    0.44170093536376953,
    0.49155813455581665,
    0.23661422729492188,
    0.91532963514328,
    0.3014443516731262,
    0.7865183353424072,
    0.49498113989830017,
    0.13204099237918854,
    0.30214422941207886,
    0.06729409843683243,
    0.44455572962760925,
    0.33378154039382935,
    0.08609861880540848,
    0.10233569145202637,
    0.21346552670001984,
    0.379138320684433,
    0.05568913742899895,
    0.21948324143886566,
    0.039140164852142334,
    0.46722400188446045,
    0.3501332998275757,
    0.42314401268959045,
    0.10401251167058945,
    0.35354146361351013,
    0.24975669384002686,
    0.4476407468318939,
    0.47783130407333374,
    0.012860230170190334,
    0.40064916014671326,
    0.17322871088981628,
    0.3002053201198578,
    0.5816426873207092,
    0.2785857021808624,
    0.4550955295562744,
    0.24772688746452332,
    0.3276820182800293,
    0.1768670380115509,
    0.6241738200187683,
    0.3139360249042511,
    0.4453698992729187,
    0.4780290126800537,
    0.30976125597953796,
    0.34369200468063354,
    0.11208899319171906,
    0.3282654583454132,
    0.4617004692554474,
    0.47090548276901245,
    0.8671981692314148,
    0.3194791376590729,
    0.8301666378974915,
    0.9672022461891174,
    0.24521414935588837,
    0.5822176933288574,
    0.2644197344779968,
    0.509992778301239,
    0.15663620829582214,
    0.8745393753051758,
    0.8168175220489502,
    0.5178655982017517,
    0.13763518631458282,
    0.22149088978767395,
    0.4199766516685486,
