{
  "model": "GIRL",
  "protocol": "one_city_out_v2",
  "seed": 3,
  "timestamp": "2026-04-17T19:23:55.043979Z",
  "hyperparameters": {
    "architecture": "SAGEConv-2layer+LinearHead",
    "hidden_dim": 64,
    "dropout": 0.5,
    "optimizer": "Adam",
    "lr": 0.01,
    "weight_decay": 0.0005,
    "epochs": 200,
    "batch_size": 256,
    "num_neighbors": [
      20,
      20
    ],
    "patience": 20,
    "n_envs": 3,
    "lam_grid": [
      0.1,
      1.0
    ],
    "mu_grid": [
      0.0001,
      0.001,
      0.01
    ],
    "best_lambda": 1.0,
    "best_mu": 0.001,
    "scale_irm": "warmup",
    "scale_geo": 88746.88,
    "irm_warmup_epochs": 20,
    "pos_weight": 1.7129,
    "weighting": "sqrt_inv_freq"
  },
  "test_metrics": {
    "acc": 0.7178683385579937,
    "macro_f1": 0.6757251287611818,
    "bal_acc": 0.6854137115839244,
    "nll": 0.5200499797075276,
    "ece": 0.4305634039416209,
    "brier": 0.1740570771573711
  },
  "test_probs": [
    0.5575665235519409,
    0.7284995913505554,
    0.29807040095329285,
    0.6606294512748718,
    0.14341409504413605,
    0.13875515758991241,
    0.15554042160511017,
    0.5238708853721619,
    0.17575667798519135,
    0.06508012861013412,
    0.2188487946987152,
    0.5630300045013428,
    0.4937038719654083,
    0.07975537329912186,
    0.3723573386669159,
    0.13883821666240692,
    0.048983484506607056,
    0.17295922338962555,
    0.11392736434936523,
    0.562414288520813,
    0.11430595070123672,
    0.3602023422718048,
    0.053054291754961014,
    0.45688596367836,
    0.6189221143722534,
    0.3246597647666931,
    0.14919038116931915,
    0.4911239743232727,
    0.6543449759483337,
    0.026936888694763184,
    0.2645564079284668,
    0.5971909761428833,
    0.38166698813438416,
    0.3994077742099762,
    0.517400860786438,
    0.10651765763759613,
    0.33680135011672974,
    0.6609123945236206,
    0.7691487669944763,
    0.6829175353050232,
    0.19810160994529724,
    0.11844448745250702,
    0.1592423915863037,
    0.7912557125091553,
    0.2144709825515747,
    0.11250033974647522,
    0.20971302688121796,
    0.5965811014175415,
    0.08123695850372314,
    0.1483975648880005,
    0.4899147152900696,
    0.516435444355011,
    0.7527854442596436,
    0.056092001497745514,
    0.04238130897283554,
    0.13245134055614471,
    0.21596983075141907,
    0.1401366889476776,
    0.4872986376285553,
    0.14375323057174683,
    0.08081385493278503,
    0.34876900911331177,
    0.4075983762741089,
    0.35992133617401123,
    0.3864947259426117,
    0.2269718050956726,
    0.42635631561279297,
    0.23169758915901184,
    0.34689560532569885,
    0.15621159970760345,
    0.5739380717277527,
    0.8279147148132324,
    0.602662205696106,
    0.6750918626785278,
    0.7527632117271423,
    0.480528861284256,
    0.27315711975097656,
    0.5983315110206604,
    0.14441126585006714,
    0.1832638382911682,
    0.6269940733909607,
    0.46892863512039185,
    0.36463508009910583,
    0.8943777084350586,
    0.593291163444519,
    0.21801859140396118,
    0.5923752784729004,
    0.13357414305210114,
    0.03872540593147278,
    0.1299610137939453,
    0.1422608345746994,
    0.3926345407962799,
    0.2808673679828644,
    0.0899757593870163,
    0.15246877074241638,
    0.8083052635192871,
    0.6439234018325806,
    0.29194122552871704,
    0.3520306348800659,
    0.552654504776001,
    0.09563814103603363,
    0.2970144748687744,
    0.1432293951511383,
    0.16510151326656342,
    0.021365579217672348,
    0.24038030207157135,
    0.1190299391746521,
    0.19268430769443512,
    0.4848526120185852,
    0.11759009957313538,
    0.5050125122070312,
    0.19541612267494202,
    0.2641439735889435,
    0.8151849508285522,
    0.07171706110239029,
    0.16363570094108582,
    0.3249944746494293,
    0.4245476722717285,
    0.02359742671251297,
    0.08384831994771957,
    0.039181433618068695,
    0.08408022671937943,
    0.20452331006526947,
    0.18317091464996338,
    0.6134662628173828,
    0.5801037549972534,
    0.1608802080154419,
    0.02201024629175663,
    0.5272756814956665,
    0.6690412163734436,
    0.5044656991958618,
    0.07038772851228714,
    0.4857940077781677,
    0.0429549440741539,
    0.6768211126327515,
    0.29207226634025574,
    0.88746178150177,
    0.07526052743196487,
    0.38294345140457153,
    0.5092374682426453,
    0.12377505004405975,
    0.48299843072891235,
    0.12376721948385239,
    0.1266966462135315,
    0.17692965269088745,
    0.5560107231140137,
    0.4557749629020691,
    0.4692023694515228,
    0.21333134174346924,
    0.045963697135448456,
    0.5375847816467285,
    0.4639238119125366,
    0.2142542451620102,
    0.38180026412010193,
    0.8601906299591064,
    0.18985989689826965,
    0.5109760165214539,
    0.5169990658760071,
    0.6407203674316406,
    0.612701416015625,
    0.5900390148162842,
    0.39550405740737915,
    0.5784479975700378,
    0.384056031703949,
    0.6211764812469482,
    0.23032507300376892,
    0.6549095511436462,
    0.46790385246276855,
    0.5678008794784546,
    0.5476775169372559,
    0.11937353760004044,
    0.19012318551540375,
    0.1629914939403534,
    0.5493525266647339,
    0.31303462386131287,
    0.7462731003761292,
    0.050849322229623795,
    0.9445662498474121,
    0.05816023796796799,
    0.5002465844154358,
    0.58338862657547,
    0.6507581472396851,
    0.3651198446750641,
    0.18873724341392517,
    0.7504379153251648,
    0.6080942749977112,
    0.6735474467277527,
    0.36804521083831787,
    0.7162473797798157,
    0.6124225854873657,
    0.7178714871406555,
    0.6987311244010925,
    0.8037076592445374,
    0.3471774458885193,
    0.3437417447566986,
    0.6130689978599548,
    0.15862424671649933,
    0.3859478235244751,
    0.7329333424568176,
    0.6643207669258118,
    0.28341400623321533,
    0.3892933130264282,
    0.06194649636745453,
    0.2111494392156601,
    0.7967867851257324,
    0.4197498857975006,
    0.21754750609397888,
    0.25384849309921265,
    0.18972572684288025,
    0.5177158117294312,
    0.1490122526884079,
    0.7266927361488342,
    0.13915497064590454,
    0.025691278278827667,
    0.44749942421913147,
    0.3517680764198303,
    0.7408497929573059,
    0.38281452655792236,
    0.09737035632133484,
    0.3159390985965729,
    0.7880914807319641,
    0.5227794647216797,
    0.4986847937107086,
    0.33882418274879456,
    0.3352225422859192,
    0.4873449504375458,
    0.5279921889305115,
    0.3241153359413147,
    0.8999799489974976,
    0.36768725514411926,
    0.826409637928009,
    0.512660562992096,
    0.1516987532377243,
    0.14202958345413208,
    0.08525338768959045,
    0.4497074782848358,
    0.32196885347366333,
    0.10482855141162872,
    0.15013813972473145,
    0.10395191609859467,
    0.4153379499912262,
    0.1620793640613556,
    0.17159393429756165,
    0.035033125430345535,
    0.4935873746871948,
    0.41134458780288696,
    0.5249606966972351,
    0.1215486153960228,
    0.1695806235074997,
    0.21538357436656952,
    0.4947203993797302,
    0.5494719743728638,
    0.03795677423477173,
    0.5523844361305237,
    0.12312937527894974,
    0.1313982903957367,
    0.5595240592956543,
    0.6043874025344849,
    0.3701598048210144,
    0.13019929826259613,
    0.3866350054740906,
    0.28142040967941284,
    0.6660821437835693,
    0.15814286470413208,
    0.3383588492870331,
    0.495377779006958,
    0.27551451325416565,
    0.20836161077022552,
    0.11176224052906036,
    0.3841656446456909,
    0.39804431796073914,
    0.4953204095363617,
    0.7511041760444641,
    0.2246192842721939,
    0.835338830947876,
    0.954310417175293,
    0.34966233372688293,
    0.7428194284439087,
    0.225141242146492,
    0.4619269371032715,
    0.09340669959783554,
    0.8932592272758484,
    0.7738153338432312,
    0.6207680702209473,
    0.17091824114322662,
    0.14513033628463745,
    0.43243494629859924,
    0.14470353722572327,
