{
  "model": "GIRL",
  "protocol": "one_city_out_v2",
  "seed": 1,
  "timestamp": "2026-04-17T18:50:16.471393Z",
  "hyperparameters": {
    "architecture": "SAGEConv-2layer+LinearHead",
    "hidden_dim": 64,
    "dropout": 0.5,
    "optimizer": "Adam",
    "lr": 0.01,
    "weight_decay": 0.0005,
    "epochs": 200,
    "batch_size": 256,
    "num_neighbors": [
      20,
      20
    ],
    "patience": 20,
    "n_envs": 3,
    "lam_grid": [
      0.1,
      1.0
    ],
    "mu_grid": [
      0.0001,
      0.001,
      0.01
    ],
    "best_lambda": 1.0,
    "best_mu": 0.0001,
    "scale_irm": "warmup",
    "scale_geo": 110086.11,
    "irm_warmup_epochs": 20,
    "pos_weight": 1.7129,
    "weighting": "sqrt_inv_freq"
  },
  "test_metrics": {
    "acc": 0.7241379310344828,
    "macro_f1": 0.6812607866291216,
    "bal_acc": 0.6898581560283688,
    "nll": 0.5229500738668651,
    "ece": 0.42237017221959033,
    "brier": 0.17541533458281644
  },
  "test_probs": [
    0.6098942756652832,
    0.6903247237205505,
    0.2712076008319855,
    0.6436333060264587,
    0.14323091506958008,
    0.22310465574264526,
    0.15248753130435944,
    0.42534196376800537,
    0.18577489256858826,
    0.11413352936506271,
    0.3994296193122864,
    0.6012246012687683,
    0.4741898477077484,
    0.09029542654752731,
    0.45447587966918945,
    0.1636100560426712,
    0.04131485894322395,
    0.23000237345695496,
    0.12305410206317902,
    0.6126759052276611,
    0.09958389401435852,
    0.44335561990737915,
    0.08508571982383728,
    0.5787315368652344,
    0.6606956124305725,
    0.33580440282821655,
    0.162160724401474,
    0.6065911054611206,
    0.6215224266052246,
    0.01047707162797451,
    0.2812541127204895,
    0.6422632336616516,
    0.34090423583984375,
    0.416415274143219,
    0.5042209029197693,
    0.14197376370429993,
    0.37500637769699097,
    0.6590225100517273,
    0.7718561291694641,
    0.6249974966049194,
    0.20665346086025238,
    0.2070789784193039,
    0.1833392083644867,
    0.6850070953369141,
    0.155263289809227,
    0.11562751233577728,
    0.16038256883621216,
    0.7040908336639404,
    0.08524264395236969,
    0.13205336034297943,
    0.42491158843040466,
    0.4772886633872986,
    0.7383335828781128,
    0.05357835814356804,
    0.08356376737356186,
    0.14016741514205933,
    0.31096622347831726,
    0.17070917785167694,
    0.4708535969257355,
    0.1435963660478592,
    0.10365307331085205,
    0.3068418800830841,
    0.3133471608161926,
    0.3037506639957428,
    0.3972521126270294,
    0.38919639587402344,
    0.3891158998012543,
    0.23358900845050812,
    0.3438970744609833,
    0.23806898295879364,
    0.5502557754516602,
    0.8069261908531189,
    0.5464313626289368,
    0.6293830275535583,
    0.6618865132331848,
    0.48418647050857544,
    0.3067988455295563,
    0.5993561744689941,
    0.19338807463645935,
    0.15749505162239075,
    0.7068654298782349,
    0.40253564715385437,
    0.316438764333725,
    0.8426414132118225,
    0.6118719577789307,
    0.27148205041885376,
    0.42082715034484863,
    0.14277824759483337,
    0.0374378003180027,
    0.19749632477760315,
    0.21340438723564148,
    0.4194258749485016,
    0.2586880028247833,
    0.08629348874092102,
    0.17383967339992523,
    0.7116305232048035,
    0.5994164347648621,
    0.4075801968574524,
    0.3378971815109253,
    0.5786957144737244,
    0.08812444657087326,
    0.3550443947315216,
    0.24574878811836243,
    0.2796823978424072,
    0.029747340828180313,
    0.21809157729148865,
    0.1088438630104065,
    0.1112120971083641,
    0.5364651679992676,
    0.20265811681747437,
    0.5638138651847839,
    0.20043037831783295,
    0.2979246973991394,
    0.7905755043029785,
    0.07630370557308197,
    0.1750098466873169,
    0.33633163571357727,
    0.5541839599609375,
    0.02300252392888069,
    0.08367881178855896,
    0.05151878669857979,
    0.1255745142698288,
    0.281517893075943,
    0.09871678799390793,
    0.6278505325317383,
    0.43434035778045654,
    0.190346360206604,
    0.023933034390211105,
    0.507264256477356,
    0.6109012961387634,
    0.5024482607841492,
    0.0801687091588974,
    0.4723877012729645,
    0.06927680969238281,
    0.6534589529037476,
    0.3570806384086609,
    0.816289484500885,
    0.16397029161453247,
    0.44415780901908875,
    0.5707870125770569,
    0.1610805243253708,
    0.4266870319843292,
    0.1586146503686905,
    0.18644599616527557,
    0.23476392030715942,
    0.5575327277183533,
    0.36205220222473145,
    0.5479329228401184,
    0.17754290997982025,
    0.01355559378862381,
    0.5272202491760254,
    0.41046297550201416,
    0.20128604769706726,
    0.3199215233325958,
    0.8429755568504333,
    0.09461773186922073,
    0.5733187794685364,
    0.5363780856132507,
    0.6283345222473145,
    0.6025153398513794,
    0.629379391670227,
    0.39018112421035767,
    0.47876548767089844,
    0.4484628438949585,
    0.6212058067321777,
    0.260142982006073,
    0.6196796298027039,
    0.5089801549911499,
    0.629764199256897,
    0.6284026503562927,
    0.12110543996095657,
    0.19750657677650452,
    0.23362788558006287,
    0.47530046105384827,
    0.4021315574645996,
    0.6879957318305969,
    0.05360230430960655,
    0.8842011094093323,
    0.08914540708065033,
    0.459265798330307,
    0.5815023183822632,
    0.5917735695838928,
    0.3976852297782898,
    0.2596181035041809,
    0.7345169186592102,
    0.6004648208618164,
    0.6468523144721985,
    0.40020015835762024,
    0.7531741261482239,
    0.582038938999176,
    0.6736155152320862,
    0.6690513491630554,
    0.7313072085380554,
    0.24435825645923615,
    0.22348076105117798,
    0.5956650376319885,
    0.1255108118057251,
    0.3934837281703949,
    0.7097187638282776,
    0.6419515609741211,
    0.3095700144767761,
    0.39449015259742737,
    0.07614701986312866,
    0.3289828300476074,
    0.7485436797142029,
    0.4146716892719269,
    0.2797800600528717,
    0.2640784680843353,
    0.25439199805259705,
    0.6534600853919983,
    0.13870351016521454,
    0.7107155919075012,
    0.21105709671974182,
    0.02189094014465809,
    0.5807157754898071,
    0.3956972062587738,
    0.7935219407081604,
    0.5223639607429504,
    0.09236806631088257,
    0.3682522773742676,
    0.782024085521698,
    0.6066360473632812,
    0.4889034628868103,
    0.3229875862598419,
    0.6075019240379333,
    0.4809594750404358,
    0.5737828016281128,
    0.2970829904079437,
    0.8965991139411926,
    0.32415956258773804,
    0.7926536798477173,
    0.5365249514579773,
    0.21448324620723724,
    0.24636836349964142,
    0.1243002787232399,
    0.4467783570289612,
    0.287578821182251,
    0.09090081602334976,
    0.15509827435016632,
    0.0773836225271225,
    0.3205665946006775,
    0.097922682762146,
    0.19176386296749115,
    0.04154032841324806,
    0.43163058161735535,
    0.4117077589035034,
    0.4317244589328766,
    0.1371103972196579,
    0.20715686678886414,
    0.2058573216199875,
    0.49532464146614075,
    0.6601402759552002,
    0.06687901169061661,
    0.3733287453651428,
    0.13601841032505035,
    0.245996356010437,
    0.6420392990112305,
    0.36990243196487427,
    0.3382259011268616,
    0.13110148906707764,
    0.32936421036720276,
    0.2659910023212433,
    0.6813995838165283,
    0.22040823101997375,
    0.3462015986442566,
    0.4490494132041931,
    0.3412902057170868,
    0.295551598072052,
    0.1500268280506134,
    0.30598804354667664,
    0.33733484148979187,
    0.44290032982826233,
    0.7699168920516968,
    0.34281617403030396,
    0.8407200574874878,
    0.9291656613349915,
    0.26542726159095764,
    0.6866413354873657,
    0.16830067336559296,
    0.15205837786197662,
    0.141229510307312,
    0.8643979430198669,
    0.7740219235420227,
    0.5615404844284058,
    0.2259644716978073,
    0.23129822313785553,
    0.3840901255607605,
    0.2116294503211975,
