{
  "model": "GIRL",
  "protocol": "one_city_out_v2",
  "seed": 4,
  "timestamp": "2026-04-17T19:39:54.395378Z",
  "hyperparameters": {
    "architecture": "SAGEConv-2layer+LinearHead",
    "hidden_dim": 64,
    "dropout": 0.5,
    "optimizer": "Adam",
    "lr": 0.01,
    "weight_decay": 0.0005,
    "epochs": 200,
    "batch_size": 256,
    "num_neighbors": [
      20,
      20
    ],
    "patience": 20,
    "n_envs": 3,
    "lam_grid": [
      0.1,
      1.0
    ],
    "mu_grid": [
      0.0001,
      0.001,
      0.01
    ],
    "best_lambda": 1.0,
    "best_mu": 0.0001,
    "scale_irm": "warmup",
    "scale_geo": 97847.87,
    "irm_warmup_epochs": 20,
    "pos_weight": 1.7129,
    "weighting": "sqrt_inv_freq"
  },
  "test_metrics": {
    "acc": 0.7178683385579937,
    "macro_f1": 0.6722602739726029,
    "bal_acc": 0.6792198581560284,
    "nll": 0.5190284337872775,
    "ece": 0.4433046480214522,
    "brier": 0.1737310885618227
  },
  "test_probs": [
    0.5544307827949524,
    0.6772041916847229,
    0.2010282576084137,
    0.5829753875732422,
    0.20271214842796326,
    0.10123562067747116,
    0.17267565429210663,
    0.4106997549533844,
    0.05828780680894852,
    0.07528772205114365,
    0.21799449622631073,
    0.5568645000457764,
    0.21910929679870605,
    0.11154777556657791,
    0.41667449474334717,
    0.13747382164001465,
    0.025936314836144447,
    0.12810763716697693,
    0.10903891175985336,
    0.6135076284408569,
    0.08546118438243866,
    0.408515602350235,
    0.06922151893377304,
    0.4834063649177551,
    0.6298975944519043,
    0.31812384724617004,
    0.19681388139724731,
    0.5790557861328125,
    0.5109977722167969,
    0.003441081615164876,
    0.29456984996795654,
    0.608989417552948,
    0.4064021408557892,
    0.4737768769264221,
    0.4906015396118164,
    0.08522594720125198,
    0.3117721378803253,
    0.6362171173095703,
    0.7445136904716492,
    0.5701065063476562,
    0.2189752757549286,
    0.13992717862129211,
    0.08999062329530716,
    0.664905846118927,
    0.2210582047700882,
    0.09175387769937515,
    0.12277185916900635,
    0.6415236592292786,
    0.07940028607845306,
    0.07697591185569763,
    0.5084075927734375,
    0.45070934295654297,
    0.754041850566864,
    0.03164350241422653,
    0.05657869577407837,
    0.18001145124435425,
    0.26113972067832947,
    0.17178240418434143,
    0.5216064453125,
    0.19047395884990692,
    0.12546175718307495,
    0.3176225423812866,
    0.27411195635795593,
    0.46540528535842896,
    0.36416012048721313,
    0.29661598801612854,
    0.5032576322555542,
    0.21336247026920319,
    0.31809234619140625,
    0.15856435894966125,
    0.5424706935882568,
    0.8074368834495544,
    0.542216420173645,
    0.6452301740646362,
    0.6461200714111328,
    0.45332226157188416,
    0.25355276465415955,
    0.5050787329673767,
    0.20051363110542297,
    0.07640392333269119,
    0.643818736076355,
    0.4543496072292328,
    0.1500837355852127,
    0.794782280921936,
    0.589667558670044,
    0.28793996572494507,
    0.4555964767932892,
    0.17383013665676117,
    0.022572416812181473,
    0.16495701670646667,
    0.24067172408103943,
    0.403047114610672,
    0.3126174807548523,
    0.058238837867975235,
    0.11676741391420364,
    0.7140946984291077,
    0.5791941285133362,
    0.23349428176879883,
    0.36356237530708313,
    0.6140329241752625,
    0.05300838127732277,
    0.3418617844581604,
    0.18660129606723785,
    0.24707770347595215,
    0.0038654671516269445,
    0.09769842773675919,
    0.14531655609607697,
    0.23903405666351318,
    0.5901399254798889,
    0.12096138298511505,
    0.5081557035446167,
    0.19701415300369263,
    0.17094673216342926,
    0.802500307559967,
    0.0321214497089386,
    0.149629145860672,
    0.25953155755996704,
    0.6369518637657166,
    0.02143021486699581,
    0.09679042547941208,
    0.012459970079362392,
    0.13490121066570282,
    0.25584718585014343,
    0.07151227444410324,
    0.5407752990722656,
    0.3328481614589691,
    0.1679244339466095,
    0.009996247477829456,
    0.47475937008857727,
    0.5502173900604248,
    0.4444167912006378,
    0.0442974679172039,
    0.5243674516677856,
    0.03040897659957409,
    0.6552805304527283,
    0.36493855714797974,
    0.830718457698822,
    0.10943878442049026,
    0.49160534143447876,
    0.5203970074653625,
    0.1834639459848404,
    0.4163271188735962,
    0.1908976137638092,
    0.19253133237361908,
    0.17990750074386597,
    0.5210902690887451,
    0.4405992925167084,
    0.4974311590194702,
    0.07721176743507385,
    0.011653939262032509,
    0.5512823462486267,
    0.44804587960243225,
    0.18828202784061432,
    0.3829123079776764,
    0.850279688835144,
    0.3133609890937805,
    0.44061607122421265,
    0.39931032061576843,
    0.5851649045944214,
    0.5867453217506409,
    0.624191164970398,
    0.3526204228401184,
    0.5687074065208435,
    0.48717233538627625,
    0.5824712514877319,
    0.30044591426849365,
    0.5549564957618713,
    0.4209841191768646,
    0.6702579259872437,
    0.6634098291397095,
    0.17663796246051788,
    0.17217779159545898,
    0.10311737656593323,
    0.4908698499202728,
    0.33264586329460144,
    0.679714560508728,
    0.021530255675315857,
    0.8820101618766785,
    0.060932788997888565,
    0.60322105884552,
    0.5837762355804443,
    0.57927405834198,
    0.3697205185890198,
    0.24661682546138763,
    0.6424736976623535,
    0.5903257727622986,
    0.5999231934547424,
    0.5295029282569885,
    0.7864985466003418,
    0.5281382203102112,
    0.6936086416244507,
    0.6555655598640442,
    0.7384520769119263,
    0.1855304092168808,
    0.126410111784935,
    0.5691987872123718,
    0.19261623919010162,
    0.3599604070186615,
    0.6729657053947449,
    0.6181907653808594,
    0.3326765298843384,
    0.3536190688610077,
    0.04437882453203201,
    0.23190760612487793,
    0.730551540851593,
    0.43078604340553284,
    0.22783507406711578,
    0.2417016327381134,
    0.25785985589027405,
    0.5615425705909729,
    0.099196657538414,
    0.7126592397689819,
    0.07057663798332214,
    0.017735229805111885,
    0.47525984048843384,
    0.312488853931427,
    0.789253830909729,
    0.3332965672016144,
    0.08086366951465607,
    0.2868148386478424,
    0.7713819742202759,
    0.6440749168395996,
    0.5015718340873718,
    0.2815021574497223,
    0.3410697281360626,
    0.5296379923820496,
    0.4910791516304016,
    0.28089678287506104,
    0.8760659098625183,
    0.35012269020080566,
    0.7668055891990662,
    0.47652241587638855,
    0.17403031885623932,
    0.16058599948883057,
    0.07644084841012955,
    0.4317359924316406,
    0.22550812363624573,
    0.08316098898649216,
    0.10974447429180145,
    0.12331127375364304,
    0.3085389733314514,
    0.10462131351232529,
    0.1415203958749771,
    0.02017785608768463,
    0.3569415807723999,
    0.41944316029548645,
    0.5133329629898071,
    0.1771671622991562,
    0.06665651500225067,
    0.16168281435966492,
    0.4510648846626282,
    0.5985761880874634,
    0.020293833687901497,
    0.1561843454837799,
    0.18265032768249512,
    0.1481315642595291,
    0.6497877836227417,
    0.5195391774177551,
    0.2952576279640198,
    0.16042093932628632,
    0.31987717747688293,
    0.1710689663887024,
    0.6186636686325073,
    0.27357470989227295,
    0.37276825308799744,
    0.4105484187602997,
    0.2480516880750656,
    0.2608569264411926,
    0.11581336706876755,
    0.3202577829360962,
    0.4784370958805084,
    0.4978845715522766,
    0.8626513481140137,
    0.14229165017604828,
    0.7798345685005188,
    0.9641907215118408,
    0.1297876387834549,
    0.6670788526535034,
    0.13785594701766968,
    0.309803307056427,
    0.1562201976776123,
    0.8634831309318542,
    0.7782021164894104,
    0.5476093292236328,
    0.17589665949344635,
    0.1883685439825058,
    0.3825862407684326,
    0.12130919843912125,
