{
  "mean_acc": [
    0.7660654377372491,
    0.7803087302176829,
    0.7575363066018806,
    0.7652960664818315,
    0.7614307626276083
  ],
  "worst_acc": [
    0.5478036175710594,
    0.6223776223776224,
    0.5,
    0.5416666666666666,
    0.5
  ],
  "mean_f1": [
    0.6699590730254538,
    0.6834693567336224,
    0.6690383388331341,
    0.6710462650103726,
    0.6689080598720497
  ],
  "worst_f1": [
    0.44155844155844154,
    0.44155844155844154,
    0.43421052631578944,
    0.43421052631578944,
    0.44155844155844154
  ],
  "mean_bal_acc": [
    0.6724753538519483,
    0.6822376615083671,
    0.674200223091297,
    0.6738006211965265,
    0.6717614292492406
  ],
  "worst_bal_acc": [
    0.5,
    0.5,
    0.4852941176470588,
    0.4852941176470588,
    0.5
  ]
}