{
  "model": "GNN_GeoReg",
  "protocol": "one_city_out_v2",
  "seed": 2,
  "timestamp": "2026-04-17T16:43:08.837745Z",
  "hyperparameters": {
    "architecture": "SAGEConv-1layer+LinearHead",
    "hidden_dim": 64,
    "dropout": 0.5,
    "optimizer": "Adam",
    "lr": 0.01,
    "weight_decay": 0.0005,
    "epochs": 200,
    "patience": 20,
    "batch_size": 256,
    "num_neighbors": [
      20
    ],
    "lambda_grid": [
      1e-05,
      0.0001,
      0.001,
      0.01
    ],
    "best_lambda": 0.01,
    "scale_geo": 1207.75,
    "pos_weight": 1.7129,
    "weighting": "sqrt_inv_freq"
  },
  "test_metrics": {
    "acc": 0.6896551724137931,
    "macro_f1": 0.6511350455675228,
    "bal_acc": 0.6654137115839244,
    "nll": 0.5577539206581763,
    "ece": 0.4487717446278442,
    "brier": 0.18547510069494122
  },
  "test_probs": [
    0.6002873182296753,
    0.7966590523719788,
    0.2982511520385742,
    0.7513128519058228,
    0.10749682784080505,
    0.08206138014793396,
    0.13599804043769836,
    0.5141832828521729,
    0.12058968096971512,
    0.08617524057626724,
    0.25747162103652954,
    0.6814829707145691,
    0.4316271245479584,
    0.10050945729017258,
    0.32989320158958435,
    0.16282103955745697,
    0.007470699958503246,
    0.1499043107032776,
    0.07849965244531631,
    0.587394118309021,
    0.0837598443031311,
    0.3885633647441864,
    0.07342936843633652,
    0.5418527126312256,
    0.4933759272098541,
    0.3404599130153656,
    0.12629173696041107,
    0.6621254086494446,
    0.5133052468299866,
    0.002000452484935522,
    0.38472285866737366,
    0.6847915649414062,
    0.5303796529769897,
    0.3970421552658081,
    0.6055631637573242,
    0.055787310004234314,
    0.36780259013175964,
    0.6911114454269409,
    0.8307399749755859,
    0.611501157283783,
    0.22676841914653778,
    0.1222166195511818,
    0.07216719537973404,
    0.6810318827629089,
    0.3551415801048279,
    0.07000209391117096,
    0.14897224307060242,
    0.6656638979911804,
    0.04846802353858948,
    0.10872721672058105,
    0.5718307495117188,
    0.4949752986431122,
    0.7486581206321716,
    0.02896541729569435,
    0.030408864840865135,
    0.1373414695262909,
    0.16541609168052673,
    0.18667738139629364,
    0.5652389526367188,
    0.17555198073387146,
    0.046075865626335144,
    0.2690834403038025,
    0.29956477880477905,
    0.1918260008096695,
    0.25264614820480347,
    0.4262053072452545,
    0.418800950050354,
    0.1745472252368927,
    0.46034231781959534,
    0.21056154370307922,
    0.4528718888759613,
    0.849470853805542,
    0.4093448519706726,
    0.701126217842102,
    0.7012789249420166,
    0.5677942633628845,
    0.3286777138710022,
    0.5692455768585205,
    0.15820752084255219,
    0.04769137501716614,
    0.7642562985420227,
    0.4798516035079956,
    0.2651491165161133,
    0.881688117980957,
    0.6729885935783386,
    0.20550183951854706,
    0.5525729656219482,
    0.1255020946264267,
    0.001733460114337504,
    0.1882258802652359,
    0.17252936959266663,
    0.3570820689201355,
    0.24402765929698944,
    0.041042670607566833,
    0.13023944199085236,
    0.8172385692596436,
    0.67042475938797,
    0.4003521203994751,
    0.4372808635234833,
    0.6186890602111816,
    0.027024198323488235,
    0.302262544631958,
    0.2832765579223633,
    0.19368082284927368,
    0.0005564276361837983,
    0.1174163967370987,
    0.07287710905075073,
    0.11465136706829071,
    0.5426954030990601,
    0.1335648149251938,
    0.58609539270401,
    0.18480105698108673,
    0.1424381285905838,
    0.8638090491294861,
    0.08722911775112152,
    0.11381694674491882,
    0.33195164799690247,
    0.37174132466316223,
    0.002699399134144187,
    0.09572426974773407,
    0.014706086367368698,
    0.13870829343795776,
    0.24951036274433136,
    0.18317896127700806,
    0.7557892203330994,
    0.5041216015815735,
    0.27448540925979614,
    0.0056891534477472305,
    0.6136980652809143,
    0.6290385723114014,
    0.4701463282108307,
    0.0126755740493536,
    0.5210015177726746,
    0.016749124974012375,
    0.6446307301521301,
    0.11128786951303482,
    0.9034914374351501,
    0.031950321048498154,
    0.5318149328231812,
    0.5056197047233582,
    0.0793667882680893,
    0.5557317733764648,
    0.15365467965602875,
    0.022715378552675247,
    0.19880223274230957,
    0.5951256155967712,
    0.5001834630966187,
    0.37952908873558044,
    0.2502637803554535,
    0.0024953936226665974,
    0.5751892924308777,
    0.5399878025054932,
    0.1879625767469406,
    0.4703248143196106,
    0.9074357151985168,
    0.29931968450546265,
    0.5786008238792419,
    0.5179233551025391,
    0.6863813400268555,
    0.6610482931137085,
    0.6374688148498535,
    0.2449115514755249,
    0.4539931118488312,
    0.27486497163772583,
    0.5576715469360352,
    0.24314773082733154,
    0.6934224367141724,
    0.6343581080436707,
    0.5150933861732483,
    0.6641979813575745,
    0.0855967104434967,
    0.15225522220134735,
    0.24728278815746307,
    0.5548639893531799,
    0.29059934616088867,
    0.599224328994751,
    0.02417559176683426,
    0.9533137679100037,
    0.053860507905483246,
    0.43589845299720764,
    0.6663997173309326,
    0.7300017476081848,
    0.3524385988712311,
    0.23285114765167236,
    0.8260996341705322,
    0.6483361124992371,
    0.6890941858291626,
    0.43129265308380127,
    0.732559084892273,
    0.6710737347602844,
    0.7968830466270447,
    0.7387904524803162,
    0.8216947913169861,
    0.05709221214056015,
    0.08660107851028442,
    0.6919069290161133,
    0.11256895959377289,
    0.47475969791412354,
    0.801882803440094,
    0.7341445088386536,
    0.3132230341434479,
    0.4787748157978058,
    0.038367271423339844,
    0.3327239751815796,
    0.8248269557952881,
    0.32823431491851807,
    0.17289406061172485,
    0.2307979315519333,
    0.1712387651205063,
    0.6378307342529297,
    0.0775715783238411,
    0.8092542886734009,
    0.08249121159315109,
    0.0016273785149678588,
    0.5542052984237671,
    0.4550650417804718,
    0.8140340447425842,
    0.5135207176208496,
    0.10311068594455719,
    0.2594422996044159,
    0.8515151739120483,
    0.5885933637619019,
    0.4773198068141937,
    0.17560356855392456,
    0.2882741689682007,
    0.5629062056541443,
    0.5436453223228455,
    0.37286245822906494,
    0.9086056351661682,
    0.4568657875061035,
    0.8826659321784973,
    0.5611633062362671,
    0.1602669358253479,
    0.2779116630554199,
    0.10525929182767868,
    0.5094354748725891,
    0.25202682614326477,
    0.14118225872516632,
    0.13194678723812103,
    0.02699393406510353,
    0.41475218534469604,
    0.08145173639059067,
    0.1739812195301056,
    0.00948729645460844,
    0.32878005504608154,
    0.44658219814300537,
    0.5461020469665527,
    0.052455272525548935,
    0.2206677943468094,
    0.17685964703559875,
    0.4549628794193268,
    0.5982781648635864,
    0.007178842555731535,
    0.28689315915107727,
    0.08287765830755234,
    0.14323829114437103,
    0.7241169810295105,
    0.4802532494068146,
    0.5199602246284485,
    0.038920529186725616,
    0.10008738189935684,
    0.2395392805337906,
    0.7675573825836182,
    0.2580883800983429,
    0.3766961693763733,
    0.5337852835655212,
    0.2996462285518646,
    0.34225645661354065,
    0.09046511352062225,
    0.46981948614120483,
    0.481584757566452,
    0.4728122353553772,
    0.7878716588020325,
    0.20076636970043182,
    0.5223919749259949,
    0.9604612588882446,
    0.1644274741411209,
    0.7938089370727539,
    0.06900952756404877,
    0.5391655564308167,
    0.098091259598732,
    0.9345810413360596,
    0.8151016235351562,
    0.6822922825813293,
    0.20072035491466522,
    0.24396947026252747,
    0.09529320895671844,
    0.11254086345434189,
    0.32437416911125183,
    0.2046877145767212,
    0.4167232811450958,
    0.7282196879386902,
    0.4826151430606842,
