{
  "model": "GNN_GeoReg",
  "protocol": "one_city_out_v2",
  "seed": 1,
  "timestamp": "2026-04-17T16:39:21.057093Z",
  "hyperparameters": {
    "architecture": "SAGEConv-1layer+LinearHead",
    "hidden_dim": 64,
    "dropout": 0.5,
    "optimizer": "Adam",
    "lr": 0.01,
    "weight_decay": 0.0005,
    "epochs": 200,
    "patience": 20,
    "batch_size": 256,
    "num_neighbors": [
      20
    ],
    "lambda_grid": [
      1e-05,
      0.0001,
      0.001,
      0.01
    ],
    "best_lambda": 1e-05,
    "scale_geo": 777.25,
    "pos_weight": 1.7129,
    "weighting": "sqrt_inv_freq"
  },
  "test_metrics": {
    "acc": 0.7147335423197492,
    "macro_f1": 0.6695128476610084,
    "bal_acc": 0.6769976359338061,
    "nll": 0.5282408463158355,
    "ece": 0.44403845693063587,
    "brier": 0.1764271740139003
  },
  "test_probs": [
    0.6048924326896667,
    0.6513034105300903,
    0.3367275297641754,
    0.7084131836891174,
    0.18178896605968475,
    0.13412654399871826,
    0.21295252442359924,
    0.4585891664028168,
    0.0715915784239769,
    0.05480981990695,
    0.22289186716079712,
    0.5803272128105164,
    0.5343677997589111,
    0.10623544454574585,
    0.44272273778915405,
    0.19635190069675446,
    0.002896333346143365,
    0.12487885355949402,
    0.09030796587467194,
    0.6013604402542114,
    0.09149996191263199,
    0.3390044569969177,
    0.06491458415985107,
    0.5858463048934937,
    0.5099756717681885,
    0.36142340302467346,
    0.08912821114063263,
    0.6945685148239136,
    0.3369406759738922,
    0.001048290985636413,
    0.20056089758872986,
    0.6355088949203491,
    0.326639324426651,
    0.5161423683166504,
    0.5102576613426208,
    0.030709806829690933,
    0.2740716338157654,
    0.6393616795539856,
    0.7747463583946228,
    0.6705405116081238,
    0.1643151044845581,
    0.2476782649755478,
    0.12504054605960846,
    0.6689558029174805,
    0.1573779135942459,
    0.06599708646535873,
    0.130681574344635,
    0.7193611860275269,
    0.06131826341152191,
    0.17888185381889343,
    0.4729551076889038,
    0.45717570185661316,
    0.750912070274353,
    0.04373301938176155,
    0.05505061522126198,
    0.14763149619102478,
    0.23146258294582367,
    0.21310722827911377,
    0.4398193061351776,
    0.14912782609462738,
    0.18656210601329803,
    0.3002943992614746,
    0.3215532600879669,
    0.16648060083389282,
    0.5154058933258057,
    0.27585458755493164,
    0.4035871624946594,
    0.23319850862026215,
    0.30710023641586304,
    0.2131768763065338,
    0.3363059461116791,
    0.820641815662384,
    0.35964253544807434,
    0.583504855632782,
    0.7385175228118896,
    0.460140198469162,
    0.21211840212345123,
    0.5671362280845642,
    0.1730274260044098,
    0.10227686911821365,
    0.7469404935836792,
    0.3607277572154999,
    0.3065004050731659,
    0.8878133893013,
    0.6165789365768433,
    0.27727916836738586,
    0.3221447169780731,
    0.1470884382724762,
    0.0015335301868617535,
    0.17200301587581635,
    0.14525361359119415,
    0.35880324244499207,
    0.22941890358924866,
    0.01760861463844776,
    0.12682799994945526,
    0.7430987358093262,
    0.6115655303001404,
    0.29620811343193054,
    0.43649178743362427,
    0.36709311604499817,
    0.08825354278087616,
    0.34640902280807495,
    0.22428329288959503,
    0.17247362434864044,
    0.0009235967299900949,
    0.15254613757133484,
    0.10443858057260513,
    0.10506711900234222,
    0.4048752188682556,
    0.18218830227851868,
    0.5755810737609863,
    0.17343583703041077,
    0.44931527972221375,
    0.8542165160179138,
    0.006532595492899418,
    0.13806769251823425,
    0.36108580231666565,
    0.38911139965057373,
    0.0011218928266316652,
    0.1035456582903862,
    0.02105887420475483,
    0.12020763009786606,
    0.24472782015800476,
    0.0529838502407074,
    0.6116739511489868,
    0.48896875977516174,
    0.19656863808631897,
    0.0013734016101807356,
    0.48589304089546204,
    0.5998717546463013,
    0.5608753561973572,
    0.011225326918065548,
    0.462015300989151,
    0.0373796708881855,
    0.7500432729721069,
    0.402756005525589,
    0.8840044140815735,
    0.09108845144510269,
    0.352733850479126,
    0.4298679232597351,
    0.18371513485908508,
    0.39952394366264343,
    0.2276647388935089,
    0.14242473244667053,
    0.13641506433486938,
    0.6018553376197815,
    0.39577147364616394,
    0.5264253616333008,
    0.07680771499872208,
    0.0008729480323381722,
    0.5117136836051941,
    0.4287922978401184,
    0.16112066805362701,
    0.439951628446579,
    0.9084875583648682,
    0.023904206231236458,
    0.5028379559516907,
    0.5107637643814087,
    0.603895902633667,
    0.620786190032959,
    0.6265814304351807,
    0.43551895022392273,
    0.6704398393630981,
    0.26986953616142273,
    0.675418496131897,
    0.1669265478849411,
    0.5555878281593323,
    0.3598124086856842,
    0.5605309009552002,
    0.6387072801589966,
    0.11117489635944366,
    0.18031176924705505,
    0.145926833152771,
    0.4428264796733856,
    0.42389294505119324,
    0.5556002259254456,
    0.02361370250582695,
    0.9379554390907288,
    0.061270572245121,
    0.5182512998580933,
    0.5591750144958496,
    0.6197225451469421,
    0.36949142813682556,
    0.25226926803588867,
    0.6963202357292175,
    0.639276385307312,
    0.6156805157661438,
    0.5129861831665039,
    0.6398276686668396,
    0.6268596053123474,
    0.7312677502632141,
    0.7279781103134155,
    0.7945865988731384,
    0.19692015647888184,
    0.3133401870727539,
    0.5750479698181152,
    0.10970120877027512,
    0.36622074246406555,
    0.7700300216674805,
    0.7210237979888916,
    0.2812083661556244,
    0.5492566227912903,
    0.007161310408264399,
    0.29919564723968506,
    0.792138934135437,
    0.29009339213371277,
    0.3031996190547943,
    0.3326174020767212,
    0.21676497161388397,
    0.6087778210639954,
    0.1777825504541397,
    0.6924810409545898,
    0.10132037848234177,
    0.0012795999646186829,
    0.41308096051216125,
    0.3361244797706604,
    0.7566466927528381,
    0.47485196590423584,
    0.09705034643411636,
    0.30220380425453186,
    0.8114076256752014,
    0.5197888612747192,
    0.5644557476043701,
    0.47677603363990784,
    0.632412314414978,
    0.44476062059402466,
    0.5890954732894897,
    0.40093255043029785,
    0.8870390057563782,
    0.26542842388153076,
    0.8098875880241394,
    0.5389156937599182,
    0.09674279391765594,
    0.16590358316898346,
    0.10665076971054077,
    0.38384974002838135,
    0.3277919888496399,
    0.06630433350801468,
    0.09354811906814575,
    0.1187133938074112,
    0.30155429244041443,
    0.019297488033771515,
    0.17443153262138367,
    0.00302497623488307,
    0.5648097991943359,
    0.3205702006816864,
    0.3649570643901825,
    0.05068499967455864,
    0.21510666608810425,
    0.23543505370616913,
    0.47782233357429504,
    0.6204372048377991,
    0.03747612237930298,
    0.37225034832954407,
    0.15589912235736847,
    0.14627769589424133,
    0.6235758066177368,
    0.43725934624671936,
    0.2892312705516815,
    0.21373620629310608,
    0.2964472472667694,
    0.16268795728683472,
    0.6993977427482605,
    0.2301376760005951,
    0.33203697204589844,
    0.4266940951347351,
    0.23006892204284668,
    0.27815866470336914,
    0.1225566640496254,
    0.24357472360134125,
    0.3082564175128937,
    0.48447707295417786,
    0.7710257172584534,
    0.1472746878862381,
    0.7877488732337952,
    0.9704585671424866,
    0.23200027644634247,
    0.711831271648407,
    0.17623329162597656,
    0.7379434704780579,
    0.08917219191789627,
    0.9181951284408569,
    0.750338613986969,
    0.6050504446029663,
    0.22056694328784943,
    0.1659480780363083,
    0.3967394232749939,
    0.05512306094169617,
    0.34298375248908997,
    0.15749500691890717,
    0.45350372791290283,
    0.7003968954086304,
