{
  "model": "GNN_GeoReg",
  "protocol": "one_city_out_v2",
  "seed": 0,
  "timestamp": "2026-04-17T16:35:27.306010Z",
  "hyperparameters": {
    "architecture": "SAGEConv-1layer+LinearHead",
    "hidden_dim": 64,
    "dropout": 0.5,
    "optimizer": "Adam",
    "lr": 0.01,
    "weight_decay": 0.0005,
    "epochs": 200,
    "patience": 20,
    "batch_size": 256,
    "num_neighbors": [
      20
    ],
    "lambda_grid": [
      1e-05,
      0.0001,
      0.001,
      0.01
    ],
    "best_lambda": 1e-05,
    "scale_geo": 1040.61,
    "pos_weight": 1.7129,
    "weighting": "sqrt_inv_freq"
  },
  "test_metrics": {
    "acc": 0.7272727272727273,
    "macro_f1": 0.6768585899749665,
    "bal_acc": 0.679692671394799,
    "nll": 0.5248295955190125,
    "ece": 0.4176083717109828,
    "brier": 0.17573053567390556
  },
  "test_probs": [
    0.5951038002967834,
    0.6305367350578308,
    0.24773509800434113,
    0.6293530464172363,
    0.1718311607837677,
    0.13961048424243927,
    0.23747864365577698,
    0.3975381553173065,
    0.09170795232057571,
    0.11418222635984421,
    0.2138022929430008,
    0.5514603853225708,
    0.41817089915275574,
    0.07906149327754974,
    0.41516563296318054,
    0.165641650557518,
    0.023461073637008667,
    0.14751189947128296,
    0.10008740425109863,
    0.7317146062850952,
    0.12490175664424896,
    0.43102288246154785,
    0.06793153285980225,
    0.6946962475776672,
    0.5081565976142883,
    0.3899539113044739,
    0.1349300891160965,
    0.5774984955787659,
    0.6187896132469177,
    0.0049681467935442924,
    0.2769501805305481,
    0.6106148362159729,
    0.3887905478477478,
    0.43548792600631714,
    0.5345920920372009,
    0.0820961594581604,
    0.25450456142425537,
    0.5651940703392029,
    0.6668283343315125,
    0.5287901759147644,
    0.2519661486148834,
    0.19070543348789215,
    0.13742288947105408,
    0.7269728183746338,
    0.27088820934295654,
    0.04385136440396309,
    0.13397525250911713,
    0.5750398635864258,
    0.07664985954761505,
    0.11904104053974152,
    0.4701648950576782,
    0.5162240266799927,
    0.6139994263648987,
    0.03407283499836922,
    0.05060640722513199,
    0.12333251535892487,
    0.25858864188194275,
    0.1629878431558609,
    0.4461459219455719,
    0.14353512227535248,
    0.12265536934137344,
    0.3749585747718811,
    0.4522172808647156,
    0.39679181575775146,
    0.3610720932483673,
    0.43792688846588135,
    0.4011111557483673,
    0.19842112064361572,
    0.3321089446544647,
    0.19218119978904724,
    0.5907211899757385,
    0.8339790105819702,
    0.5690429210662842,
    0.5213125944137573,
    0.5799275636672974,
    0.4997987151145935,
    0.2758841812610626,
    0.5090938210487366,
    0.2640618085861206,
    0.1411563903093338,
    0.7709003686904907,
    0.40960893034935,
    0.4014643132686615,
    0.8970758318901062,
    0.5098568201065063,
    0.29514622688293457,
    0.4613545835018158,
    0.16050027310848236,
    0.006046169903129339,
    0.24949271976947784,
    0.255806028842926,
    0.3836829960346222,
    0.36492103338241577,
    0.04148942604660988,
    0.28084465861320496,
    0.6309651136398315,
    0.48496508598327637,
    0.3702660799026489,
    0.3800969123840332,
    0.6203399896621704,
    0.09369263052940369,
    0.30191877484321594,
    0.27364182472229004,
    0.28050902485847473,
    0.009396051988005638,
    0.19040986895561218,
    0.09296450018882751,
    0.1627504527568817,
    0.4847439229488373,
    0.16494892537593842,
    0.47335946559906006,
    0.20252948999404907,
    0.21761462092399597,
    0.7787987589836121,
    0.031074009835720062,
    0.2110304832458496,
    0.3974967300891876,
    0.4617918133735657,
    0.005788689479231834,
    0.06919770687818527,
    0.02553085796535015,
    0.15664084255695343,
    0.25227928161621094,
    0.19859066605567932,
    0.4752041697502136,
    0.4225865304470062,
    0.1568743735551834,
    0.010005311109125614,
    0.5052229166030884,
    0.48835182189941406,
    0.47930172085762024,
    0.029901225119829178,
    0.5050159692764282,
    0.05962126702070236,
    0.5657115578651428,
    0.2910163998603821,
    0.8812494277954102,
    0.1369844228029251,
    0.40768060088157654,
    0.4732406735420227,
    0.12915872037410736,
    0.4462928771972656,
    0.21979205310344696,
    0.136710986495018,
    0.2637895941734314,
    0.582779049873352,
    0.43463921546936035,
    0.5117816925048828,
    0.22936028242111206,
    0.003685195930302143,
    0.48769909143447876,
    0.44263261556625366,
    0.15474750101566315,
    0.3584326505661011,
    0.8465059995651245,
    0.3482360541820526,
    0.4572004973888397,
    0.5686753988265991,
    0.5601813793182373,
    0.5362540483474731,
    0.5561122298240662,
    0.3881845772266388,
    0.5527712106704712,
    0.4429795742034912,
    0.655975341796875,
    0.28235211968421936,
    0.5612797737121582,
    0.49923089146614075,
    0.6318057775497437,
    0.6184169054031372,
    0.15892156958580017,
    0.151442751288414,
    0.19424781203269958,
    0.48246046900749207,
    0.3156696856021881,
    0.6778253316879272,
    0.06718780100345612,
    0.9076893329620361,
    0.06505360454320908,
    0.5214689373970032,
    0.6382704377174377,
    0.5802053809165955,
    0.4036423861980438,
    0.26234814524650574,
    0.6914153099060059,
    0.6076267957687378,
    0.5456756353378296,
    0.46882879734039307,
    0.8589404225349426,
    0.5715034604072571,
    0.6719934344291687,
    0.6748114824295044,
    0.7207340598106384,
    0.13009724020957947,
    0.20210547745227814,
    0.6191680431365967,
    0.202341228723526,
    0.4441070258617401,
    0.635012149810791,
    0.6446331739425659,
    0.35698196291923523,
    0.4335090219974518,
    0.04447285830974579,
    0.3964865803718567,
    0.7792968153953552,
    0.49426162242889404,
    0.20105931162834167,
    0.23111557960510254,
    0.2354152947664261,
    0.5297133326530457,
    0.11442818492650986,
    0.6592289805412292,
    0.12442173808813095,
    0.009404279291629791,
    0.545401394367218,
    0.46543410420417786,
    0.7354115843772888,
    0.37545445561408997,
    0.07540172338485718,
    0.31575554609298706,
    0.7870563864707947,
    0.5029677748680115,
    0.5197199583053589,
    0.2888927757740021,
    0.2960214912891388,
    0.453894704580307,
    0.46686622500419617,
    0.2332855463027954,
    0.9022228121757507,
    0.34603366255760193,
    0.8161172270774841,
    0.44845739006996155,
    0.15732638537883759,
    0.23840391635894775,
    0.06184636428952217,
    0.4625433385372162,
    0.27271610498428345,
    0.10282789170742035,
    0.07987872511148453,
    0.104289710521698,
    0.36743807792663574,
    0.11341747641563416,
    0.20115812122821808,
    0.013705266639590263,
    0.44341468811035156,
    0.4582675099372864,
    0.4455707371234894,
    0.09963271021842957,
    0.27647560834884644,
    0.2573840320110321,
    0.48865848779678345,
    0.6733984351158142,
    0.017886416986584663,
    0.3430376648902893,
    0.13933198153972626,
    0.19565944373607635,
    0.5607768297195435,
    0.3298994302749634,
    0.508903443813324,
    0.13401708006858826,
    0.16941779851913452,
    0.2635805308818817,
    0.66963791847229,
    0.23652340471744537,
    0.33654549717903137,
    0.4328617751598358,
    0.3301926553249359,
    0.33562394976615906,
    0.1293649971485138,
    0.35407817363739014,
    0.45257189869880676,
    0.5102551579475403,
    0.7796065211296082,
    0.20368681848049164,
    0.6743337512016296,
    0.9671863913536072,
    0.2489825338125229,
    0.6571840643882751,
    0.24219968914985657,
    0.48123952746391296,
    0.11894024163484573,
    0.9033851027488708,
    0.7992783188819885,
    0.578080415725708,
    0.1566254049539566,
    0.28586483001708984,
    0.35921335220336914,
    0.1419944018125534,
    0.5471093654632568,
    0.2610570788383484,
    0.494139701128006,
    0.6692809462547302,
    0.39727523922920227,
