{
  "model": "GNN_GeoReg",
  "protocol": "one_city_out_v2",
  "seed": 4,
  "timestamp": "2026-04-17T16:50:55.023111Z",
  "hyperparameters": {
    "architecture": "SAGEConv-1layer+LinearHead",
    "hidden_dim": 64,
    "dropout": 0.5,
    "optimizer": "Adam",
    "lr": 0.01,
    "weight_decay": 0.0005,
    "epochs": 200,
    "patience": 20,
    "batch_size": 256,
    "num_neighbors": [
      20
    ],
    "lambda_grid": [
      1e-05,
      0.0001,
      0.001,
      0.01
    ],
    "best_lambda": 1e-05,
    "scale_geo": 1184.72,
    "pos_weight": 1.7129,
    "weighting": "sqrt_inv_freq"
  },
  "test_metrics": {
    "acc": 0.7304075235109718,
    "macro_f1": 0.697650326221125,
    "bal_acc": 0.7159810874704491,
    "nll": 0.5540445695125926,
    "ece": 0.45279550344499303,
    "brier": 0.18383619360818715
  },
  "test_probs": [
    0.6110208630561829,
    0.7565244436264038,
    0.15912441909313202,
    0.7323645353317261,
    0.1586972177028656,
    0.05604192242026329,
    0.2229095697402954,
    0.5230126976966858,
    0.14847640693187714,
    0.0509377084672451,
    0.30766353011131287,
    0.6289263367652893,
    0.2934805750846863,
    0.07980164885520935,
    0.6738796830177307,
    0.18735365569591522,
    0.004926006309688091,
    0.10550893843173981,
    0.060371723026037216,
    0.7066778540611267,
    0.05904610455036163,
    0.5099550485610962,
    0.042326584458351135,
    0.25297999382019043,
    0.7539983987808228,
    0.36833545565605164,
    0.1687852293252945,
    0.5792641043663025,
    0.5320096015930176,
    0.001649054349400103,
    0.30286499857902527,
    0.6105412244796753,
    0.30129319429397583,
    0.42656210064888,
    0.5532630681991577,
    0.053182899951934814,
    0.4188423752784729,
    0.7577340006828308,
    0.7417171001434326,
    0.6922122836112976,
    0.10973465442657471,
    0.19237267971038818,
    0.17329992353916168,
    0.695841908454895,
    0.17276880145072937,
    0.12570546567440033,
    0.15941858291625977,
    0.7458248734474182,
    0.0616595633327961,
    0.08136343955993652,
    0.5285696387290955,
    0.6071091294288635,
    0.8479059934616089,
    0.023917214944958687,
    0.030529627576470375,
    0.18213379383087158,
    0.2649276554584503,
    0.13929489254951477,
    0.5430219173431396,
    0.12615658342838287,
    0.10561022907495499,
    0.36760956048965454,
    0.4117909073829651,
    0.38864409923553467,
    0.3766210377216339,
    0.24698330461978912,
    0.5250729918479919,
    0.3016465902328491,
    0.22958096861839294,
    0.20438602566719055,
    0.5230233669281006,
    0.9038482904434204,
    0.45945635437965393,
    0.7347555160522461,
    0.7422531843185425,
    0.5316548943519592,
    0.2731321454048157,
    0.4298684597015381,
    0.2329745590686798,
    0.043392810970544815,
    0.6582251191139221,
    0.5221606492996216,
    0.40458613634109497,
    0.916756808757782,
    0.5438947081565857,
    0.39038339257240295,
    0.5534417033195496,
    0.1392299085855484,
    0.005558141972869635,
    0.23402470350265503,
    0.15285411477088928,
    0.41096678376197815,
    0.35512053966522217,
    0.03535215184092522,
    0.11468012630939484,
    0.811144232749939,
    0.6764959692955017,
    0.4393492639064789,
    0.4889557659626007,
    0.6719099879264832,
    0.07124307006597519,
    0.39896368980407715,
    0.1510980725288391,
    0.16245584189891815,
    0.0012906147167086601,
    0.23029088973999023,
    0.06761296093463898,
    0.1385354846715927,
    0.6347107291221619,
    0.19928689301013947,
    0.5644510388374329,
    0.16675034165382385,
    0.38569727540016174,
    0.900974690914154,
    0.013789125718176365,
    0.08566419035196304,
    0.3773573935031891,
    0.6520586609840393,
    0.001973905600607395,
    0.09431693702936172,
    0.017578531056642532,
    0.06179579719901085,
    0.19153042137622833,
    0.020306425169110298,
    0.6892760992050171,
    0.489223837852478,
    0.1694820374250412,
    0.0029519193340092897,
    0.4897076189517975,
    0.660770058631897,
    0.6333396434783936,
    0.02320045977830887,
    0.5509873032569885,
    0.02646736241877079,
    0.5507214069366455,
    0.03140784800052643,
    0.9095319509506226,
    0.05511956289410591,
    0.45531997084617615,
    0.498104065656662,
    0.1339772343635559,
    0.4105020761489868,
    0.1772409826517105,
    0.08861783146858215,
    0.09047845005989075,
    0.7613039016723633,
    0.43618327379226685,
    0.5066677927970886,
    0.002809403697028756,
    0.0024102528113871813,
    0.5800496339797974,
    0.4339321255683899,
    0.23077352344989777,
    0.48229148983955383,
    0.9063657522201538,
    0.1992853730916977,
    0.4525294005870819,
    0.3380976915359497,
    0.5490138530731201,
    0.7235991358757019,
    0.7190815806388855,
    0.3866470754146576,
    0.7700533866882324,
    0.43767550587654114,
    0.5611201524734497,
    0.23720870912075043,
    0.5742849707603455,
    0.469915509223938,
    0.5998820066452026,
    0.5775483846664429,
    0.07987016439437866,
    0.22013823688030243,
    0.1673698127269745,
    0.4583710730075836,
    0.611521303653717,
    0.5983152985572815,
    0.055585216730833054,
    0.958487868309021,
    0.03623905032873154,
    0.4901639223098755,
    0.5876774787902832,
    0.6513621807098389,
    0.42044639587402344,
    0.3149615526199341,
    0.8903368711471558,
    0.7999682426452637,
    0.6448717713356018,
    0.45351332426071167,
    0.8814289569854736,
    0.681378185749054,
    0.8323695659637451,
    0.8050492405891418,
    0.80312180519104,
    0.08312881737947464,
    0.14218905568122864,
    0.6108745336532593,
    0.12191379815340042,
    0.3787998557090759,
    0.7846482992172241,
    0.7743814587593079,
    0.3415547311306,
    0.5298129320144653,
    0.025626009330153465,
    0.2592257559299469,
    0.8064820170402527,
    0.5709549188613892,
    0.3101082444190979,
    0.3194493353366852,
    0.21397526562213898,
    0.5366078019142151,
    0.08874882757663727,
    0.7917010188102722,
    0.08534710854291916,
    0.0023509233724325895,
    0.5329877138137817,
    0.3575364053249359,
    0.8587313890457153,
    0.5232668519020081,
    0.11693309992551804,
    0.3396837115287781,
    0.8411263823509216,
    0.6762992143630981,
    0.5531148910522461,
    0.09502028673887253,
    0.4097879230976105,
    0.5490119457244873,
    0.5642821192741394,
    0.3424571752548218,
    0.899566113948822,
    0.3655013144016266,
    0.906812846660614,
    0.565128743648529,
    0.06642667949199677,
    0.10197079926729202,
    0.09059222787618637,
    0.4303877651691437,
    0.3688127398490906,
    0.055056530982255936,
    0.15441842377185822,
    0.027670368552207947,
    0.3103409707546234,
    0.06446561962366104,
    0.13512945175170898,
    0.00501483166590333,
    0.5011047124862671,
    0.5016792416572571,
    0.44458508491516113,
    0.07789052277803421,
    0.14453791081905365,
    0.21179631352424622,
    0.5183311700820923,
    0.5416150689125061,
    0.015173365361988544,
    0.29296064376831055,
    0.15212103724479675,
    0.2629782259464264,
    0.7373658418655396,
    0.4354298710823059,
    0.2918665111064911,
    0.07548742741346359,
    0.32380229234695435,
    0.24900591373443604,
    0.6722140908241272,
    0.23456814885139465,
    0.4920109212398529,
    0.5051789879798889,
    0.25102856755256653,
    0.34315091371536255,
    0.11305320262908936,
    0.3675679862499237,
    0.328923761844635,
    0.46563899517059326,
    0.8309248089790344,
    0.14159603416919708,
    0.6974444389343262,
    0.9831263422966003,
    0.055864132940769196,
    0.7755643725395203,
    0.08033077418804169,
    0.3795785903930664,
    0.0993044376373291,
    0.9449032545089722,
    0.9044187664985657,
    0.70701003074646,
    0.2592739760875702,
    0.22447122633457184,
    0.3372393548488617,
    0.07980785518884659,
    0.1570730358362198,
    0.23601943254470825,
    0.44444739818573,
    0.7166971564292908,
    0.24176757037639618,
