{
  "model": "GNN_GeoReg",
  "protocol": "one_city_out_v2",
  "seed": 3,
  "timestamp": "2026-04-17T16:47:02.069661Z",
  "hyperparameters": {
    "architecture": "SAGEConv-1layer+LinearHead",
    "hidden_dim": 64,
    "dropout": 0.5,
    "optimizer": "Adam",
    "lr": 0.01,
    "weight_decay": 0.0005,
    "epochs": 200,
    "patience": 20,
    "batch_size": 256,
    "num_neighbors": [
      20
    ],
    "lambda_grid": [
      1e-05,
      0.0001,
      0.001,
      0.01
    ],
    "best_lambda": 0.0001,
    "scale_geo": 747.07,
    "pos_weight": 1.7129,
    "weighting": "sqrt_inv_freq"
  },
  "test_metrics": {
    "acc": 0.6927899686520376,
    "macro_f1": 0.6570344040723187,
    "bal_acc": 0.6738297872340425,
    "nll": 0.5532966126529034,
    "ece": 0.45135444519474965,
    "brier": 0.18677585222960047
  },
  "test_probs": [
    0.6311715245246887,
    0.7165864706039429,
    0.21138541400432587,
    0.7325032353401184,
    0.16935983300209045,
    0.1488010734319687,
    0.17857268452644348,
    0.5608552098274231,
    0.0484914630651474,
    0.022592496126890182,
    0.27629292011260986,
    0.6564564108848572,
    0.7076922655105591,
    0.050923846662044525,
    0.40504321455955505,
    0.155092254281044,
    0.007319669704884291,
    0.0814189538359642,
    0.06103694438934326,
    0.44002339243888855,
    0.04778093472123146,
    0.38037627935409546,
    0.03274509683251381,
    0.6634754538536072,
    0.5756745934486389,
    0.4021819531917572,
    0.18539012968540192,
    0.7463032007217407,
    0.4058084487915039,
    0.0007590182940475643,
    0.413507342338562,
    0.6623321771621704,
    0.5200604200363159,
    0.45194387435913086,
    0.6254963874816895,
    0.05232730507850647,
    0.4352128505706787,
    0.682418704032898,
    0.8642197847366333,
    0.7098321914672852,
    0.12540379166603088,
    0.1477324217557907,
    0.10642264783382416,
    0.7919239401817322,
    0.30394846200942993,
    0.017994487658143044,
    0.1244703158736229,
    0.5756194591522217,
    0.033569637686014175,
    0.13560135662555695,
    0.5904539227485657,
    0.5274180769920349,
    0.7975544929504395,
    0.026079971343278885,
    0.06427882611751556,
    0.13796578347682953,
    0.2715041935443878,
    0.1166425570845604,
    0.6124466061592102,
    0.2039012908935547,
    0.09505701810121536,
    0.3868970274925232,
    0.45085567235946655,
    0.44566017389297485,
    0.24805216491222382,
    0.3121568560600281,
    0.4822338819503784,
    0.2806836664676666,
    0.42577409744262695,
    0.25282618403434753,
    0.4061362147331238,
    0.8875141739845276,
    0.577899694442749,
    0.6683760285377502,
    0.7556741237640381,
    0.5381255149841309,
    0.29033416509628296,
    0.6451824307441711,
    0.23840898275375366,
    0.060061097145080566,
    0.6837055683135986,
    0.37701353430747986,
    0.16541875898838043,
    0.9498322606086731,
    0.6613305807113647,
    0.23787103593349457,
    0.46117478609085083,
    0.17710117995738983,
    0.0017373922746628523,
    0.26365044713020325,
    0.2136831134557724,
    0.457213819026947,
    0.306694895029068,
    0.03719344362616539,
    0.1859920620918274,
    0.7996143102645874,
    0.6733749508857727,
    0.2512020468711853,
    0.4628637433052063,
    0.5999498963356018,
    0.049846094101667404,
    0.3553215563297272,
    0.2538394629955292,
    0.09407196938991547,
    0.0006084034685045481,
    0.09962423145771027,
    0.09475275129079819,
    0.32580405473709106,
    0.5797369480133057,
    0.09043385833501816,
    0.5582751631736755,
    0.30231502652168274,
    0.21686260402202606,
    0.8611478209495544,
    0.009059573523700237,
    0.16741806268692017,
    0.2582378685474396,
    0.4402926564216614,
    0.000763901334721595,
    0.056692935526371,
    0.011269117705523968,
    0.05262506380677223,
    0.3562954068183899,
    0.19359742105007172,
    0.6356136798858643,
    0.49763157963752747,
    0.1462235003709793,
    0.0017790418351069093,
    0.6011956930160522,
    0.5696649551391602,
    0.5965666174888611,
    0.013418694958090782,
    0.6260458827018738,
    0.027529414743185043,
    0.6900327205657959,
    0.32024386525154114,
    0.9391605257987976,
    0.06904896348714828,
    0.4108155369758606,
    0.5651822090148926,
    0.1628100574016571,
    0.5703211426734924,
    0.12698861956596375,
    0.2620266079902649,
    0.10634438693523407,
    0.6673080325126648,
    0.4976057708263397,
    0.4260738492012024,
    0.12894582748413086,
    0.004655808676034212,
    0.610401451587677,
    0.5576052665710449,
    0.07854916155338287,
    0.5075448155403137,
    0.9302355051040649,
    0.20024822652339935,
    0.5693291425704956,
    0.4019924998283386,
    0.6679396033287048,
    0.6437355279922485,
    0.6112993359565735,
    0.376323401927948,
    0.5547552108764648,
    0.6043980121612549,
    0.6508461833000183,
    0.34137162566185,
    0.6200940608978271,
    0.5525809526443481,
    0.6954666376113892,
    0.684472382068634,
    0.11100716888904572,
    0.2239101678133011,
    0.08926701545715332,
    0.6090571880340576,
    0.3318294286727905,
    0.6797869205474854,
    0.0328100360929966,
    0.9675255417823792,
    0.06339041888713837,
    0.5178712010383606,
    0.6811407804489136,
    0.7044790983200073,
    0.43372899293899536,
    0.311553418636322,
    0.8655853867530823,
    0.6502419710159302,
    0.7359978556632996,
    0.5198378562927246,
    0.8180561661720276,
    0.7259658575057983,
    0.7949005961418152,
    0.7163376808166504,
    0.8559921383857727,
    0.16697396337985992,
    0.166609525680542,
    0.6939518451690674,
    0.18080972135066986,
    0.4317205250263214,
    0.7154437899589539,
    0.7461196184158325,
    0.3684956431388855,
    0.3262229859828949,
    0.010899875313043594,
    0.32479679584503174,
    0.851107120513916,
    0.38898271322250366,
    0.192772775888443,
    0.3530265688896179,
    0.14244787395000458,
    0.6340412497520447,
    0.059051401913166046,
    0.7514758110046387,
    0.11052274703979492,
    0.0029077206272631884,
    0.6421627998352051,
    0.47685086727142334,
    0.8396883010864258,
    0.4221974015235901,
    0.09712120145559311,
    0.3626309931278229,
    0.8691471815109253,
    0.44530123472213745,
    0.5725376605987549,
    0.4998244047164917,
    0.4397139251232147,
    0.6074731945991516,
    0.5644819140434265,
    0.25579819083213806,
    0.9399026036262512,
    0.4032469391822815,
    0.8875640034675598,
    0.5874532461166382,
    0.13324980437755585,
    0.19888678193092346,
    0.03773652762174606,
    0.3282303214073181,
    0.32695746421813965,
    0.025713957846164703,
    0.04083828255534172,
    0.03997660428285599,
    0.5125892162322998,
    0.07553546875715256,
    0.18154966831207275,
    0.0021998663432896137,
    0.6932042837142944,
    0.474697083234787,
    0.6221283078193665,
    0.04160188138484955,
    0.17362403869628906,
    0.17055009305477142,
    0.541149377822876,
    0.8062080144882202,
    0.0024047684855759144,
    0.2381560206413269,
    0.12388908863067627,
    0.33338096737861633,
    0.7043932676315308,
    0.45722219347953796,
    0.2885817587375641,
    0.10439281165599823,
    0.2167123407125473,
    0.24009492993354797,
    0.8358715772628784,
    0.17304976284503937,
    0.3306913375854492,
    0.5603490471839905,
    0.20084093511104584,
    0.3287848234176636,
    0.10513591021299362,
    0.3989061713218689,
    0.5050214529037476,
    0.5464491844177246,
    0.8728892803192139,
    0.1345914900302887,
    0.8033609390258789,
    0.9859985113143921,
    0.17687654495239258,
    0.7668101191520691,
    0.29387781023979187,
    0.4929969608783722,
    0.08019981533288956,
    0.9367808103561401,
    0.7582647204399109,
    0.6943685412406921,
    0.2540683448314667,
    0.24573981761932373,
    0.43437549471855164,
    0.08231396973133087,
    0.3377481997013092,
    0.2074236422777176,
    0.4598955512046814,
    0.7880882620811462,
    0.4641042649745941,
