{
  "model": "MLP",
  "protocol": "calibration",
  "seed": 0,
  "timestamp": "2026-04-17T20:50:13.282976Z",
  "hyperparameters": {
    "architecture": "128-ReLU-Drop(0.3)-64-ReLU-1",
    "lr_grid": [
      0.0001,
      0.001,
      0.01
    ],
    "best_lr": 0.001,
    "epochs": 100,
    "optimizer": "Adam",
    "weight_decay": 0.0001,
    "pos_weight": 2.9341,
    "standardised": true
  },
  "test_metrics": {
    "acc": 0.670846394984326,
    "macro_f1": 0.6541951869173351,
    "bal_acc": 0.6985342789598108,
    "nll": 0.6442652397901326,
    "ece": 0.4820379868009621,
    "brier": 0.22015255749471568
  },
  "test_probs": [
    0.7901468276977539,
    0.8767781257629395,
    0.2194301187992096,
    0.8498146533966064,
    0.17998427152633667,
    0.1608637124300003,
    0.22215479612350464,
    0.7674625515937805,
    0.05019702389836311,
    0.05593544989824295,
    0.2878468632698059,
    0.7780557870864868,
    0.6614958047866821,
    0.14070498943328857,
    0.4869774878025055,
    0.21924680471420288,
    0.005941553507000208,
    0.13876324892044067,
    0.08407370746135712,
    0.7801322937011719,
    0.09598151594400406,
    0.47244134545326233,
    0.0946236178278923,
    0.6135290861129761,
    0.7203314304351807,
    0.49624013900756836,
    0.16544297337532043,
    0.7051462531089783,
    0.6144719123840332,
    0.003689552890136838,
    0.451296865940094,
    0.8389654755592346,
    0.4088369905948639,
    0.7162610292434692,
    0.796808123588562,
    0.06525100022554398,
    0.5737737417221069,
    0.8333593606948853,
    0.8800781965255737,
    0.8257505893707275,
    0.08779620379209518,
    0.20469021797180176,
    0.15894602239131927,
    0.8047242164611816,
    0.17114368081092834,
    0.04446710646152496,
    0.05115632340312004,
    0.841579258441925,
    0.07002682983875275,
    0.057944852858781815,
    0.6606855392456055,
    0.741199791431427,
    0.8938484787940979,
    0.025497185066342354,
    0.0657956674695015,
    0.1278230994939804,
    0.3144563138484955,
    0.15579231083393097,
    0.6942909359931946,
    0.16016997396945953,
    0.13301511108875275,
    0.48800721764564514,
    0.21488571166992188,
    0.648464560508728,
    0.5299677848815918,
    0.33025339245796204,
    0.5175352692604065,
    0.357277512550354,
    0.27939748764038086,
    0.25084102153778076,
    0.5236132740974426,
    0.9531635046005249,
    0.7736140489578247,
    0.8271521329879761,
    0.878184974193573,
    0.5776773691177368,
    0.46520787477493286,
    0.8022117614746094,
    0.30328893661499023,
    0.10122441500425339,
    0.861429750919342,
    0.4693846106529236,
    0.44142696261405945,
    0.9473139643669128,
    0.768337070941925,
    0.4339708685874939,
    0.6431268453598022,
    0.20276905596256256,
    0.008405478671193123,
    0.26626306772232056,
    0.19156217575073242,
    0.4401389956474304,
    0.36497655510902405,
    0.051863785833120346,
    0.240494042634964,
    0.8996790051460266,
    0.8198148608207703,
    0.4218711853027344,
    0.5329313278198242,
    0.8694135546684265,
    0.1028638631105423,
    0.50328528881073,
    0.4214026927947998,
    0.1309102475643158,
    0.009488778188824654,
    0.19822585582733154,
    0.08772090822458267,
    0.14935526251792908,
    0.7346130609512329,
    0.11546362936496735,
    0.6529466509819031,
    0.26149851083755493,
    0.23754365742206573,
    0.9642919301986694,
    0.02059757709503174,
    0.1423824280500412,
    0.35001763701438904,
    0.742817223072052,
    0.007908323779702187,
    0.08073532581329346,
    0.029064161702990532,
    0.0398995503783226,
    0.3598269820213318,
    0.1050734743475914,
    0.8587289452552795,
    0.7272892594337463,
    0.23220926523208618,
    0.005274769384413958,
    0.6998503804206848,
    0.8198429942131042,
    0.7764288783073425,
    0.0182375218719244,
    0.6544086337089539,
    0.05588808283209801,
    0.847890317440033,
    0.1874866485595703,
    0.9568945169448853,
    0.06634745746850967,
    0.5831688046455383,
    0.552929699420929,
    0.20213080942630768,
    0.6901149153709412,
    0.20565466582775116,
    0.08196382224559784,
    0.170961394906044,
    0.8747134804725647,
    0.47799065709114075,
    0.3997645378112793,
    0.03220215439796448,
    0.0026777745224535465,
    0.8332620859146118,
    0.619473397731781,
    0.1464826464653015,
    0.5657460689544678,
    0.9703167676925659,
    0.27553874254226685,
    0.7260080575942993,
    0.503976583480835,
    0.7904338240623474,
    0.8042876720428467,
    0.8411503434181213,
    0.4368998408317566,
    0.8170803189277649,
    0.353630006313324,
    0.8846154808998108,
    0.3863186538219452,
    0.6636568307876587,
    0.5498905181884766,
    0.6184287071228027,
    0.8419619202613831,
    0.12884368002414703,
    0.2530461251735687,
    0.25460949540138245,
    0.7323634028434753,
    0.35281041264533997,
    0.8780155777931213,
    0.05065096169710159,
    0.9733549952507019,
    0.06662259995937347,
    0.7456844449043274,
    0.7986394166946411,
    0.8617779016494751,
    0.4233742654323578,
    0.4765061140060425,
    0.8509904742240906,
    0.864412248134613,
    0.8284103870391846,
    0.5884812474250793,
    0.9686176776885986,
    0.8384713530540466,
    0.9140961170196533,
    0.9141228199005127,
    0.9451518058776855,
    0.31838804483413696,
    0.12615758180618286,
    0.8059431314468384,
    0.1542428880929947,
    0.6614962816238403,
    0.9156379699707031,
    0.9102276563644409,
    0.38419783115386963,
    0.47982633113861084,
    0.02951829321682453,
    0.4685036242008209,
    0.9223400354385376,
    0.5737079977989197,
    0.3782239854335785,
    0.29933419823646545,
    0.2679738402366638,
    0.7803807854652405,
    0.1368466466665268,
    0.9019434452056885,
    0.14685426652431488,
    0.013882435858249664,
    0.4067220389842987,
    0.7550123929977417,
    0.9166207909584045,
    0.791645348072052,
    0.06154347583651543,
    0.5373005867004395,
    0.9251777529716492,
    0.5705881118774414,
    0.521941602230072,
    0.6062164306640625,
    0.29011955857276917,
    0.6962141990661621,
    0.6476506590843201,
    0.4701995253562927,
    0.9930295348167419,
    0.4418316185474396,
    0.947375476360321,
    0.767521858215332,
    0.11037875711917877,
    0.20310407876968384,
    0.06115730479359627,
    0.6041371822357178,
    0.4137348532676697,
    0.06921078264713287,
    0.10130003094673157,
    0.05882372707128525,
    0.32749101519584656,
    0.04310838133096695,
    0.25845327973365784,
    0.03829912468791008,
    0.7721661329269409,
    0.6582172513008118,
    0.5923060774803162,
    0.10902457684278488,
    0.09071575850248337,
    0.19279536604881287,
    0.6650859713554382,
    0.5463007688522339,
    0.013615480624139309,
    0.6110194325447083,
    0.17791517078876495,
    0.19870465993881226,
    0.7971847057342529,
    0.7214673757553101,
    0.6117721796035767,
    0.07352885603904724,
    0.47795069217681885,
    0.2476455271244049,
    0.8309224843978882,
    0.2394295036792755,
    0.5666314363479614,
    0.6781800389289856,
    0.3002813160419464,
    0.4038335680961609,
    0.09087341278791428,
    0.4286614656448364,
    0.5631994009017944,
    0.7355989813804626,
    0.8559672832489014,
    0.236941397190094,
    0.8216567635536194,
    0.9901459813117981,
    0.16247741878032684,
    0.8682108521461487,
    0.017428221181035042,
    0.5816230773925781,
    0.08504921197891235,
    0.975329577922821,
    0.941815972328186,
    0.8129482269287109,
    0.3278983235359192,
    0.3737631142139435,
    0.6273155808448792,
    0.09837691485881805,
    0.31910181045532227,
    0.25495803356170654,
    0.5718292593955994,
    0.8958534598350525,
    0.5846917629241943,
    0.11645528674125671,
    0.6162289977073669,
    0.753544807434082,
    0.7811526656150818,
    0.8403179049491882,
    0.27896758913993835,
    0.8989822864532471,
    0.2707689106464386,
    0.6692226529121399,
    0.242691770195961,
