{
  "model": "GIRL",
  "protocol": "calibration",
  "seed": 0,
  "timestamp": "2026-04-17T21:23:41.231358Z",
  "hyperparameters": {
    "architecture": "SAGEConv-2layer+LinearHead",
    "hidden_dim": 64,
    "dropout": 0.5,
    "optimizer": "Adam",
    "lr": 0.01,
    "weight_decay": 0.0005,
    "epochs": 100,
    "batch_size": 256,
    "num_neighbors": [
      20,
      20
    ],
    "n_envs": 3,
    "lam_grid": [
      1.0
    ],
    "mu_grid": [
      0.001
    ],
    "best_lambda": 1.0,
    "best_mu": 0.001,
    "scale_irm": "warmup",
    "scale_geo": 101217.32,
    "irm_warmup_epochs": 10,
    "pos_weight": 1.7129,
    "weighting": "sqrt_inv_freq"
  },
  "test_metrics": {
    "acc": 0.7147335423197492,
    "macro_f1": 0.6513661202185792,
    "bal_acc": 0.6491252955082742,
    "nll": 0.535709282126951,
    "ece": 0.40010158850761796,
    "brier": 0.17995887673012503
  },
  "test_probs": [
    0.49793168902397156,
    0.6799130439758301,
    0.30511993169784546,
    0.5622352361679077,
    0.1920529156923294,
    0.29111430048942566,
    0.214697927236557,
    0.4619414210319519,
    0.14339973032474518,
    0.08439819514751434,
    0.2427782565355301,
    0.47316843271255493,
    0.48228582739830017,
    0.11906768381595612,
    0.4168686270713806,
    0.1769244372844696,
    0.0347040630877018,
    0.16333240270614624,
    0.11062855273485184,
    0.5739808082580566,
    0.10665255784988403,
    0.38197028636932373,
    0.0745152086019516,
    0.5117270350456238,
    0.4697364270687103,
    0.3730538487434387,
    0.19464898109436035,
    0.5349865555763245,
    0.6582934856414795,
    0.01698673516511917,
    0.3558691740036011,
    0.5737595558166504,
    0.29955339431762695,
    0.4624195992946625,
    0.48830217123031616,
    0.10932635515928268,
    0.2767782211303711,
    0.5623574256896973,
    0.6927697658538818,
    0.6064496636390686,
    0.21804629266262054,
    0.1732812374830246,
    0.1577952355146408,
    0.7424681186676025,
    0.22579441964626312,
    0.08437365293502808,
    0.19813811779022217,
    0.5098684430122375,
    0.08976534008979797,
    0.14204774796962738,
    0.4440874755382538,
    0.4704175889492035,
    0.751565158367157,
    0.03534195199608803,
    0.04028153419494629,
    0.1606878638267517,
    0.3041694462299347,
    0.23474371433258057,
    0.4193130433559418,
    0.14995905756950378,
    0.12002254277467728,
    0.4038923978805542,
    0.41510751843452454,
    0.46977704763412476,
    0.32080766558647156,
    0.441047728061676,
    0.39580610394477844,
    0.2906886637210846,
    0.30535176396369934,
    0.2329559326171875,
    0.6807367205619812,
    0.7457903027534485,
    0.5117737054824829,
    0.5455494523048401,
    0.6080036759376526,
    0.4550154209136963,
    0.25912225246429443,
    0.4650901257991791,
    0.2293846309185028,
    0.17567341029644012,
    0.6519405841827393,
    0.42063823342323303,
    0.34872710704803467,
    0.8904396295547485,
    0.5431139469146729,
    0.334970086812973,
    0.5662140846252441,
    0.1735980063676834,
    0.01470958348363638,
    0.24685268104076385,
    0.1736299991607666,
    0.38424402475357056,
    0.4043637812137604,
    0.06857133656740189,
    0.278607577085495,
    0.5961952805519104,
    0.5395723581314087,
    0.39335259795188904,
    0.40506991744041443,
    0.6014998555183411,
    0.08306316286325455,
    0.37852415442466736,
    0.2631860673427582,
    0.33734744787216187,
    0.01955336704850197,
    0.23261530697345734,
    0.13236479461193085,
    0.2220769226551056,
    0.5840657949447632,
    0.12383180856704712,
    0.4767756164073944,
    0.2655409276485443,
    0.28644171357154846,
    0.760866641998291,
    0.04578100144863129,
    0.20595574378967285,
    0.4257487952709198,
    0.4822297990322113,
    0.01861841045320034,
    0.13769567012786865,
    0.031932663172483444,
    0.21140794456005096,
    0.26813727617263794,
    0.22184015810489655,
    0.5489007830619812,
    0.4508857727050781,
    0.17208249866962433,
    0.01798192597925663,
    0.5033596754074097,
    0.5418946146965027,
    0.46758922934532166,
    0.04415851831436157,
    0.45898059010505676,
    0.03871748596429825,
    0.5818164944648743,
    0.47061994671821594,
    0.8370824456214905,
    0.06700260937213898,
    0.40458959341049194,
    0.4304611384868622,
    0.14953085780143738,
    0.46210628747940063,
    0.1542539894580841,
    0.32335108518600464,
    0.20638608932495117,
    0.4605821371078491,
    0.35251539945602417,
    0.4190044701099396,
    0.2229795902967453,
    0.008927818387746811,
    0.45792073011398315,
    0.4127860963344574,
    0.19634981453418732,
    0.35870105028152466,
    0.8338481187820435,
    0.4787362217903137,
    0.4704175889492035,
    0.4704175889492035,
    0.4761858582496643,
    0.5200405716896057,
    0.5271511077880859,
    0.4315096437931061,
    0.5378924608230591,
    0.4698995053768158,
    0.5999107956886292,
    0.22979123890399933,
    0.5475702881813049,
    0.4704175889492035,
    0.4854334890842438,
    0.5740153789520264,
    0.15843245387077332,
    0.185719296336174,
    0.2809719443321228,
    0.46111664175987244,
    0.37105995416641235,
    0.6196752786636353,
    0.05334322154521942,
    0.9097791910171509,
    0.08310635387897491,
    0.5587230324745178,
    0.5392447113990784,
    0.5531581044197083,
    0.37016594409942627,
    0.25381848216056824,
    0.6938437223434448,
    0.5801701545715332,
    0.5291204452514648,
    0.507533848285675,
    0.7691786885261536,
    0.5264694690704346,
    0.5882057547569275,
    0.6580206751823425,
    0.6844565868377686,
    0.18054020404815674,
    0.2916179895401001,
    0.5551038384437561,
    0.14729420840740204,
    0.43403828144073486,
    0.6452206373214722,
    0.602814793586731,
    0.28379836678504944,
    0.37274855375289917,
    0.030522139742970467,
    0.3143649697303772,
    0.7142364382743835,
    0.46940484642982483,
    0.2032482773065567,
    0.3345097303390503,
    0.3056386709213257,
    0.475847989320755,
    0.16983751952648163,
    0.6281245946884155,
    0.23783954977989197,
    0.014525584876537323,
    0.5002338886260986,
    0.4426250755786896,
    0.6944107413291931,
    0.454659640789032,
    0.12537337839603424,
    0.362883061170578,
    0.7380526065826416,
    0.4697098135948181,
    0.39690133929252625,
    0.4275628328323364,
    0.6419507265090942,
    0.4131905734539032,
    0.5121407508850098,
    0.299704372882843,
    0.8853148818016052,
    0.3158651888370514,
    0.7587137818336487,
    0.4704175889492035,
    0.16194315254688263,
    0.2852858901023865,
    0.08214350789785385,
    0.4704175889492035,
    0.31165507435798645,
    0.0984170138835907,
    0.1306038647890091,
    0.1749972403049469,
    0.4204025864601135,
    0.08169419318437576,
    0.2522395849227905,
    0.03496614471077919,
    0.4574967622756958,
    0.3631316125392914,
    0.42952269315719604,
    0.11349983513355255,
    0.2904520332813263,
    0.20902203023433685,
    0.4432372450828552,
    0.47753190994262695,
    0.02887355349957943,
    0.4667106568813324,
    0.1726529449224472,
    0.3197122812271118,
    0.5445230007171631,
    0.2934996783733368,
    0.4888097047805786,
    0.24378938972949982,
    0.41508084535598755,
    0.2084435373544693,
    0.5584689974784851,
    0.2712656557559967,
    0.4348262846469879,
    0.4532310366630554,
    0.2683103084564209,
    0.323822021484375,
    0.14655247330665588,
    0.31427475810050964,
    0.4585784077644348,
    0.4551943838596344,
    0.8610535264015198,
    0.36684536933898926,
    0.7977291941642761,
    0.951077401638031,
    0.28748151659965515,
    0.5874854922294617,
    0.2179950773715973,
    0.4704175889492035,
    0.1732206493616104,
    0.8674351572990417,
    0.7766790986061096,
    0.5388011932373047,
    0.1810305267572403,
    0.25372305512428284,
    0.4718814492225647,
    0.17856080830097198,
    0.4704175889492035,
    0.29146862030029297,
    0.4532199800014496,
