{
  "model": "GNN_ERM",
  "protocol": "debug",
  "seed": 0,
  "timestamp": "2026-04-17T07:28:45.525642Z",
  "hyperparameters": {
    "architecture": "SAGEConv-1layer+LinearHead",
    "hidden_dim": 64,
    "dropout": 0.5,
    "optimizer": "Adam",
    "lr_grid": [
      0.001,
      0.005,
      0.01
    ],
    "best_lr": 0.001,
    "weight_decay": 0.0005,
    "epochs": 200,
    "batch_size": 256,
    "num_neighbors": [
      20
    ],
    "pos_weight": 1.708,
    "weighting": "sqrt_inv_freq"
  },
  "test_metrics": {
    "acc": 0.7586206896551724,
    "macro_f1": 0.7387387387387387,
    "bal_acc": 0.7638888888888888,
    "nll": 0.5282492961827885,
    "ece": 0.4541450679816048,
    "brier": 0.1750702989870933
  },
  "test_probs": [
    0.3588932454586029,
    0.566908597946167,
    0.5862895250320435,
    0.2705797553062439,
    0.1689659208059311,
    0.32635727524757385,
    0.1828993409872055,
    0.5420190095901489,
    0.6090787053108215,
    0.2554562985897064,
    0.2178344428539276,
    0.4966127276420593,
    0.6556140780448914,
    0.18312156200408936,
    0.5388762354850769,
    0.7144359350204468,
    0.5053286552429199,
    0.11964039504528046,
    0.7754647731781006,
    0.41575491428375244,
    0.3644019663333893,
    0.3260193467140198,
    0.20082923769950867,
    0.10881577432155609,
    0.11308367550373077,
    0.3965049684047699,
    0.1466664969921112,
    0.5534775853157043,
    0.5689297914505005,
    0.5455480813980103,
    0.06684660166501999,
    0.29645609855651855,
    0.6197406053543091,
    0.21264004707336426,
    0.3541991114616394,
    0.9308440089225769,
    0.3529296815395355,
    0.8468647599220276,
    0.3802216351032257,
    0.1492885798215866,
    0.6433092355728149,
    0.17343248426914215,
    0.0474567748606205,
    0.7330958843231201,
    0.12250319123268127,
    0.15083594620227814,
    0.18760475516319275,
    0.1424008160829544,
    0.5947677493095398,
    0.17781862616539001,
    0.7914166450500488,
    0.4475392997264862,
    0.649448573589325,
    0.9138954281806946,
    0.8657352328300476,
    0.2908322811126709,
    0.774052619934082,
    0.9354230165481567
  ]
}