{
  "model": "GNN_GeoReg",
  "protocol": "calibration",
  "seed": 0,
  "timestamp": "2026-04-17T21:04:08.387413Z",
  "hyperparameters": {
    "architecture": "SAGEConv-1layer+LinearHead",
    "hidden_dim": 64,
    "dropout": 0.5,
    "optimizer": "Adam",
    "lr": 0.01,
    "weight_decay": 0.0005,
    "epochs": 100,
    "batch_size": 256,
    "num_neighbors": [
      20
    ],
    "lambda_grid": [
      0.1,
      1.0
    ],
    "best_lambda": 0.1,
    "scale_geo": 913.46,
    "pos_weight": 1.7129,
    "weighting": "sqrt_inv_freq"
  },
  "test_metrics": {
    "acc": 0.7429467084639498,
    "macro_f1": 0.6908037825059101,
    "bal_acc": 0.6908037825059101,
    "nll": 0.530062281052478,
    "ece": 0.40401000058903214,
    "brier": 0.17735572544366834
  },
  "test_probs": [
    0.5200632810592651,
    0.6384082436561584,
    0.2508595585823059,
    0.6163425445556641,
    0.2661009728908539,
    0.17547607421875,
    0.23780731856822968,
    0.3760092854499817,
    0.1091720461845398,
    0.13836270570755005,
    0.23415030539035797,
    0.521158754825592,
    0.4545366168022156,
    0.08019603788852692,
    0.3920491933822632,
    0.17429737746715546,
    0.03858903422951698,
    0.1777167171239853,
    0.07999219745397568,
    0.5265419483184814,
    0.10745210945606232,
    0.35551413893699646,
    0.07226457446813583,
    0.6106628179550171,
    0.46070680022239685,
    0.3960936367511749,
    0.24938155710697174,
    0.6609761714935303,
    0.7636929750442505,
    0.009420319460332394,
    0.25674402713775635,
    0.5512672066688538,
    0.3672509491443634,
    0.4929889738559723,
    0.5222190022468567,
    0.14039640128612518,
    0.3615459203720093,
    0.5640128254890442,
    0.7594506740570068,
    0.5011049509048462,
    0.18480832874774933,
    0.19565428793430328,
    0.1425478756427765,
    0.6784036159515381,
    0.20030970871448517,
    0.08898930996656418,
    0.11988113820552826,
    0.6422672867774963,
    0.07378766685724258,
    0.13087186217308044,
    0.44990572333335876,
    0.4761120080947876,
    0.584742546081543,
    0.03485523909330368,
    0.045933984220027924,
    0.20233549177646637,
    0.24244311451911926,
    0.16860052943229675,
    0.5132766366004944,
    0.2048048973083496,
    0.1414259523153305,
    0.41017162799835205,
    0.3795689642429352,
    0.5471101999282837,
    0.3859623670578003,
    0.34367063641548157,
    0.41061341762542725,
    0.268094003200531,
    0.30223116278648376,
    0.19103597104549408,
    0.700869619846344,
    0.7982829809188843,
    0.43870607018470764,
    0.5364547967910767,
    0.650078296661377,
    0.49273741245269775,
    0.27035605907440186,
    0.577445924282074,
    0.29736799001693726,
    0.13240279257297516,
    0.6333360075950623,
    0.383014053106308,
    0.44898417592048645,
    0.8751331567764282,
    0.570500373840332,
    0.36874762177467346,
    0.4754492938518524,
    0.19895419478416443,
    0.02049895003437996,
    0.1763848513364792,
    0.27517005801200867,
    0.42905136942863464,
    0.3813996911048889,
    0.06255215406417847,
    0.3029528856277466,
    0.6038649678230286,
    0.49495384097099304,
    0.32532334327697754,
    0.4230380058288574,
    0.5252907276153564,
    0.08271623402833939,
    0.3926125466823578,
    0.3471599519252777,
    0.27613481879234314,
    0.01237828005105257,
    0.16591332852840424,
    0.1656457632780075,
    0.24080435931682587,
    0.5138933062553406,
    0.12280026078224182,
    0.5876742601394653,
    0.2561943531036377,
    0.2862982451915741,
    0.8068332076072693,
    0.03739536553621292,
    0.22732290625572205,
    0.40707796812057495,
    0.327132910490036,
    0.01254415325820446,
    0.09235107898712158,
    0.0307487640529871,
    0.17835292220115662,
    0.2713211476802826,
    0.14081570506095886,
    0.5066992044448853,
    0.450705885887146,
    0.1922113448381424,
    0.0210861898958683,
    0.5209750533103943,
    0.4803450107574463,
    0.4852806627750397,
    0.06866908818483353,
    0.4346293807029724,
    0.04042508825659752,
    0.49776533246040344,
    0.27043622732162476,
    0.8016433715820312,
    0.14196157455444336,
    0.4040031135082245,
    0.4647549092769623,
    0.1758168637752533,
    0.3877778947353363,
    0.25039854645729065,
    0.1494818776845932,
    0.35504746437072754,
    0.5336776375770569,
    0.43344610929489136,
    0.46171271800994873,
    0.2111353874206543,
    0.00949863437563181,
    0.49534451961517334,
    0.41444629430770874,
    0.18862442672252655,
    0.46703678369522095,
    0.8638548851013184,
    0.29798898100852966,
    0.385856568813324,
    0.4757152795791626,
    0.5061755776405334,
    0.47388145327568054,
    0.5883331298828125,
    0.4142875671386719,
    0.5236929059028625,
    0.3805595636367798,
    0.49270641803741455,
    0.3331434428691864,
    0.5471866726875305,
    0.4283458888530731,
    0.520280122756958,
    0.7200704216957092,
    0.21125854551792145,
    0.21952548623085022,
    0.20762594044208527,
    0.46794962882995605,
    0.3414182662963867,
    0.6050558686256409,
    0.04918713495135307,
    0.8945249319076538,
    0.06216072291135788,
    0.5328704714775085,
    0.5222226977348328,
    0.5212880969047546,
    0.3303869068622589,
    0.29892030358314514,
    0.7958104610443115,
    0.5287714004516602,
    0.531082272529602,
    0.5427120923995972,
    0.7064308524131775,
    0.500453531742096,
    0.660149872303009,
    0.6488047242164612,
    0.6733976006507874,
    0.09698456525802612,
    0.20622184872627258,
    0.5955473780632019,
    0.21786415576934814,
    0.4405022859573364,
    0.682573676109314,
    0.5661566853523254,
    0.336252897977829,
    0.4186890125274658,
    0.0943247526884079,
    0.3865285813808441,
    0.7080185413360596,
    0.37050941586494446,
    0.253923624753952,
    0.31943246722221375,
    0.22290225327014923,
    0.5249767303466797,
    0.16502593457698822,
    0.5870926976203918,
    0.14778554439544678,
    0.016221048310399055,
    0.5812471508979797,
    0.3476259112358093,
    0.7286902070045471,
    0.40769875049591064,
    0.10759302973747253,
    0.40653735399246216,
    0.7907701134681702,
    0.48294708132743835,
    0.4608377516269684,
    0.2956877648830414,
    0.3719564974308014,
    0.5147550106048584,
    0.4276682138442993,
    0.30357953906059265,
    0.8631742596626282,
    0.34489017724990845,
    0.7871102094650269,
    0.4655759632587433,
    0.1453341543674469,
    0.33681729435920715,
    0.0881788432598114,
    0.41653794050216675,
    0.3206369876861572,
    0.08684400469064713,
    0.0807804986834526,
    0.0892985537648201,
    0.35756009817123413,
    0.11007890850305557,
    0.2525089681148529,
    0.03080849163234234,
    0.41146963834762573,
    0.34685298800468445,
    0.39918461441993713,
    0.12072920799255371,
    0.270572692155838,
    0.21512019634246826,
    0.45382460951805115,
    0.5373744368553162,
    0.031476885080337524,
    0.3567453622817993,
    0.197554349899292,
    0.25004562735557556,
    0.6130605340003967,
    0.3513699471950531,
    0.49627307057380676,
    0.18299055099487305,
    0.18087729811668396,
    0.19481360912322998,
    0.6342452764511108,
    0.2741149067878723,
    0.39434176683425903,
    0.43931975960731506,
    0.27610817551612854,
    0.33714768290519714,
    0.17423541843891144,
    0.3277961313724518,
    0.39640891551971436,
    0.46251118183135986,
    0.7934839725494385,
    0.33824753761291504,
    0.6138997673988342,
    0.9425822496414185,
    0.2752419412136078,
    0.5482065081596375,
    0.1967085748910904,
    0.5939130783081055,
    0.15462790429592133,
    0.8656588196754456,
    0.7488521933555603,
    0.5683114528656006,
    0.25112244486808777,
    0.23782756924629211,
    0.41704875230789185,
    0.20688360929489136,
    0.3523247241973877,
    0.2732722759246826,
    0.4944770932197571,
    0.5809243321418762,
    0.3137645125389099,
    0.1306667923927307,
    0.09396305680274963,
    0.7577689290046692,
