{
  "mean_acc": [
    0.7310768096376781,
    0.7363029123166291,
    0.7323416966398066,
    0.7354330931403659,
    0.7395861197009878
  ],
  "worst_acc": [
    0.3333333333333333,
    0.4375,
    0.25,
    0.4166666666666667,
    0.375
  ],
  "mean_f1": [
    0.6620306530993664,
    0.6676247095056825,
    0.6614194718388942,
    0.6684090007036998,
    0.6716127749964703
  ],
  "worst_f1": [
    0.3142857142857143,
    0.4079696394686907,
    0.23809523809523808,
    0.4,
    0.375
  ],
  "mean_bal_acc": [
    0.6875520380496516,
    0.6923812636345492,
    0.6897940307765711,
    0.6993088034906529,
    0.7010563268565767
  ],
  "worst_bal_acc": [
    0.47619047619047616,
    0.5,
    0.4166666666666667,
    0.4852941176470588,
    0.4852941176470588
  ]
}