{
  "model": "GroupDRO",
  "protocol": "one_city_out_v2",
  "seed": 0,
  "timestamp": "2026-04-15T08:09:26.737944Z",
  "hyperparameters": {
    "architecture": "MLP-128-Drop-64-2",
    "optimizer": "Adam",
    "lr": 0.001,
    "weight_decay": 0.0001,
    "epochs": 100,
    "n_envs": 3,
    "pos_weight": 2.9341,
    "eta_grid": [
      0.001,
      0.01,
      0.1
    ],
    "best_eta": 0.01,
    "standardised": true
  },
  "test_metrics": {
    "acc": 0.6959247648902821,
    "macro_f1": 0.6765889398706062,
    "bal_acc": 0.7163120567375887,
    "nll": 0.633489839174071,
    "ece": 0.4781692948974786,
    "brier": 0.21403162402443962
  },
  "test_probs": [
    0.7757381796836853,
    0.8801284432411194,
    0.1718299388885498,
    0.8081398606300354,
    0.2161150425672531,
    0.10391485691070557,
    0.18264052271842957,
    0.7506542205810547,
    0.10915479063987732,
    0.06278665363788605,
    0.316518634557724,
    0.7992379665374756,
    0.5331530570983887,
    0.12143264710903168,
    0.42617082595825195,
    0.23558659851551056,
    0.0032471809536218643,
    0.10878539830446243,
    0.07487217336893082,
    0.911135733127594,
    0.10780681669712067,
    0.3126577138900757,
    0.09381475299596786,
    0.6115916967391968,
    0.6508644819259644,
    0.44696754217147827,
    0.1487189531326294,
    0.7093492150306702,
    0.6967900991439819,
    0.0018844238948076963,
    0.465869665145874,
    0.842921257019043,
    0.4459732174873352,
    0.6871943473815918,
    0.853780210018158,
    0.043702878057956696,
    0.4315246641635895,
    0.8016657829284668,
    0.8624903559684753,
    0.8055984973907471,
    0.09300631284713745,
    0.17217062413692474,
    0.13169154524803162,
    0.8001465201377869,
    0.18906572461128235,
    0.039392292499542236,
    0.08015729486942291,
    0.7735472917556763,
    0.049282822757959366,
    0.05108217895030975,
    0.7082778811454773,
    0.6656621694564819,
    0.9135383367538452,
    0.023111557587981224,
    0.07937432825565338,
    0.12189201265573502,
    0.3351157009601593,
    0.12017367035150528,
    0.6931334733963013,
    0.11973597854375839,
    0.17029747366905212,
    0.5865321159362793,
    0.3217298686504364,
    0.5916669368743896,
    0.44574174284935,
    0.35559624433517456,
    0.4671138823032379,
    0.3227609097957611,
    0.3196662962436676,
    0.3202444314956665,
    0.5587670803070068,
    0.9556588530540466,
    0.6817591190338135,
    0.790141761302948,
    0.8767862915992737,
    0.5729488134384155,
    0.32468968629837036,
    0.6009581685066223,
    0.3083488643169403,
    0.09407757967710495,
    0.8813096284866333,
    0.3372098505496979,
    0.3667723536491394,
    0.9320236444473267,
    0.7901877760887146,
    0.4803493320941925,
    0.44844016432762146,
    0.1598643958568573,
    0.006176706403493881,
    0.4092369079589844,
    0.20753811299800873,
    0.38077402114868164,
    0.22252687811851501,
    0.036591120064258575,
    0.3108780086040497,
    0.8440804481506348,
    0.7836102247238159,
    0.31150510907173157,
    0.524105429649353,
    0.792607307434082,
    0.0939200222492218,
    0.5208499431610107,
    0.29176080226898193,
    0.08247711509466171,
    0.006223875563591719,
    0.09901101142168045,
    0.06363410502672195,
    0.06835202872753143,
    0.681512176990509,
    0.1546468734741211,
    0.6810519099235535,
    0.3005050718784332,
    0.26311835646629333,
    0.960689902305603,
    0.013514083810150623,
    0.08237007260322571,
    0.36067312955856323,
    0.6548523902893066,
    0.0058533805422484875,
    0.09193428605794907,
    0.019282352179288864,
    0.0908341258764267,
    0.32865631580352783,
    0.10603824257850647,
    0.7997968196868896,
    0.6902663111686707,
    0.1129942536354065,
    0.003537817159667611,
    0.6860936284065247,
    0.764930009841919,
    0.7878109812736511,
    0.011004840023815632,
    0.7200420498847961,
    0.04024582728743553,
    0.8312919735908508,
    0.06340274959802628,
    0.9689382314682007,
    0.05201221629977226,
    0.528192937374115,
    0.5281367301940918,
    0.19688259065151215,
    0.7252631783485413,
    0.2640440762042999,
    0.04582376778125763,
    0.29297834634780884,
    0.8680015206336975,
    0.467254638671875,
    0.5046678185462952,
    0.05592340975999832,
    0.0002896368387155235,
    0.8367602825164795,
    0.5763068795204163,
    0.1808556318283081,
    0.5395325422286987,
    0.9748138189315796,
    0.20691366493701935,
    0.6738078594207764,
    0.5905061960220337,
    0.7809532880783081,
    0.822931170463562,
    0.8308402895927429,
    0.37597963213920593,
    0.746101438999176,
    0.4402175545692444,
    0.8532087206840515,
    0.3937876522541046,
    0.6884203553199768,
    0.4468616545200348,
    0.6244047284126282,
    0.9008377194404602,
    0.14872103929519653,
    0.22831490635871887,
    0.15088476240634918,
    0.6728714108467102,
    0.34298914670944214,
    0.8396270275115967,
    0.058927297592163086,
    0.9702919721603394,
    0.06127623841166496,
    0.7275964617729187,
    0.7727336287498474,
    0.8620052337646484,
    0.4048524796962738,
    0.34760773181915283,
    0.7938610911369324,
    0.8140783309936523,
    0.8214086294174194,
    0.4482956826686859,
    0.9481024146080017,
    0.8405745029449463,
    0.905734658241272,
    0.8775210380554199,
    0.9297370910644531,
    0.4660474359989166,
    0.1468549370765686,
    0.8070755004882812,
    0.14545738697052002,
    0.647929847240448,
    0.8724102973937988,
    0.9250285029411316,
    0.3908444344997406,
    0.6266592144966125,
    0.022377410903573036,
    0.5100343227386475,
    0.9260420799255371,
    0.5528853535652161,
    0.3704811930656433,
    0.2879848778247833,
    0.2959189713001251,
    0.7683421969413757,
    0.13677987456321716,
    0.8537979125976562,
    0.15542477369308472,
    0.008602301590144634,
    0.3675673305988312,
    0.6064432263374329,
    0.9300402998924255,
    0.7032846212387085,
    0.0781436413526535,
    0.4974152147769928,
    0.9414417147636414,
    0.38080382347106934,
    0.6084939241409302,
    0.46052613854408264,
    0.2958909869194031,
    0.6939438581466675,
    0.6103508472442627,
    0.3279532492160797,
    0.9858042001724243,
    0.4324221611022949,
    0.9493720531463623,
    0.72268146276474,
    0.11155468970537186,
    0.22143949568271637,
    0.05885450914502144,
    0.5610394477844238,
    0.3503466248512268,
    0.09238633513450623,
    0.11272021383047104,
    0.03281361609697342,
    0.41549649834632874,
    0.026958534494042397,
    0.28188955783843994,
    0.021842125803232193,
    0.7470042109489441,
    0.5034987330436707,
    0.5282778143882751,
    0.039664678275585175,
    0.077519990503788,
    0.20414872467517853,
    0.6033729910850525,
    0.6951816082000732,
    0.014912653714418411,
    0.6734453439712524,
    0.21213410794734955,
    0.16008614003658295,
    0.7877013087272644,
    0.7402546405792236,
    0.6865377426147461,
    0.04322528839111328,
    0.5816935896873474,
    0.1959889829158783,
    0.7996044754981995,
    0.2741767168045044,
    0.5088245272636414,
    0.6969739198684692,
    0.3439319133758545,
    0.42082980275154114,
    0.0767800360918045,
    0.43150511384010315,
    0.4885594844818115,
    0.7082674503326416,
    0.9013622403144836,
    0.31640738248825073,
    0.8284844756126404,
    0.9941636919975281,
    0.11045008897781372,
    0.7665529251098633,
    0.030205344781279564,
    0.9002386331558228,
    0.08911211788654327,
    0.9739910364151001,
    0.9400889277458191,
    0.8501427173614502,
    0.3755626678466797,
    0.3164535462856293,
    0.3637486696243286,
    0.06179604306817055,
    0.41028499603271484,
    0.2702648639678955,
    0.6695979833602905,
    0.9089177250862122,
    0.548951268196106,
    0.12922640144824982,
    0.6641261577606201,
    0.6788796186447144,
    0.4282413423061371,
    0.8038277626037598,
    0.3317783772945404,
    0.7593109607696533,
    0.3713170289993286,
