{
  "model": "GroupDRO",
  "protocol": "one_city_out_v2",
  "seed": 4,
  "timestamp": "2026-04-15T08:10:22.337417Z",
  "hyperparameters": {
    "architecture": "MLP-128-Drop-64-2",
    "optimizer": "Adam",
    "lr": 0.001,
    "weight_decay": 0.0001,
    "epochs": 100,
    "n_envs": 3,
    "pos_weight": 2.9341,
    "eta_grid": [
      0.001,
      0.01,
      0.1
    ],
    "best_eta": 0.1,
    "standardised": true
  },
  "test_metrics": {
    "acc": 0.6739811912225705,
    "macro_f1": 0.6569892473118281,
    "bal_acc": 0.7007565011820331,
    "nll": 0.6743198524595798,
    "ece": 0.4975900159547322,
    "brier": 0.22652538604658326
  },
  "test_probs": [
    0.8298249244689941,
    0.8614044189453125,
    0.08406201750040054,
    0.8759759068489075,
    0.21886953711509705,
    0.02787565253674984,
    0.1863604187965393,
    0.733189046382904,
    0.06462810188531876,
    0.03291845694184303,
    0.42284953594207764,
    0.7195142507553101,
    0.32526764273643494,
    0.22988320887088776,
    0.7430522441864014,
    0.27524617314338684,
    0.003156800754368305,
    0.152874156832695,
    0.04314382001757622,
    0.7380275726318359,
    0.06083863228559494,
    0.659297525882721,
    0.1165991798043251,
    0.5110994577407837,
    0.7755070924758911,
    0.4860250651836395,
    0.17220549285411835,
    0.7423468232154846,
    0.6310514211654663,
    0.002250045072287321,
    0.35262542963027954,
    0.8791817426681519,
    0.39124611020088196,
    0.7710772752761841,
    0.8385743498802185,
    0.04961244389414787,
    0.7035613059997559,
    0.8177968859672546,
    0.9044373035430908,
    0.8305394649505615,
    0.09721903502941132,
    0.37263643741607666,
    0.14999139308929443,
    0.7716510891914368,
    0.13950715959072113,
    0.04457702115178108,
    0.03866885229945183,
    0.806831419467926,
    0.0535842590034008,
    0.043366916477680206,
    0.7956283688545227,
    0.5951526165008545,
    0.9354780912399292,
    0.02719421684741974,
    0.07418305426836014,
    0.25190040469169617,
    0.3043418526649475,
    0.24916410446166992,
    0.8326088786125183,
    0.12884342670440674,
    0.08291804045438766,
    0.5117391347885132,
    0.24073703587055206,
    0.38243016600608826,
    0.4215463101863861,
    0.3114904463291168,
    0.7313903570175171,
    0.34505751729011536,
    0.3835793733596802,
    0.32420963048934937,
    0.695583164691925,
    0.9572504758834839,
    0.7474106550216675,
    0.8188580870628357,
    0.8663478493690491,
    0.6069238781929016,
    0.3523709177970886,
    0.843113362789154,
    0.3933733105659485,
    0.032264601439237595,
    0.8928118944168091,
    0.4541355073451996,
    0.4586753249168396,
    0.9357897043228149,
    0.7992799878120422,
    0.47193825244903564,
    0.5564996004104614,
    0.1330021172761917,
    0.008524802513420582,
    0.2658872604370117,
    0.21633556485176086,
    0.5591291785240173,
    0.16550996899604797,
    0.03294011577963829,
    0.16799914836883545,
    0.9117244482040405,
    0.8467543125152588,
    0.37654367089271545,
    0.46027693152427673,
    0.8979964852333069,
    0.07366117089986801,
    0.6321479082107544,
    0.17505422234535217,
    0.140476793050766,
    0.003106091171503067,
    0.1313132345676422,
    0.07154036313295364,
    0.09397818148136139,
    0.6586148142814636,
    0.12433702498674393,
    0.6904847621917725,
    0.2171008139848709,
    0.13597843050956726,
    0.9670279622077942,
    0.014967516995966434,
    0.13091681897640228,
    0.21867260336875916,
    0.836429238319397,
    0.0015890850918367505,
    0.16693709790706635,
    0.014379153028130531,
    0.042000479996204376,
    0.3291222155094147,
    0.021594207733869553,
    0.8545199036598206,
    0.6640142798423767,
    0.17726722359657288,
    0.0012836013920605183,
    0.7017597556114197,
    0.7943494915962219,
    0.7546426057815552,
    0.009513387456536293,
    0.7214854955673218,
    0.029067862778902054,
    0.6896905899047852,
    0.032869067043066025,
    0.9601626396179199,
    0.018230030313134193,
    0.5589760541915894,
    0.6531999707221985,
    0.1713741272687912,
    0.6552609801292419,
    0.2885916531085968,
    0.08718603849411011,
    0.05507564917206764,
    0.8700240254402161,
    0.5602213740348816,
    0.5724361538887024,
    0.003958395682275295,
    0.001749955234117806,
    0.8516685962677002,
    0.62276291847229,
    0.20611773431301117,
    0.555342972278595,
    0.9684394598007202,
    0.3397400975227356,
    0.6772909164428711,
    0.4843980669975281,
    0.6915360689163208,
    0.8431813716888428,
    0.8633319735527039,
    0.25189146399497986,
    0.7776032090187073,
    0.524125874042511,
    0.8361120223999023,
    0.3876354396343231,
    0.6680909395217896,
    0.30062252283096313,
    0.660831868648529,
    0.8604155778884888,
    0.11261992156505585,
    0.3198092579841614,
    0.3168681561946869,
    0.7135806083679199,
    0.6273780465126038,
    0.8346967697143555,
    0.03410177677869797,
    0.9648628234863281,
    0.08409296721220016,
    0.7809609174728394,
    0.7485862970352173,
    0.8473520278930664,
    0.3475659191608429,
    0.32383108139038086,
    0.9498323798179626,
    0.8487069606781006,
    0.8354818820953369,
    0.6795026063919067,
    0.9172740578651428,
    0.8205786943435669,
    0.9338942766189575,
    0.8710325360298157,
    0.9385314583778381,
    0.22026905417442322,
    0.06521297991275787,
    0.7827931046485901,
    0.09538136422634125,
    0.4533565044403076,
    0.9358048439025879,
    0.8988586068153381,
    0.4558854401111603,
    0.6414501667022705,
    0.007752161473035812,
    0.3182409107685089,
    0.925656259059906,
    0.4612300395965576,
    0.2837778329849243,
    0.35943445563316345,
    0.2633509933948517,
    0.7933079600334167,
    0.13459724187850952,
    0.8881896138191223,
    0.07572834938764572,
    0.005719758570194244,
    0.506822943687439,
    0.49167725443840027,
    0.9566235542297363,
    0.6503556370735168,
    0.1277114897966385,
    0.4421589970588684,
    0.9241342544555664,
    0.7767819166183472,
    0.521253764629364,
    0.192809596657753,
    0.8684000968933105,
    0.8381607532501221,
    0.5841131806373596,
    0.25793567299842834,
    0.989340603351593,
    0.5551286339759827,
    0.9471495151519775,
    0.7839237451553345,
    0.03668784722685814,
    0.12676399946212769,
    0.09341239929199219,
    0.6341134309768677,
    0.2918832302093506,
    0.02560664713382721,
    0.12659083306789398,
    0.0477597750723362,
    0.3144434094429016,
    0.04237695783376694,
    0.13583248853683472,
    0.008716129697859287,
    0.8160418272018433,
    0.8169670104980469,
    0.6246308088302612,
    0.05047309026122093,
    0.061293333768844604,
    0.09583044052124023,
    0.6342817544937134,
    0.7907605171203613,
    0.01307688932865858,
    0.42529717087745667,
    0.21509993076324463,
    0.14412502944469452,
    0.7917265295982361,
    0.7246676683425903,
    0.501649022102356,
    0.06123477220535278,
    0.24737101793289185,
    0.09761787950992584,
    0.7885233759880066,
    0.3183305859565735,
    0.5912684202194214,
    0.7201838493347168,
    0.2948395609855652,
    0.4982299506664276,
    0.0749175176024437,
    0.5287079811096191,
    0.7182765603065491,
    0.7285889983177185,
    0.9464157223701477,
    0.1566796749830246,
    0.8341629505157471,
    0.9912080764770508,
    0.043916769325733185,
    0.8860567808151245,
    0.02254832722246647,
    0.7509994506835938,
    0.05403604730963707,
    0.9771519303321838,
    0.9452952742576599,
    0.8705214262008667,
    0.34167182445526123,
    0.41096433997154236,
    0.7979004979133606,
    0.03694413602352142,
    0.4780729115009308,
    0.22596649825572968,
    0.5952444076538086,
    0.8738934397697449,
    0.5273087620735168,
    0.12453139573335648,
    0.4316558539867401,
    0.7390109896659851,
    0.502761721611023,
    0.7780472040176392,
    0.28071266412734985,
    0.6852585077285767,
