{
  "model": "GroupDRO",
  "protocol": "one_city_out_v2",
  "seed": 2,
  "timestamp": "2026-04-15T08:09:54.383653Z",
  "hyperparameters": {
    "architecture": "MLP-128-Drop-64-2",
    "optimizer": "Adam",
    "lr": 0.001,
    "weight_decay": 0.0001,
    "epochs": 100,
    "n_envs": 3,
    "pos_weight": 2.9341,
    "eta_grid": [
      0.001,
      0.01,
      0.1
    ],
    "best_eta": 0.001,
    "standardised": true
  },
  "test_metrics": {
    "acc": 0.6990595611285266,
    "macro_f1": 0.6783193277310924,
    "bal_acc": 0.7154373522458629,
    "nll": 0.6329374831201832,
    "ece": 0.4909763857955842,
    "brier": 0.21023200999526218
  },
  "test_probs": [
    0.7645893096923828,
    0.8224477171897888,
    0.16916495561599731,
    0.8714973330497742,
    0.1419961005449295,
    0.059923332184553146,
    0.14397858083248138,
    0.7531704902648926,
    0.016357459127902985,
    0.05569080263376236,
    0.26168906688690186,
    0.7784836292266846,
    0.7288328409194946,
    0.12738117575645447,
    0.6423370242118835,
    0.2196536511182785,
    0.002783719217404723,
    0.20132985711097717,
    0.07804977893829346,
    0.7482085227966309,
    0.060682512819767,
    0.37713372707366943,
    0.07892689108848572,
    0.6200843453407288,
    0.5062878727912903,
    0.35336557030677795,
    0.15343736112117767,
    0.7848584651947021,
    0.45178690552711487,
    0.001074639498256147,
    0.4478203356266022,
    0.7882463335990906,
    0.5374757647514343,
    0.7213683724403381,
    0.7737977504730225,
    0.07933490723371506,
    0.42894503474235535,
    0.8212568163871765,
    0.9140154719352722,
    0.8178550004959106,
    0.1620645970106125,
    0.14824296534061432,
    0.11952666938304901,
    0.7590552568435669,
    0.2936704456806183,
    0.045777615159749985,
    0.10136136412620544,
    0.7516695261001587,
    0.02558108977973461,
    0.05602802336215973,
    0.7172645330429077,
    0.5314958691596985,
    0.8363980054855347,
    0.045284438878297806,
    0.0640733540058136,
    0.12345339357852936,
    0.24559834599494934,
    0.11982348561286926,
    0.7971453070640564,
    0.16156363487243652,
    0.11323537677526474,
    0.5159643292427063,
    0.1685979962348938,
    0.6195635199546814,
    0.5205731391906738,
    0.6491237282752991,
    0.48654913902282715,
    0.24411337077617645,
    0.24391956627368927,
    0.29312247037887573,
    0.32489365339279175,
    0.9448065161705017,
    0.41086846590042114,
    0.8402372598648071,
    0.8734694123268127,
    0.6932349801063538,
    0.3533361256122589,
    0.8437401652336121,
    0.25480160117149353,
    0.033275309950113297,
    0.8953709006309509,
    0.386055052280426,
    0.20752525329589844,
    0.9402110576629639,
    0.7896463871002197,
    0.3122493028640747,
    0.7372936010360718,
    0.2104683667421341,
    0.003430702490732074,
    0.33364132046699524,
    0.23586565256118774,
    0.6541582345962524,
    0.21640127897262573,
    0.0314323864877224,
    0.29121071100234985,
    0.9071594476699829,
    0.7944689989089966,
    0.4549485445022583,
    0.46583110094070435,
    0.8339932560920715,
    0.061736416071653366,
    0.35185226798057556,
    0.4585705101490021,
    0.06466803699731827,
    0.0009178865584544837,
    0.023539498448371887,
    0.10292182862758636,
    0.30819207429885864,
    0.6467032432556152,
    0.13057075440883636,
    0.604960560798645,
    0.31985294818878174,
    0.33616209030151367,
    0.9546056985855103,
    0.021771878004074097,
    0.14353153109550476,
    0.34945541620254517,
    0.6858345866203308,
    0.0015459852293133736,
    0.1042240560054779,
    0.011647812090814114,
    0.08001161366701126,
    0.24814826250076294,
    0.2035173773765564,
    0.8791898488998413,
    0.5628033876419067,
    0.2652563750743866,
    0.0021732551977038383,
    0.7376305460929871,
    0.7701003551483154,
    0.5787180066108704,
    0.01815849170088768,
    0.5779321789741516,
    0.024545738473534584,
    0.8441476225852966,
    0.016207175329327583,
    0.9721119999885559,
    0.010370799340307713,
    0.37565913796424866,
    0.5614930391311646,
    0.13350461423397064,
    0.7037246823310852,
    0.15880948305130005,
    0.005343383178114891,
    0.108510322868824,
    0.8619722723960876,
    0.49716469645500183,
    0.2825806736946106,
    0.11412981152534485,
    0.000302196218399331,
    0.8411247134208679,
    0.6962453126907349,
    0.15426315367221832,
    0.5051038265228271,
    0.9537676572799683,
    0.3113149106502533,
    0.7141948342323303,
    0.4505426585674286,
    0.752349853515625,
    0.8141555190086365,
    0.7633128762245178,
    0.2761162519454956,
    0.6791070699691772,
    0.30474284291267395,
    0.8126683235168457,
    0.37658557295799255,
    0.6530317068099976,
    0.5025690793991089,
    0.6511329412460327,
    0.9676075577735901,
    0.07418036460876465,
    0.19054211676120758,
    0.2319076657295227,
    0.7373606562614441,
    0.5277776122093201,
    0.8411247730255127,
    0.029611248522996902,
    0.9739556312561035,
    0.07049667835235596,
    0.6105524301528931,
    0.7864785194396973,
    0.8683998584747314,
    0.41338783502578735,
    0.3588061034679413,
    0.9254818558692932,
    0.7374589443206787,
    0.7814341187477112,
    0.32620641589164734,
    0.9246494770050049,
    0.8586196303367615,
    0.9306326508522034,
    0.8135121464729309,
    0.9432908296585083,
    0.2519868314266205,
    0.14675535261631012,
    0.814581573009491,
    0.1177673190832138,
    0.39678114652633667,
    0.9107894897460938,
    0.9152458310127258,
    0.36252641677856445,
    0.610019326210022,
    0.020448865368962288,
    0.4606269299983978,
    0.9076682329177856,
    0.6147117018699646,
    0.18284161388874054,
    0.33877497911453247,
    0.2062375545501709,
    0.7838851809501648,
    0.13757149875164032,
    0.9111289978027344,
    0.04258333891630173,
    0.00376542448066175,
    0.5898037552833557,
    0.617641031742096,
    0.9393187761306763,
    0.6223483085632324,
    0.08194829523563385,
    0.2650703191757202,
    0.9287616014480591,
    0.5167672038078308,
    0.44490885734558105,
    0.11083152890205383,
    0.7204582691192627,
    0.8022006154060364,
    0.6727249026298523,
    0.7225646376609802,
    0.9860140085220337,
    0.4764878749847412,
    0.9449217319488525,
    0.7420501112937927,
    0.11804933100938797,
    0.20173010230064392,
    0.0530877411365509,
    0.5186156034469604,
    0.19418972730636597,
    0.1007709801197052,
    0.09864278137683868,
    0.03571169823408127,
    0.5176622867584229,
    0.027739977464079857,
    0.32264968752861023,
    0.013803267851471901,
    0.5012291669845581,
    0.7810917496681213,
    0.36341649293899536,
    0.030403416603803635,
    0.11134935170412064,
    0.13279418647289276,
    0.6404438614845276,
    0.35530245304107666,
    0.003642619587481022,
    0.16567039489746094,
    0.13671386241912842,
    0.15695951879024506,
    0.7695740461349487,
    0.7245527505874634,
    0.6014352440834045,
    0.03524067625403404,
    0.17257694900035858,
    0.21433642506599426,
    0.8507670164108276,
    0.2818681001663208,
    0.537837564945221,
    0.7214071154594421,
    0.14650285243988037,
    0.4230230748653412,
    0.09725293517112732,
    0.549540102481842,
    0.28816360235214233,
    0.60429847240448,
    0.7816048264503479,
    0.10116180777549744,
    0.7248768210411072,
    0.9940065145492554,
    0.04554376378655434,
    0.8709665536880493,
    0.07574199885129929,
    0.2567013204097748,
    0.10637837648391724,
    0.9739960432052612,
    0.9469252228736877,
    0.8711102604866028,
    0.3266071379184723,
    0.3399639427661896,
    0.4026739299297333,
    0.03989917412400246,
    0.2247161716222763,
    0.23236697912216187,
    0.5749892592430115,
    0.9075629711151123,
    0.5994035005569458,
    0.09372947365045547,
    0.38620150089263916,
    0.6401693820953369,
    0.4940693974494934,
    0.8845606446266174,
    0.27013447880744934,
