{
  "model": "GroupDRO",
  "protocol": "one_city_out_v2",
  "seed": 3,
  "timestamp": "2026-04-15T08:10:08.506007Z",
  "hyperparameters": {
    "architecture": "MLP-128-Drop-64-2",
    "optimizer": "Adam",
    "lr": 0.001,
    "weight_decay": 0.0001,
    "epochs": 100,
    "n_envs": 3,
    "pos_weight": 2.9341,
    "eta_grid": [
      0.001,
      0.01,
      0.1
    ],
    "best_eta": 0.1,
    "standardised": true
  },
  "test_metrics": {
    "acc": 0.7021943573667712,
    "macro_f1": 0.6832572091516248,
    "bal_acc": 0.7238534278959811,
    "nll": 0.6300532498906707,
    "ece": 0.4866829880025693,
    "brier": 0.21042799263793147
  },
  "test_probs": [
    0.7550503611564636,
    0.8863285779953003,
    0.20431485772132874,
    0.8538547158241272,
    0.17626625299453735,
    0.018106449395418167,
    0.19114060699939728,
    0.7553572654724121,
    0.07863108813762665,
    0.04248204454779625,
    0.46296730637550354,
    0.7554065585136414,
    0.7832245826721191,
    0.14282554388046265,
    0.4742550849914551,
    0.13278324902057648,
    0.0017567554023116827,
    0.11588211357593536,
    0.05883443355560303,
    0.7395823001861572,
    0.07752178609371185,
    0.49138808250427246,
    0.09904922544956207,
    0.6332556009292603,
    0.826834499835968,
    0.512753427028656,
    0.11835019290447235,
    0.6615726947784424,
    0.3895091116428375,
    0.0015174191212281585,
    0.43199965357780457,
    0.7899072170257568,
    0.3828543722629547,
    0.6189343333244324,
    0.7111371755599976,
    0.048573270440101624,
    0.689092755317688,
    0.8581681847572327,
    0.8520767092704773,
    0.8473932147026062,
    0.08518495410680771,
    0.2676686644554138,
    0.09385551512241364,
    0.8089417815208435,
    0.22440829873085022,
    0.027265265583992004,
    0.05580933019518852,
    0.7596712708473206,
    0.06699451059103012,
    0.06276000291109085,
    0.6157384514808655,
    0.5888798832893372,
    0.8625597357749939,
    0.026362279430031776,
    0.09351824969053268,
    0.17107053101062775,
    0.2219865471124649,
    0.11887303739786148,
    0.6860096454620361,
    0.15955905616283417,
    0.11781159043312073,
    0.531269907951355,
    0.4172661006450653,
    0.6934108138084412,
    0.49890321493148804,
    0.2996990978717804,
    0.46182161569595337,
    0.36647719144821167,
    0.19607645273208618,
    0.45145782828330994,
    0.5062271952629089,
    0.93552565574646,
    0.595920979976654,
    0.8374635577201843,
    0.8648806214332581,
    0.5817646980285645,
    0.3261721432209015,
    0.5498571395874023,
    0.2979418635368347,
    0.07469585537910461,
    0.6498218178749084,
    0.45868805050849915,
    0.2407337874174118,
    0.9483657479286194,
    0.7425477504730225,
    0.36695146560668945,
    0.5721305012702942,
    0.15295934677124023,
    0.0047202217392623425,
    0.318980872631073,
    0.1769467443227768,
    0.3701288104057312,
    0.28783196210861206,
    0.03269649296998978,
    0.14769087731838226,
    0.9055719375610352,
    0.8476950526237488,
    0.33161792159080505,
    0.5129098892211914,
    0.693572461605072,
    0.07167796045541763,
    0.4799109101295471,
    0.1771937906742096,
    0.009357883594930172,
    0.00020696975116152316,
    0.13359136879444122,
    0.0792207270860672,
    0.08543410152196884,
    0.7291409373283386,
    0.08091741055250168,
    0.6578124761581421,
    0.25665873289108276,
    0.17653165757656097,
    0.9500391483306885,
    0.005608980543911457,
    0.09574969857931137,
    0.39069661498069763,
    0.6736215949058533,
    0.0035237784031778574,
    0.07673567533493042,
    0.020651981234550476,
    0.0006228594575077295,
    0.2572934627532959,
    0.06454821676015854,
    0.8946032524108887,
    0.5050976872444153,
    0.10359181463718414,
    0.0025479441974312067,
    0.7235008478164673,
    0.777866542339325,
    0.7588977813720703,
    0.009583954699337482,
    0.5547903776168823,
    0.026755137369036674,
    0.7499690651893616,
    0.19588902592658997,
    0.970848560333252,
    0.03537273406982422,
    0.484729140996933,
    0.37871119379997253,
    0.1540861427783966,
    0.6554551124572754,
    0.18149612843990326,
    0.0839671939611435,
    0.08374691754579544,
    0.9115437269210815,
    0.5530431866645813,
    0.2582476735115051,
    0.06322892010211945,
    0.0010412326082587242,
    0.8533275127410889,
    0.3575725555419922,
    0.1276610791683197,
    0.6307209134101868,
    0.9414157867431641,
    0.08919913321733475,
    0.6465801000595093,
    0.6122356653213501,
    0.7357305288314819,
    0.8176356554031372,
    0.8503520488739014,
    0.31971538066864014,
    0.5668797492980957,
    0.41440561413764954,
    0.8793895840644836,
    0.46901705861091614,
    0.5396055579185486,
    0.5955919623374939,
    0.6751232743263245,
    0.8295786380767822,
    0.08789706230163574,
    0.25365498661994934,
    0.15700489282608032,
    0.7002406716346741,
    0.5409692525863647,
    0.7474614977836609,
    0.022400960326194763,
    0.9747179746627808,
    0.0868549793958664,
    0.41909855604171753,
    0.8101876974105835,
    0.8642639517784119,
    0.424317330121994,
    0.38315317034721375,
    0.8531836867332458,
    0.8102298974990845,
    0.8008967041969299,
    0.33298441767692566,
    0.8825559616088867,
    0.8439257740974426,
    0.9282520413398743,
    0.8525016903877258,
    0.9591882824897766,
    0.2429366409778595,
    0.14327633380889893,
    0.8086678981781006,
    0.12201884388923645,
    0.564254105091095,
    0.8357670307159424,
    0.9344938397407532,
    0.33271440863609314,
    0.5531035661697388,
    0.00726573821157217,
    0.20790928602218628,
    0.9058452248573303,
    0.2341277003288269,
    0.28257042169570923,
    0.327654093503952,
    0.24696531891822815,
    0.7120678424835205,
    0.08336475491523743,
    0.8822239637374878,
    0.12577436864376068,
    0.00630129175260663,
    0.40911805629730225,
    0.7351129055023193,
    0.9035877585411072,
    0.655415952205658,
    0.07061407715082169,
    0.3858282268047333,
    0.9100484251976013,
    0.6967542767524719,
    0.5098662376403809,
    0.48293429613113403,
    0.7641593217849731,
    0.7008385062217712,
    0.6390716433525085,
    0.25154614448547363,
    0.9852032661437988,
    0.5450411438941956,
    0.933699369430542,
    0.7622745633125305,
    0.033384937793016434,
    0.2912764847278595,
    0.08540064841508865,
    0.6413891315460205,
    0.3084059953689575,
    0.07672016322612762,
    0.06597448140382767,
    0.02730523608624935,
    0.3094702363014221,
    0.012372138909995556,
    0.15557217597961426,
    0.006363320630043745,
    0.6284717321395874,
    0.6562989950180054,
    0.5732285976409912,
    0.025721170008182526,
    0.1730349361896515,
    0.11948517709970474,
    0.6281158924102783,
    0.6336855888366699,
    0.000972229870967567,
    0.2974385917186737,
    0.17142832279205322,
    0.1227489784359932,
    0.8587858080863953,
    0.669888436794281,
    0.4531554877758026,
    0.05096925050020218,
    0.1942332237958908,
    0.15646624565124512,
    0.820647120475769,
    0.26647046208381653,
    0.5524846911430359,
    0.6724846959114075,
    0.2227175086736679,
    0.4052708148956299,
    0.09420697391033173,
    0.4989553689956665,
    0.5218232870101929,
    0.7037591338157654,
    0.7787463068962097,
    0.18981508910655975,
    0.9219914078712463,
    0.9938274025917053,
    0.10274790227413177,
    0.865987241268158,
    0.015613123774528503,
    0.5506142973899841,
    0.05787277594208717,
    0.9739589095115662,
    0.9009507298469543,
    0.8540540933609009,
    0.3761984407901764,
    0.18578416109085083,
    0.8700895309448242,
    0.04026103392243385,
    0.5756386518478394,
    0.2128603607416153,
    0.6464327573776245,
    0.9248232841491699,
    0.5005519986152649,
    0.12764158844947815,
    0.5065994262695312,
    0.6359915733337402,
    0.3838057518005371,
    0.8127683997154236,
    0.3943202495574951,
    0.8764196038246155,
