{
  "model": "GroupDRO",
  "protocol": "one_city_out_v2",
  "seed": 1,
  "timestamp": "2026-04-15T08:09:40.614839Z",
  "hyperparameters": {
    "architecture": "MLP-128-Drop-64-2",
    "optimizer": "Adam",
    "lr": 0.001,
    "weight_decay": 0.0001,
    "epochs": 100,
    "n_envs": 3,
    "pos_weight": 2.9341,
    "eta_grid": [
      0.001,
      0.01,
      0.1
    ],
    "best_eta": 0.01,
    "standardised": true
  },
  "test_metrics": {
    "acc": 0.7021943573667712,
    "macro_f1": 0.67885338843851,
    "bal_acc": 0.7114657210401891,
    "nll": 0.6627302116215111,
    "ece": 0.5013867127577712,
    "brier": 0.2198335502153042
  },
  "test_probs": [
    0.7797850370407104,
    0.8684889674186707,
    0.06475313007831573,
    0.800451934337616,
    0.17408718168735504,
    0.11555205285549164,
    0.13559691607952118,
    0.7290292978286743,
    0.04432284086942673,
    0.05431895703077316,
    0.24666140973567963,
    0.8511355519294739,
    0.4758727550506592,
    0.08720384538173676,
    0.41440287232398987,
    0.13582636415958405,
    0.00235823099501431,
    0.08045562356710434,
    0.08704022318124771,
    0.881078839302063,
    0.07940930128097534,
    0.5059269070625305,
    0.06447646766901016,
    0.6712459921836853,
    0.6391913294792175,
    0.420544296503067,
    0.09071042388677597,
    0.7053124308586121,
    0.6314632892608643,
    0.0011649365769699216,
    0.32913222908973694,
    0.7875550389289856,
    0.35135263204574585,
    0.7784804701805115,
    0.8280462026596069,
    0.046696241945028305,
    0.505522608757019,
    0.8435695171356201,
    0.9529877305030823,
    0.834294319152832,
    0.10470236837863922,
    0.18588988482952118,
    0.09249623864889145,
    0.791867196559906,
    0.1195426881313324,
    0.03144564479589462,
    0.12370916455984116,
    0.6751630306243896,
    0.036615047603845596,
    0.04893514886498451,
    0.7339593172073364,
    0.4772316515445709,
    0.9502084851264954,
    0.027492979541420937,
    0.047319088131189346,
    0.12629719078540802,
    0.15627321600914001,
    0.09865697473287582,
    0.7332842350006104,
    0.12821181118488312,
    0.10870487987995148,
    0.5097068548202515,
    0.19289499521255493,
    0.16494134068489075,
    0.44920235872268677,
    0.4289967715740204,
    0.6113407015800476,
    0.22764603793621063,
    0.14479131996631622,
    0.20290637016296387,
    0.6131192445755005,
    0.9602463841438293,
    0.43135225772857666,
    0.7333694696426392,
    0.826292872428894,
    0.6005080938339233,
    0.2710762917995453,
    0.8808857202529907,
    0.2592719793319702,
    0.032153744250535965,
    0.8853245973587036,
    0.20766562223434448,
    0.3421083986759186,
    0.942594051361084,
    0.8320103883743286,
    0.30895885825157166,
    0.5501443147659302,
    0.13530458509922028,
    0.006114600691944361,
    0.23327520489692688,
    0.16548995673656464,
    0.5131711959838867,
    0.19682417809963226,
    0.010157511569559574,
    0.17163144052028656,
    0.8802990317344666,
    0.8754175305366516,
    0.5511494874954224,
    0.447272926568985,
    0.6550801396369934,
    0.06768127530813217,
    0.361473023891449,
    0.32556095719337463,
    0.06092990189790726,
    0.0021419613622128963,
    0.08411304652690887,
    0.10664622485637665,
    0.024802163243293762,
    0.7401348352432251,
    0.16293586790561676,
    0.5542822480201721,
    0.23663435876369476,
    0.12969088554382324,
    0.967889130115509,
    0.007652501575648785,
    0.10193564742803574,
    0.1952163726091385,
    0.6400799751281738,
    0.0036509372293949127,
    0.058731406927108765,
    0.014824544079601765,
    0.030600538477301598,
    0.27527472376823425,
    0.09857935458421707,
    0.7756929993629456,
    0.5012366771697998,
    0.19342036545276642,
    0.0026614756789058447,
    0.6775389909744263,
    0.7883518934249878,
    0.6838171482086182,
    0.01367375161498785,
    0.67054682970047,
    0.02589176781475544,
    0.808703601360321,
    0.657563328742981,
    0.9801028370857239,
    0.020373111590743065,
    0.7131996154785156,
    0.4968787133693695,
    0.1453418731689453,
    0.6329131126403809,
    0.17873156070709229,
    0.4280734360218048,
    0.06135344132781029,
    0.8162830471992493,
    0.4095468521118164,
    0.4303992986679077,
    0.034172870218753815,
    0.00010050860146293417,
    0.7902709245681763,
    0.4922143816947937,
    0.08933105319738388,
    0.5498403310775757,
    0.9737943410873413,
    0.009807241149246693,
    0.7572803497314453,
    0.6212308406829834,
    0.7888122200965881,
    0.8842750191688538,
    0.7510486245155334,
    0.34467199444770813,
    0.4206671714782715,
    0.4984801709651947,
    0.8152640461921692,
    0.3475787937641144,
    0.7365053296089172,
    0.4708155393600464,
    0.7309183478355408,
    0.920779287815094,
    0.10612700879573822,
    0.17819422483444214,
    0.19899369776248932,
    0.6322341561317444,
    0.30302131175994873,
    0.7467125058174133,
    0.01721821539103985,
    0.9814892411231995,
    0.069403275847435,
    0.764642596244812,
    0.8155935406684875,
    0.9010708332061768,
    0.3581952154636383,
    0.3148688077926636,
    0.8907946348190308,
    0.7636796236038208,
    0.7998956441879272,
    0.3396075963973999,
    0.9328172206878662,
    0.8555459380149841,
    0.9404680132865906,
    0.8509504795074463,
    0.933745801448822,
    0.19834187626838684,
    0.039606306701898575,
    0.825211226940155,
    0.08868714421987534,
    0.48320892453193665,
    0.9238216280937195,
    0.9202357530593872,
    0.3187166452407837,
    0.5500326752662659,
    0.015111909247934818,
    0.36822766065597534,
    0.8928571343421936,
    0.5156186819076538,
    0.22230349481105804,
    0.32967448234558105,
    0.1885407418012619,
    0.8087906241416931,
    0.10570254921913147,
    0.8777512311935425,
    0.02488194778561592,
    0.006296961102634668,
    0.45536020398139954,
    0.5977551937103271,
    0.9504498839378357,
    0.6318500638008118,
    0.06418785452842712,
    0.2815341055393219,
    0.9451570510864258,
    0.7765612602233887,
    0.35092172026634216,
    0.16739511489868164,
    0.7565602660179138,
    0.7494619488716125,
    0.6337323784828186,
    0.27416279911994934,
    0.9901644587516785,
    0.4172592759132385,
    0.9509990811347961,
    0.8182458877563477,
    0.028144733980298042,
    0.1565551608800888,
    0.09786314517259598,
    0.4599589705467224,
    0.19560985267162323,
    0.08317030221223831,
    0.12928837537765503,
    0.0357762835919857,
    0.2660979926586151,
    0.024145377799868584,
    0.17617657780647278,
    0.011826961301267147,
    0.6375149488449097,
    0.6453397870063782,
    0.5113908052444458,
    0.0399564690887928,
    0.15951144695281982,
    0.17166440188884735,
    0.5352324843406677,
    0.8838863372802734,
    0.027798503637313843,
    0.31692400574684143,
    0.1666855812072754,
    0.27249419689178467,
    0.761802613735199,
    0.8005475401878357,
    0.5687040090560913,
    0.08391284942626953,
    0.1589706987142563,
    0.1469506174325943,
    0.8316487669944763,
    0.263673335313797,
    0.44773760437965393,
    0.6830124258995056,
    0.28834283351898193,
    0.41378337144851685,
    0.06745710968971252,
    0.41543668508529663,
    0.2768081724643707,
    0.6388583183288574,
    0.9596705436706543,
    0.11874403804540634,
    0.9419724941253662,
    0.9958561062812805,
    0.12911410629749298,
    0.8526527881622314,
    0.014379565604031086,
    0.6534591317176819,
    0.09950977563858032,
    0.9710679054260254,
    0.969047486782074,
    0.8474750518798828,
    0.3767342269420624,
    0.218875452876091,
    0.24331936240196228,
    0.05071067810058594,
    0.6150630116462708,
    0.24213533103466034,
    0.6034567952156067,
    0.9142749309539795,
    0.47517454624176025,
    0.0511275939643383,
    0.6497242450714111,
    0.8589473962783813,
    0.4079080820083618,
    0.8206696510314941,
    0.2153971791267395,
