{
  "mean_acc": [
    0.7834954302982602,
    0.7867666702683942,
    0.7739592169308487,
    0.7781641920007759,
    0.776003212299075
  ],
  "worst_acc": [
    0.5833333333333334,
    0.6013986013986014,
    0.5,
    0.5770887166236004,
    0.5833333333333334
  ],
  "mean_f1": [
    0.6888944561315564,
    0.6913190050367289,
    0.6723961295826275,
    0.679723177503103,
    0.6820007165035128
  ],
  "worst_f1": [
    0.44155844155844154,
    0.44155844155844154,
    0.44155844155844154,
    0.44155844155844154,
    0.44155844155844154
  ],
  "mean_bal_acc": [
    0.6884081236054933,
    0.690543023106079,
    0.6729869454331383,
    0.6790483666499253,
    0.6808547464182904
  ],
  "worst_bal_acc": [
    0.5,
    0.5,
    0.5,
    0.5,
    0.5
  ]
}