{
  "model": "GIRL",
  "protocol": "one_city_out_v2_geo_only",
  "seed": 1,
  "timestamp": "2026-04-17T20:24:37.817997Z",
  "hyperparameters": {
    "architecture": "SAGEConv-2layer+LinearHead",
    "hidden_dim": 64,
    "dropout": 0.5,
    "optimizer": "Adam",
    "lr": 0.01,
    "weight_decay": 0.0005,
    "epochs": 200,
    "batch_size": 256,
    "num_neighbors": [
      20,
      20
    ],
    "patience": 20,
    "n_envs": 3,
    "lam_grid": [
      0.0
    ],
    "mu_grid": [
      0.0001,
      0.001,
      0.01
    ],
    "best_lambda": 0.0,
    "best_mu": 0.0001,
    "scale_irm": "warmup",
    "scale_geo": 110086.11,
    "irm_warmup_epochs": 20,
    "pos_weight": 1.7129,
    "weighting": "sqrt_inv_freq"
  },
  "test_metrics": {
    "acc": 0.7272727272727273,
    "macro_f1": 0.6823181969070866,
    "bal_acc": 0.6889834515366431,
    "nll": 0.518652842685088,
    "ece": 0.4299685478584146,
    "brier": 0.17369078330238685
  },
  "test_probs": [
    0.5883223414421082,
    0.6814907789230347,
    0.24992531538009644,
    0.6295925378799438,
    0.13017551600933075,
    0.23486486077308655,
    0.13903532922267914,
    0.42851415276527405,
    0.17058371007442474,
    0.1117943525314331,
    0.36948394775390625,
    0.584636926651001,
    0.47173118591308594,
    0.09708032757043839,
    0.44327470660209656,
    0.17015443742275238,
    0.0361679308116436,
    0.22160302102565765,
    0.10891204327344894,
    0.6382601261138916,
    0.09119735658168793,
    0.46346282958984375,
    0.08216405659914017,
    0.5838839411735535,
    0.6549496650695801,
    0.3261585831642151,
    0.1432071179151535,
    0.5744850039482117,
    0.5996102690696716,
    0.00838684756308794,
    0.26871415972709656,
    0.6304780840873718,
    0.3409040868282318,
    0.44154536724090576,
    0.4978299140930176,
    0.12460663169622421,
    0.34905266761779785,
    0.6507484912872314,
    0.7518794536590576,
    0.6267480254173279,
    0.19979391992092133,
    0.19811251759529114,
    0.18775756657123566,
    0.6717663407325745,
    0.16020552814006805,
    0.10387654602527618,
    0.1396637111902237,
    0.6773818135261536,
    0.08305640518665314,
    0.12235543131828308,
    0.4422435760498047,
    0.4548579752445221,
    0.7211843132972717,
    0.05192849412560463,
    0.08377491682767868,
    0.13588576018810272,
    0.30005568265914917,
    0.16478057205677032,
    0.47722870111465454,
    0.13148990273475647,
    0.09758350253105164,
    0.30740851163864136,
    0.3028372824192047,
    0.33209484815597534,
    0.4344673156738281,
    0.3802461624145508,
    0.383030503988266,
    0.22803467512130737,
    0.33660683035850525,
    0.21110717952251434,
    0.519260585308075,
    0.7924016118049622,
    0.5278898477554321,
    0.6247255206108093,
    0.6600660681724548,
    0.4779534935951233,
    0.30515056848526,
    0.5572092533111572,
    0.18080337345600128,
    0.13504739105701447,
    0.6749904155731201,
    0.40758806467056274,
    0.31554192304611206,
    0.8268407583236694,
    0.6105433702468872,
    0.27033454179763794,
    0.4250451326370239,
    0.1297416388988495,
    0.035781510174274445,
    0.18888002634048462,
    0.20152102410793304,
    0.40180692076683044,
    0.2306821495294571,
    0.07152845710515976,
    0.1631602644920349,
    0.7069398760795593,
    0.6045176386833191,
    0.3578035831451416,
    0.3503236174583435,
    0.5542868375778198,
    0.08819620311260223,
    0.3335302472114563,
    0.2282203882932663,
    0.24982860684394836,
    0.02574537694454193,
    0.20597325265407562,
    0.09714408218860626,
    0.09749479591846466,
    0.4940167963504791,
    0.20828035473823547,
    0.5570612549781799,
    0.18569989502429962,
    0.2673986554145813,
    0.778366208076477,
    0.06609069555997849,
    0.16984246671199799,
    0.3262721598148346,
    0.5289711952209473,
    0.020563753321766853,
    0.08106283843517303,
    0.04867273196578026,
    0.11949115991592407,
    0.2538745701313019,
    0.09900135546922684,
    0.623115062713623,
    0.4314090609550476,
    0.18691007792949677,
    0.020278047770261765,
    0.5142796635627747,
    0.6024242043495178,
    0.49376532435417175,
    0.06825803965330124,
    0.47516298294067383,
    0.06884100288152695,
    0.6482473015785217,
    0.3377974033355713,
    0.8055342435836792,
    0.1479337513446808,
    0.437450110912323,
    0.5503249168395996,
    0.14183016121387482,
    0.42674294114112854,
    0.14120212197303772,
    0.17511972784996033,
    0.22197945415973663,
    0.5491610765457153,
    0.4029466509819031,
    0.5428465008735657,
    0.17164428532123566,
    0.012644145637750626,
    0.5222064256668091,
    0.3979366719722748,
    0.18605826795101166,
    0.31767863035202026,
    0.8230434060096741,
    0.08537863940000534,
    0.5649346709251404,
    0.554912269115448,
    0.61369389295578,
    0.6017438173294067,
    0.6260671615600586,
    0.3562014102935791,
    0.4872986376285553,
    0.4374848008155823,
    0.5971022248268127,
    0.2514313757419586,
    0.6126163005828857,
    0.5052474737167358,
    0.6056746244430542,
    0.6036127805709839,
    0.10817178338766098,
    0.18334920704364777,
    0.18859441578388214,
    0.46698111295700073,
    0.4009914696216583,
    0.6700060963630676,
    0.05300302430987358,
    0.8764808773994446,
    0.09012375771999359,
    0.48137855529785156,
    0.5766639113426208,
    0.5767456293106079,
    0.3896719515323639,
    0.2591889202594757,
    0.7233445644378662,
    0.593034565448761,
    0.6347601413726807,
    0.39455217123031616,
    0.740350067615509,
    0.56475830078125,
    0.6631547212600708,
    0.6598865985870361,
    0.716196596622467,
    0.2427573800086975,
    0.2140052616596222,
    0.592764675617218,
    0.1122167631983757,
    0.3956749141216278,
    0.6981522440910339,
    0.6291906833648682,
    0.2923099100589752,
    0.40231987833976746,
    0.06668231636285782,
    0.31908050179481506,
    0.740902841091156,
    0.39738890528678894,
    0.27507004141807556,
    0.2472078800201416,
    0.23105496168136597,
    0.6470531821250916,
    0.13684026896953583,
    0.6976154446601868,
    0.1860959827899933,
    0.01805751584470272,
    0.5543423891067505,
    0.38768270611763,
    0.7800477147102356,
    0.5076838731765747,
    0.0925193578004837,
    0.37609943747520447,
    0.7679460048675537,
    0.6019123196601868,
    0.47725164890289307,
    0.2930491268634796,
    0.5837219953536987,
    0.48579344153404236,
    0.5516277551651001,
    0.2604546844959259,
    0.8906366229057312,
    0.3335627615451813,
    0.7824957370758057,
    0.5390706062316895,
    0.2099398970603943,
    0.23721037805080414,
    0.11285107582807541,
    0.4685002267360687,
    0.2773611545562744,
    0.07810909301042557,
    0.14378216862678528,
    0.07463663816452026,
    0.31805387139320374,
    0.0981765016913414,
    0.18013659119606018,
    0.039053019136190414,
    0.4278824031352997,
    0.4172234833240509,
    0.4338793158531189,
    0.12270054966211319,
    0.20306983590126038,
    0.19209395349025726,
    0.48262539505958557,
    0.6463201642036438,
    0.05956517904996872,
    0.37646183371543884,
    0.12446191161870956,
    0.23322555422782898,
    0.6228263974189758,
    0.3998856842517853,
    0.31922560930252075,
    0.12293095141649246,
    0.30937692523002625,
    0.26568666100502014,
    0.6669927835464478,
    0.20598405599594116,
    0.36507683992385864,
    0.4376172125339508,
    0.3146878182888031,
    0.2861264944076538,
    0.15505468845367432,
    0.319362610578537,
    0.32919806241989136,
    0.4470040798187256,
    0.7567505240440369,
    0.30555856227874756,
    0.8235825896263123,
    0.921596884727478,
    0.2401859015226364,
    0.6869644522666931,
    0.152549147605896,
    0.16859301924705505,
    0.13067087531089783,
    0.8523412346839905,
    0.7626774311065674,
    0.5624631643295288,
    0.20264776051044464,
    0.2285108119249344,
    0.3837238848209381,
    0.2130933254957199,
