{
  "model": "GIRL",
  "protocol": "one_city_out_v2_geo_only",
  "seed": 2,
  "timestamp": "2026-04-17T20:33:29.694563Z",
  "hyperparameters": {
    "architecture": "SAGEConv-2layer+LinearHead",
    "hidden_dim": 64,
    "dropout": 0.5,
    "optimizer": "Adam",
    "lr": 0.01,
    "weight_decay": 0.0005,
    "epochs": 200,
    "batch_size": 256,
    "num_neighbors": [
      20,
      20
    ],
    "patience": 20,
    "n_envs": 3,
    "lam_grid": [
      0.0
    ],
    "mu_grid": [
      0.0001,
      0.001,
      0.01
    ],
    "best_lambda": 0.0,
    "best_mu": 0.0001,
    "scale_irm": "warmup",
    "scale_geo": 94616.51,
    "irm_warmup_epochs": 20,
    "pos_weight": 1.7129,
    "weighting": "sqrt_inv_freq"
  },
  "test_metrics": {
    "acc": 0.7210031347962382,
    "macro_f1": 0.6713434045262487,
    "bal_acc": 0.6752482269503546,
    "nll": 0.5351803716610066,
    "ece": 0.4708822034182594,
    "brier": 0.17739294303043673
  },
  "test_probs": [
    0.5691348910331726,
    0.6420508027076721,
    0.19630548357963562,
    0.6822443008422852,
    0.08941775560379028,
    0.07744236290454865,
    0.07391619682312012,
    0.4737652540206909,
    0.08407369256019592,
    0.05259421095252037,
    0.12054330110549927,
    0.5725589394569397,
    0.5711657404899597,
    0.044042523950338364,
    0.3452566862106323,
    0.0828867182135582,
    0.008924626745283604,
    0.0692271962761879,
    0.06256400793790817,
    0.5166222453117371,
    0.044140834361314774,
    0.22751381993293762,
    0.03402571380138397,
    0.5436924695968628,
    0.5171322822570801,
    0.2579592764377594,
    0.10762882977724075,
    0.5511332154273987,
    0.6038579940795898,
    0.0007978411158546805,
    0.24715664982795715,
    0.6297602653503418,
    0.43026405572891235,
    0.5141453742980957,
    0.5055420398712158,
    0.029920216649770737,
    0.18601275980472565,
    0.6500229835510254,
    0.7820077538490295,
    0.5603129267692566,
    0.188490629196167,
    0.07988481223583221,
    0.060162633657455444,
    0.6729755401611328,
    0.23831892013549805,
    0.03703479841351509,
    0.15716753900051117,
    0.5541126132011414,
    0.03274388983845711,
    0.08186066895723343,
    0.4997037351131439,
    0.3100142478942871,
    0.6775640845298767,
    0.026918012648820877,
    0.02876664511859417,
    0.08672463148832321,
    0.10278040170669556,
    0.09199876338243484,
    0.47645530104637146,
    0.13500984013080597,
    0.045564278960227966,
    0.19506442546844482,
    0.2692813277244568,
    0.40579530596733093,
    0.21115919947624207,
    0.41394445300102234,
    0.3209236264228821,
    0.09293658286333084,
    0.2538643479347229,
    0.1553325355052948,
    0.5122156739234924,
    0.7608146071434021,
    0.3830614387989044,
    0.6203052401542664,
    0.6318375468254089,
    0.4419904053211212,
    0.2212544083595276,
    0.6902153491973877,
    0.12670361995697021,
    0.07371345162391663,
    0.687989354133606,
    0.30746886134147644,
    0.1774265617132187,
    0.8239672780036926,
    0.5272956490516663,
    0.13209182024002075,
    0.6749323010444641,
    0.10510732978582382,
    0.002863534726202488,
    0.15536676347255707,
    0.10284510999917984,
    0.3281859755516052,
    0.33469489216804504,
    0.02659001015126705,
    0.11831270158290863,
    0.7143406867980957,
    0.6094657182693481,
    0.33890435099601746,
    0.31668245792388916,
    0.6141814589500427,
    0.02832910045981407,
    0.270061194896698,
    0.15661881864070892,
    0.24619074165821075,
    0.0010066665709018707,
    0.11086931079626083,
    0.05974961817264557,
    0.1970340460538864,
    0.5794230103492737,
    0.07295462489128113,
    0.5571979880332947,
    0.11531192809343338,
    0.3720446228981018,
    0.7526298761367798,
    0.022847816348075867,
    0.07886655628681183,
    0.2040063738822937,
    0.299022912979126,
    0.0018108005169779062,
    0.06054959446191788,
    0.008502715267241001,
    0.2106652408838272,
    0.14842715859413147,
    0.21262125670909882,
    0.6402323246002197,
    0.335982084274292,
    0.06983332335948944,
    0.000948868109844625,
    0.46416130661964417,
    0.5885991454124451,
    0.4224326014518738,
    0.008909144438803196,
    0.4137440621852875,
    0.03484201803803444,
    0.6315280199050903,
    0.14524295926094055,
    0.8281017541885376,
    0.03755015507340431,
    0.43818962574005127,
    0.5626102685928345,
    0.06975731998682022,
    0.4573044776916504,
    0.08626555651426315,
    0.07084297388792038,
    0.15404076874256134,
    0.56882244348526,
    0.3074128329753876,
    0.2563709616661072,
    0.10917830467224121,
    0.006571482867002487,
    0.4084368050098419,
    0.4637601375579834,
    0.04946945607662201,
    0.39477306604385376,
    0.7766919136047363,
    0.3493177592754364,
    0.40262535214424133,
    0.462005078792572,
    0.5996426343917847,
    0.608048141002655,
    0.5244613289833069,
    0.28407615423202515,
    0.5170267224311829,
    0.2833692729473114,
    0.6467133164405823,
    0.1737702190876007,
    0.6121883988380432,
    0.4599654972553253,
    0.5569649338722229,
    0.5545554161071777,
    0.053441040217876434,
    0.11106783151626587,
    0.15269231796264648,
    0.3657938241958618,
    0.17837044596672058,
    0.5741450190544128,
    0.03575519844889641,
    0.8995766639709473,
    0.03649764880537987,
    0.46359387040138245,
    0.5667874217033386,
    0.6374413967132568,
    0.32755210995674133,
    0.1595480740070343,
    0.8145788311958313,
    0.5211859941482544,
    0.6199484467506409,
    0.5247782468795776,
    0.6679573655128479,
    0.6264119148254395,
    0.6830878853797913,
    0.6179153919219971,
    0.7609827518463135,
    0.2795197665691376,
    0.10219579935073853,
    0.5538394451141357,
    0.10156503319740295,
    0.2915682792663574,
    0.7698672413825989,
    0.6663562655448914,
    0.17729659378528595,
    0.47576746344566345,
    0.011095324531197548,
    0.22056356072425842,
    0.7462469935417175,
    0.3620712459087372,
    0.07029269635677338,
    0.10618908703327179,
    0.14646662771701813,
    0.5655025839805603,
    0.06533727049827576,
    0.6897246241569519,
    0.03532875329256058,
    0.002335138386115432,
    0.40793219208717346,
    0.3139213025569916,
    0.7373745441436768,
    0.3158807158470154,
    0.06605148315429688,
    0.19999949634075165,
    0.7297399044036865,
    0.5559371709823608,
    0.42192667722702026,
    0.13104714453220367,
    0.30473610758781433,
    0.47580069303512573,
    0.455422580242157,
    0.2982069253921509,
    0.8891021609306335,
    0.30569666624069214,
    0.7966722249984741,
    0.47862541675567627,
    0.06393972039222717,
    0.13937658071517944,
    0.04648996517062187,
    0.2143649309873581,
    0.14122940599918365,
    0.038497477769851685,
    0.06316104531288147,
    0.047050971537828445,
    0.2356027513742447,
    0.06208132579922676,
    0.1306401938199997,
    0.009981775656342506,
    0.5101479291915894,
    0.5449652075767517,
    0.5306329131126404,
    0.04316212981939316,
    0.059905506670475006,
    0.11860914528369904,
    0.40750977396965027,
    0.5247721672058105,
    0.0026516516227275133,
    0.17282727360725403,
    0.0674617737531662,
    0.07502888143062592,
    0.6176204085350037,
    0.48823848366737366,
    0.4983077347278595,
    0.06740489602088928,
    0.15621133148670197,
    0.10913669317960739,
    0.6731455326080322,
    0.18327999114990234,
    0.2588019371032715,
    0.4072515666484833,
    0.16552534699440002,
    0.18499772250652313,
    0.11952611804008484,
    0.2877732217311859,
    0.4057787358760834,
    0.3658972978591919,
    0.7510547041893005,
    0.08430641889572144,
    0.8225345015525818,
    0.9453796744346619,
    0.12144877761602402,
    0.6716104745864868,
    0.07127176225185394,
    0.5158188939094543,
    0.11525470018386841,
    0.881641685962677,
    0.7510092258453369,
    0.6216357946395874,
    0.12259936332702637,
    0.08831751346588135,
