{
  "model": "GIRL",
  "protocol": "one_city_out_v2_geo_only",
  "seed": 0,
  "timestamp": "2026-04-17T20:15:57.045475Z",
  "hyperparameters": {
    "architecture": "SAGEConv-2layer+LinearHead",
    "hidden_dim": 64,
    "dropout": 0.5,
    "optimizer": "Adam",
    "lr": 0.01,
    "weight_decay": 0.0005,
    "epochs": 200,
    "batch_size": 256,
    "num_neighbors": [
      20,
      20
    ],
    "patience": 20,
    "n_envs": 3,
    "lam_grid": [
      0.0
    ],
    "mu_grid": [
      0.0001,
      0.001,
      0.01
    ],
    "best_lambda": 0.0,
    "best_mu": 0.0001,
    "scale_irm": "warmup",
    "scale_geo": 101217.32,
    "irm_warmup_epochs": 20,
    "pos_weight": 1.7129,
    "weighting": "sqrt_inv_freq"
  },
  "test_metrics": {
    "acc": 0.7429467084639498,
    "macro_f1": 0.6868655429994255,
    "bal_acc": 0.6846099290780141,
    "nll": 0.5154242050230256,
    "ece": 0.46710363303699454,
    "brier": 0.1707823385640512
  },
  "test_probs": [
    0.48145022988319397,
    0.7262589931488037,
    0.2012184113264084,
    0.6199457049369812,
    0.16387906670570374,
    0.14464454352855682,
    0.1700212061405182,
    0.3931359350681305,
    0.13097025454044342,
    0.06936953216791153,
    0.15401288866996765,
    0.5199621319770813,
    0.4674976170063019,
    0.05774254351854324,
    0.2540263831615448,
    0.13248176872730255,
    0.002210835926234722,
    0.054117463529109955,
    0.03303930163383484,
    0.6103882193565369,
    0.08905351161956787,
    0.20088708400726318,
    0.050415027886629105,
    0.5496818423271179,
    0.4300089478492737,
    0.31583860516548157,
    0.11564146727323532,
    0.5354541540145874,
    0.631479024887085,
    0.002574556041508913,
    0.2295961081981659,
    0.585715115070343,
    0.274102121591568,
    0.3945222496986389,
    0.3809340000152588,
    0.04376700893044472,
    0.24351927638053894,
    0.65891033411026,
    0.7674373984336853,
    0.6387337446212769,
    0.11207655817270279,
    0.10210271924734116,
    0.10103871673345566,
    0.8298383951187134,
    0.13562022149562836,
    0.03544079139828682,
    0.09947799891233444,
    0.5974319577217102,
    0.09326188266277313,
    0.08896523714065552,
    0.4000851511955261,
    0.2706965208053589,
    0.7591808438301086,
    0.025185760110616684,
    0.03394146263599396,
    0.10251178592443466,
    0.13298791646957397,
    0.10272842645645142,
    0.43878665566444397,
    0.11719519644975662,
    0.07719042897224426,
    0.33100029826164246,
    0.30606478452682495,
    0.6113726496696472,
    0.19174450635910034,
    0.3077555298805237,
    0.3669683635234833,
    0.15821956098079681,
    0.2179069072008133,
    0.14783847332000732,
    0.5079110264778137,
    0.8703349232673645,
    0.43220242857933044,
    0.6828213930130005,
    0.7621513605117798,
    0.32828080654144287,
    0.20831738412380219,
    0.6344848275184631,
    0.16575759649276733,
    0.18561476469039917,
    0.6191583275794983,
    0.31026583909988403,
    0.3083641827106476,
    0.9287815093994141,
    0.5955718159675598,
    0.2863289415836334,
    0.7163283228874207,
    0.1315060704946518,
    0.005169795360416174,
    0.16981664299964905,
    0.12696081399917603,
    0.22470465302467346,
    0.17629671096801758,
    0.04193709418177605,
    0.157387375831604,
    0.7810866236686707,
    0.6277419328689575,
    0.12473638355731964,
    0.3494289517402649,
    0.610252320766449,
    0.051973480731248856,
    0.2507856786251068,
    0.12325876951217651,
    0.17253512144088745,
    0.0036717955954372883,
    0.17094109952449799,
    0.05486699566245079,
    0.16941000521183014,
    0.4738844335079193,
    0.0942964032292366,
    0.49172505736351013,
    0.16998884081840515,
    0.3362298905849457,
    0.8512608408927917,
    0.005725252907723188,
    0.11305563896894455,
    0.3319109380245209,
    0.4226517975330353,
    0.003782506100833416,
    0.08367040753364563,
    0.017473746091127396,
    0.12165030092000961,
    0.17237602174282074,
    0.11368827521800995,
    0.6381482481956482,
    0.2822341322898865,
    0.06185329705476761,
    0.001224399427883327,
    0.4826202988624573,
    0.5845832228660583,
    0.32420027256011963,
    0.020374959334731102,
    0.3167356550693512,
    0.02500729449093342,
    0.5668577551841736,
    0.2678844630718231,
    0.7918891310691833,
    0.06947201490402222,
    0.3791176378726959,
    0.4455634355545044,
    0.12083911895751953,
    0.30857953429222107,
    0.12838532030582428,
    0.16351525485515594,
    0.14637704193592072,
    0.4270646274089813,
    0.39343133568763733,
    0.2795402705669403,
    0.11217735707759857,
    0.010417149402201176,
    0.3155461847782135,
    0.4008926749229431,
    0.06413614749908447,
    0.41826069355010986,
    0.8271806240081787,
    0.35097724199295044,
    0.39780735969543457,
    0.548469066619873,
    0.5709988474845886,
    0.6035001873970032,
    0.6596336960792542,
    0.24661871790885925,
    0.5299607515335083,
    0.3603425920009613,
    0.6364172101020813,
    0.19582326710224152,
    0.5907034277915955,
    0.30087053775787354,
    0.4408835172653198,
    0.7766280174255371,
    0.09291744977235794,
    0.15165680646896362,
    0.08366470783948898,
    0.37293291091918945,
    0.1613413691520691,
    0.49283140897750854,
    0.05691514536738396,
    0.9586390256881714,
    0.05215797945857048,
    0.65237957239151,
    0.5549145936965942,
    0.635802149772644,
    0.3278074860572815,
    0.15053053200244904,
    0.7712126970291138,
    0.6605669260025024,
    0.6613332629203796,
    0.5391209125518799,
    0.8361643552780151,
    0.5568158626556396,
    0.705536961555481,
    0.6869059205055237,
    0.7850706577301025,
    0.07820971310138702,
    0.23492632806301117,
    0.6193602681159973,
    0.12176228314638138,
    0.29754385352134705,
    0.7383672595024109,
    0.6086230874061584,
    0.23513759672641754,
    0.46582576632499695,
    0.009475638158619404,
    0.17107421159744263,
    0.760016679763794,
    0.3739502727985382,
    0.1346234381198883,
    0.14963750541210175,
    0.11546193063259125,
    0.48439666628837585,
    0.1026531308889389,
    0.725116491317749,
    0.1082972064614296,
    0.004029183182865381,
    0.5010334849357605,
    0.3068462312221527,
    0.7393749952316284,
    0.3034898042678833,
    0.09727807343006134,
    0.2072647660970688,
    0.8019753694534302,
    0.40606364607810974,
    0.5039615631103516,
    0.3740469217300415,
    0.35509049892425537,
    0.44740763306617737,
    0.37831369042396545,
    0.13410045206546783,
    0.9124541282653809,
    0.3148822784423828,
    0.8331086039543152,
    0.5469529032707214,
    0.07681175321340561,
    0.15054652094841003,
    0.038316383957862854,
    0.31593820452690125,
    0.264817476272583,
    0.03796786069869995,
    0.0441158302128315,
    0.08077695220708847,
    0.3511964678764343,
    0.06389393657445908,
    0.13918383419513702,
    0.01586422324180603,
    0.4084746539592743,
    0.470091849565506,
    0.5139036774635315,
    0.030084596946835518,
    0.20357225835323334,
    0.08206218481063843,
    0.4154885411262512,
    0.5847384929656982,
    0.01551868487149477,
    0.5688394904136658,
    0.1419612467288971,
    0.1465974897146225,
    0.5266323089599609,
    0.33147865533828735,
    0.3014954924583435,
    0.08900902420282364,
    0.1895049512386322,
    0.1415376514196396,
    0.5797312259674072,
    0.21501708030700684,
    0.2598510682582855,
    0.4118961989879608,
    0.1710282415151596,
    0.17966699600219727,
    0.11622011661529541,
    0.2455255538225174,
    0.27194932103157043,
    0.33290591835975647,
    0.9089846014976501,
    0.10151435434818268,
    0.7955621480941772,
    0.9802985787391663,
    0.4892132878303528,
    0.7509610652923584,
    0.12482535094022751,
    0.19599942862987518,
    0.08351094275712967,
    0.8961001038551331,
    0.7726671099662781,
    0.6202922463417053,
    0.14429928362369537,
    0.17002759873867035,
