{
  "model": "GIRL",
  "protocol": "one_city_out_v2_geo_only",
  "seed": 3,
  "timestamp": "2026-04-17T20:41:33.559815Z",
  "hyperparameters": {
    "architecture": "SAGEConv-2layer+LinearHead",
    "hidden_dim": 64,
    "dropout": 0.5,
    "optimizer": "Adam",
    "lr": 0.01,
    "weight_decay": 0.0005,
    "epochs": 200,
    "batch_size": 256,
    "num_neighbors": [
      20,
      20
    ],
    "patience": 20,
    "n_envs": 3,
    "lam_grid": [
      0.0
    ],
    "mu_grid": [
      0.0001,
      0.001,
      0.01
    ],
    "best_lambda": 0.0,
    "best_mu": 0.001,
    "scale_irm": "warmup",
    "scale_geo": 88746.88,
    "irm_warmup_epochs": 20,
    "pos_weight": 1.7129,
    "weighting": "sqrt_inv_freq"
  },
  "test_metrics": {
    "acc": 0.7178683385579937,
    "macro_f1": 0.6757251287611818,
    "bal_acc": 0.6854137115839244,
    "nll": 0.5200499828155707,
    "ece": 0.43056340920841063,
    "brier": 0.1740570784784708
  },
  "test_probs": [
    0.5575665235519409,
    0.7284995913505554,
    0.2980704605579376,
    0.6606294512748718,
    0.14341409504413605,
    0.13875505328178406,
    0.1555403769016266,
    0.5238709449768066,
    0.17575661838054657,
    0.06508011370897293,
    0.21884885430335999,
    0.5630300045013428,
    0.49370384216308594,
    0.07975537329912186,
    0.37235739827156067,
    0.13883821666240692,
    0.04898346588015556,
    0.17295922338962555,
    0.11392734944820404,
    0.5624142289161682,
    0.11430595070123672,
    0.3602023422718048,
    0.053054291754961014,
    0.4568859040737152,
    0.6189220547676086,
    0.3246597647666931,
    0.14919041097164154,
    0.49112391471862793,
    0.654344916343689,
    0.02693687193095684,
    0.2645563781261444,
    0.5971909761428833,
    0.3816668391227722,
    0.3994077742099762,
    0.517400860786438,
    0.10651765763759613,
    0.3368013799190521,
    0.6609123945236206,
    0.7691487669944763,
    0.6829175353050232,
    0.19810158014297485,
    0.11844448745250702,
    0.1592424213886261,
    0.7912557125091553,
    0.21447090804576874,
    0.11250032484531403,
    0.20971302688121796,
    0.5965811610221863,
    0.08123698085546494,
    0.14839757978916168,
    0.4899147152900696,
    0.516435444355011,
    0.7527853846549988,
    0.05609199032187462,
    0.042381297796964645,
    0.13245134055614471,
    0.21596983075141907,
    0.14013659954071045,
    0.4872986376285553,
    0.14375315606594086,
    0.08081385493278503,
    0.34876900911331177,
    0.4075983166694641,
    0.35992127656936646,
    0.3864947259426117,
    0.2269718050956726,
    0.42635631561279297,
    0.23169754445552826,
    0.3468955457210541,
    0.15621155500411987,
    0.5739380717277527,
    0.8279147148132324,
    0.602662205696106,
    0.6750918626785278,
    0.7527631521224976,
    0.48052889108657837,
    0.27315711975097656,
    0.5983315110206604,
    0.14441129565238953,
    0.1832638382911682,
    0.6269940733909607,
    0.46892863512039185,
    0.36463502049446106,
    0.8943777084350586,
    0.593291163444519,
    0.21801862120628357,
    0.5923752188682556,
    0.13357414305210114,
    0.03872538357973099,
    0.12996098399162292,
    0.14226080477237701,
    0.39263445138931274,
    0.280867338180542,
    0.0899757593870163,
    0.15246878564357758,
    0.8083052635192871,
    0.6439234018325806,
    0.29194116592407227,
    0.3520306348800659,
    0.5526545643806458,
    0.09563818573951721,
    0.2970144748687744,
    0.14322936534881592,
    0.16510151326656342,
    0.021365568041801453,
    0.24038034677505493,
    0.11902990937232971,
    0.19268427789211273,
    0.48485255241394043,
    0.11759014427661896,
    0.5050125122070312,
    0.19541612267494202,
    0.2641439437866211,
    0.8151849508285522,
    0.0717170238494873,
    0.16363570094108582,
    0.32499444484710693,
    0.42454758286476135,
    0.02359740622341633,
    0.08384829759597778,
    0.0391814224421978,
    0.08408020436763763,
    0.20452328026294708,
    0.18317091464996338,
    0.6134662628173828,
    0.5801037549972534,
    0.1608802080154419,
    0.022010231390595436,
    0.527275562286377,
    0.6690412163734436,
    0.5044656991958618,
    0.07038769870996475,
    0.4857940077781677,
    0.0429549440741539,
    0.6768211126327515,
    0.2920722961425781,
    0.88746178150177,
    0.07526048272848129,
    0.38294336199760437,
    0.5092374682426453,
    0.12377502769231796,
    0.48299840092658997,
    0.12376721948385239,
    0.12669655680656433,
    0.17692965269088745,
    0.5560106039047241,
    0.4557749629020691,
    0.4692023694515228,
    0.21333125233650208,
    0.04596366733312607,
    0.537584662437439,
    0.46392378211021423,
    0.2142542451620102,
    0.38180023431777954,
    0.8601906299591064,
    0.18985982239246368,
    0.5109759569168091,
    0.5169991254806519,
    0.6407203078269958,
    0.612701416015625,
    0.5900390148162842,
    0.39550402760505676,
    0.5784479975700378,
    0.384056031703949,
    0.621176540851593,
    0.23032504320144653,
    0.6549095511436462,
    0.46790385246276855,
    0.567800760269165,
    0.5476776361465454,
    0.11937353014945984,
    0.19012323021888733,
    0.1629914492368698,
    0.5493525266647339,
    0.3130345642566681,
    0.7462731003761292,
    0.050849296152591705,
    0.9445662498474121,
    0.058160267770290375,
    0.5002465844154358,
    0.5833885669708252,
    0.6507580876350403,
    0.36511990427970886,
    0.1887371689081192,
    0.7504379153251648,
    0.6080942749977112,
    0.6735474467277527,
    0.3680451512336731,
    0.7162473797798157,
    0.6124225854873657,
    0.7178714275360107,
    0.6987311244010925,
    0.8037075996398926,
    0.3471774458885193,
    0.3437417149543762,
    0.6130689978599548,
    0.15862420201301575,
    0.3859477639198303,
    0.7329333424568176,
    0.6643207669258118,
    0.28341400623321533,
    0.38929322361946106,
    0.06194649636745453,
    0.2111494392156601,
    0.7967867255210876,
    0.41974982619285583,
    0.2175474762916565,
    0.25384846329689026,
    0.18972565233707428,
    0.5177158713340759,
    0.1490122377872467,
    0.726692795753479,
    0.13915497064590454,
    0.025691265240311623,
    0.4474993050098419,
    0.3517681658267975,
    0.7408497929573059,
    0.38281452655792236,
    0.09737034887075424,
    0.3159390985965729,
    0.7880914211273193,
    0.5227794647216797,
    0.4986847937107086,
    0.3388240933418274,
    0.3352227807044983,
    0.4873449504375458,
    0.5279921293258667,
    0.3241153955459595,
    0.8999799489974976,
    0.3676871955394745,
    0.826409637928009,
    0.512660562992096,
    0.1516987383365631,
    0.14202958345413208,
    0.08525335043668747,
    0.4497074782848358,
    0.32196885347366333,
    0.10482852905988693,
    0.15013810992240906,
    0.10395186394453049,
    0.41533786058425903,
    0.16207925975322723,
    0.17159390449523926,
    0.03503311797976494,
    0.49358734488487244,
    0.4113446772098541,
    0.5249606966972351,
    0.1215486004948616,
    0.1695806086063385,
    0.21538357436656952,
    0.4947203993797302,
    0.549471914768219,
    0.037956755608320236,
    0.5523844361305237,
    0.12312933802604675,
    0.13139823079109192,
    0.5595240592956543,
    0.6043874025344849,
    0.37015971541404724,
    0.13019926846027374,
    0.3866349458694458,
    0.28142040967941284,
    0.6660820841789246,
    0.15814289450645447,
    0.3383588492870331,
    0.4953777492046356,
    0.27551451325416565,
    0.20836159586906433,
    0.11176224052906036,
    0.3841656446456909,
    0.39804431796073914,
    0.4953203499317169,
    0.7511041760444641,
    0.2246192842721939,
    0.835338830947876,
    0.954310417175293,
    0.34966227412223816,
    0.7428194284439087,
    0.22514112293720245,
    0.4619269371032715,
    0.09340668469667435,
    0.8932592272758484,
    0.7738153338432312,
    0.6207680702209473,
    0.17091822624206543,
    0.14513027667999268,
    0.432435005903244,
    0.1447034776210785,
