{
  "model": "GIRL",
  "protocol": "one_city_out_v2_geo_only",
  "seed": 4,
  "timestamp": "2026-04-17T20:49:34.569409Z",
  "hyperparameters": {
    "architecture": "SAGEConv-2layer+LinearHead",
    "hidden_dim": 64,
    "dropout": 0.5,
    "optimizer": "Adam",
    "lr": 0.01,
    "weight_decay": 0.0005,
    "epochs": 200,
    "batch_size": 256,
    "num_neighbors": [
      20,
      20
    ],
    "patience": 20,
    "n_envs": 3,
    "lam_grid": [
      0.0
    ],
    "mu_grid": [
      0.0001,
      0.001,
      0.01
    ],
    "best_lambda": 0.0,
    "best_mu": 0.001,
    "scale_irm": "warmup",
    "scale_geo": 97847.87,
    "irm_warmup_epochs": 20,
    "pos_weight": 1.7129,
    "weighting": "sqrt_inv_freq"
  },
  "test_metrics": {
    "acc": 0.7398119122257053,
    "macro_f1": 0.6860571279509586,
    "bal_acc": 0.68548463356974,
    "nll": 0.5091559963275294,
    "ece": 0.4415350317207623,
    "brier": 0.16953978464227487
  },
  "test_probs": [
    0.5418179631233215,
    0.7186126112937927,
    0.19662468135356903,
    0.6903069019317627,
    0.1321515291929245,
    0.28154054284095764,
    0.11009862273931503,
    0.4416828155517578,
    0.1264355331659317,
    0.11446373164653778,
    0.24157820641994476,
    0.562468409538269,
    0.3941338360309601,
    0.07030793279409409,
    0.41257739067077637,
    0.12411798536777496,
    0.021232513710856438,
    0.15732106566429138,
    0.08031167089939117,
    0.4884323477745056,
    0.09076743572950363,
    0.43733227252960205,
    0.07218380272388458,
    0.4745393395423889,
    0.7065138220787048,
    0.27688392996788025,
    0.18168137967586517,
    0.7090718746185303,
    0.5298395752906799,
    0.010056938976049423,
    0.27313414216041565,
    0.6392321586608887,
    0.4254010021686554,
    0.469421923160553,
    0.4471871554851532,
    0.08941565454006195,
    0.27097734808921814,
    0.6919117569923401,
    0.7760244011878967,
    0.5757883191108704,
    0.14116431772708893,
    0.13822363317012787,
    0.08719819784164429,
    0.640345573425293,
    0.210223987698555,
    0.10324040800333023,
    0.12322437763214111,
    0.7025692462921143,
    0.0895756259560585,
    0.07500220835208893,
    0.4547588527202606,
    0.45536693930625916,
    0.8296957612037659,
    0.04888145253062248,
    0.05667916312813759,
    0.15303105115890503,
    0.26149967312812805,
    0.14334426820278168,
    0.4665651023387909,
    0.11870426684617996,
    0.08997207880020142,
    0.3208942115306854,
    0.2806118428707123,
    0.2627467215061188,
    0.4321742057800293,
    0.2716076374053955,
    0.4737125039100647,
    0.1762426644563675,
    0.3685236871242523,
    0.1713690310716629,
    0.43297818303108215,
    0.8752889037132263,
    0.4252913296222687,
    0.6593329906463623,
    0.6328123211860657,
    0.4400031864643097,
    0.3141458332538605,
    0.4630414843559265,
    0.1907235085964203,
    0.1113220602273941,
    0.6247174143791199,
    0.5562283992767334,
    0.30862945318222046,
    0.8530815243721008,
    0.5932947993278503,
    0.2704981863498688,
    0.3921007513999939,
    0.09114337712526321,
    0.03985036537051201,
    0.1522926539182663,
    0.17036032676696777,
    0.33668556809425354,
    0.19311681389808655,
    0.08767300099134445,
    0.11575683206319809,
    0.7062554955482483,
    0.59656822681427,
    0.2100772261619568,
    0.28218698501586914,
    0.4719404876232147,
    0.052340611815452576,
    0.2773226499557495,
    0.1445777416229248,
    0.18766090273857117,
    0.009388132020831108,
    0.15400683879852295,
    0.0750657171010971,
    0.3162597417831421,
    0.4674348533153534,
    0.14481224119663239,
    0.6304603815078735,
    0.1609380841255188,
    0.25235530734062195,
    0.8907402753829956,
    0.04650832712650299,
    0.14429369568824768,
    0.32616302371025085,
    0.5047101378440857,
    0.027817225083708763,
    0.0643080547451973,
    0.025666294619441032,
    0.13762593269348145,
    0.21742825210094452,
    0.07104078680276871,
    0.6258776187896729,
    0.38008683919906616,
    0.1449289172887802,
    0.027685189619660378,
    0.46382978558540344,
    0.5717850923538208,
    0.46694865822792053,
    0.06521894037723541,
    0.4979487657546997,
    0.048075828701257706,
    0.5695685744285583,
    0.3356225788593292,
    0.8528700470924377,
    0.10281945765018463,
    0.3852737843990326,
    0.5566903352737427,
    0.09701164811849594,
    0.43344971537590027,
    0.1626872420310974,
    0.16995273530483246,
    0.21048039197921753,
    0.48640909790992737,
    0.4644148647785187,
    0.5212746262550354,
    0.056021057069301605,
    0.08840702474117279,
    0.5057198405265808,
    0.415962278842926,
    0.1929909735918045,
    0.3572988510131836,
    0.9035094976425171,
    0.2522319257259369,
    0.4399835467338562,
    0.3504766523838043,
    0.5745124816894531,
    0.6709399819374084,
    0.6317540407180786,
    0.37757885456085205,
    0.5131504535675049,
    0.4227783679962158,
    0.5135541558265686,
    0.2754221260547638,
    0.66300368309021,
    0.5232716202735901,
    0.5908340215682983,
    0.5187733769416809,
    0.10493955761194229,
    0.16183145344257355,
    0.1227881908416748,
    0.4025554656982422,
    0.3743264973163605,
    0.740597128868103,
    0.03808227926492691,
    0.9208633303642273,
    0.06374625116586685,
    0.4804370105266571,
    0.5241281986236572,
    0.5488934516906738,
    0.3551536202430725,
    0.26151278614997864,
    0.7361395955085754,
    0.5859889984130859,
    0.6125951409339905,
    0.5246493816375732,
    0.8073692917823792,
    0.5496954321861267,
    0.6062294840812683,
    0.7220996022224426,
    0.7767794728279114,
    0.2779601812362671,
    0.17997197806835175,
    0.5443528294563293,
    0.1121356189250946,
    0.39737239480018616,
    0.8092073798179626,
    0.5661613941192627,
    0.2801100015640259,
    0.35145318508148193,
    0.061248261481523514,
    0.27173513174057007,
    0.8541640043258667,
    0.4207877218723297,
    0.23697397112846375,
    0.17294102907180786,
    0.28534913063049316,
    0.6050252318382263,
    0.10491496324539185,
    0.749661386013031,
    0.10663148015737534,
    0.016459070146083832,
    0.5118845701217651,
    0.3084176480770111,
    0.8354411125183105,
    0.40974971652030945,
    0.11311039328575134,
    0.40162011981010437,
    0.8887845277786255,
    0.6536120176315308,
    0.4633684456348419,
    0.3256581723690033,
    0.32441312074661255,
    0.46917781233787537,
    0.5219399333000183,
    0.27828189730644226,
    0.9256086349487305,
    0.3656978905200958,
    0.8972561359405518,
    0.4310877025127411,
    0.1392907351255417,
    0.196779265999794,
    0.09027609974145889,
    0.34018474817276,
    0.18569761514663696,
    0.09334252029657364,
    0.12967796623706818,
    0.09476085752248764,
    0.3416109085083008,
    0.1758885383605957,
    0.10218507051467896,
    0.023011190816760063,
    0.36830517649650574,
    0.2992810606956482,
    0.5673501491546631,
    0.1528901904821396,
    0.11463113874197006,
    0.16639791429042816,
    0.4175094962120056,
    0.5713857412338257,
    0.036665309220552444,
    0.26632606983184814,
    0.11092691868543625,
    0.1809592843055725,
    0.7333029508590698,
    0.43340861797332764,
    0.2852596640586853,
    0.11737971752882004,
    0.24213433265686035,
    0.1647036075592041,
    0.7436254620552063,
    0.20821060240268707,
    0.3982827663421631,
    0.3652868866920471,
    0.27781566977500916,
    0.2634510397911072,
    0.09198786318302155,
    0.38052597641944885,
    0.3923887014389038,
    0.46886223554611206,
    0.8359143137931824,
    0.17997637391090393,
    0.6703712940216064,
    0.9650585055351257,
    0.18388937413692474,
    0.6465632319450378,
    0.1725936084985733,
    0.3850114643573761,
    0.10444096475839615,
    0.9251354932785034,
    0.8280508518218994,
    0.5483310222625732,
    0.133921816945076,
    0.17837288975715637,
    0.4600910544395447,
    0.22885191440582275,
