{
  "model": "GNN_ERM",
  "protocol": "calibration",
  "seed": 0,
  "timestamp": "2026-04-17T20:57:27.177101Z",
  "hyperparameters": {
    "architecture": "SAGEConv-1layer+LinearHead",
    "hidden_dim": 64,
    "dropout": 0.5,
    "optimizer": "Adam",
    "lr_grid": [
      0.01
    ],
    "best_lr": 0.01,
    "weight_decay": 0.0005,
    "epochs": 100,
    "batch_size": 256,
    "num_neighbors": [
      20
    ],
    "pos_weight": 1.7129,
    "weighting": "sqrt_inv_freq"
  },
  "test_metrics": {
    "acc": 0.7272727272727273,
    "macro_f1": 0.6709273509847398,
    "bal_acc": 0.670401891252955,
    "nll": 0.5307396557994206,
    "ece": 0.44809827145457637,
    "brier": 0.17463586358573263
  },
  "test_probs": [
    0.5584794878959656,
    0.6279770731925964,
    0.25141602754592896,
    0.6896198391914368,
    0.14222152531147003,
    0.24905645847320557,
    0.14487268030643463,
    0.4317048490047455,
    0.08197534084320068,
    0.054221078753471375,
    0.21309173107147217,
    0.598147451877594,
    0.416611909866333,
    0.061847519129514694,
    0.37241339683532715,
    0.13963599503040314,
    0.007755668833851814,
    0.14179959893226624,
    0.04320928081870079,
    0.6674798727035522,
    0.046830594539642334,
    0.23881979286670685,
    0.05201825872063637,
    0.6389638781547546,
    0.49238646030426025,
    0.3876357972621918,
    0.12185121327638626,
    0.5378963947296143,
    0.4155614376068115,
    0.003333687549456954,
    0.32455235719680786,
    0.708207905292511,
    0.30450573563575745,
    0.4016953706741333,
    0.5610963702201843,
    0.07265694439411163,
    0.28007766604423523,
    0.5590329170227051,
    0.801770806312561,
    0.6224808692932129,
    0.13677628338336945,
    0.17191460728645325,
    0.12420564889907837,
    0.8040616512298584,
    0.15742549300193787,
    0.043053124099969864,
    0.09489532560110092,
    0.6624518632888794,
    0.040352217853069305,
    0.0656697005033493,
    0.486393541097641,
    0.41750627756118774,
    0.6706951856613159,
    0.01426085177809,
    0.02573215216398239,
    0.09561195224523544,
    0.18168148398399353,
    0.13718871772289276,
    0.49315693974494934,
    0.1141991838812828,
    0.09642022103071213,
    0.3833259046077728,
    0.28172171115875244,
    0.28509438037872314,
    0.21727757155895233,
    0.34904563426971436,
    0.3971061408519745,
    0.27830639481544495,
    0.21482951939105988,
    0.1914251297712326,
    0.39678674936294556,
    0.7773123979568481,
    0.43123140931129456,
    0.5645555257797241,
    0.6237496137619019,
    0.5136651992797852,
    0.2586953043937683,
    0.565369725227356,
    0.19624945521354675,
    0.03615381196141243,
    0.6411420702934265,
    0.4180905520915985,
    0.22932182252407074,
    0.9022055268287659,
    0.6098677515983582,
    0.2896353006362915,
    0.3264922797679901,
    0.1199478954076767,
    0.0029362537898123264,
    0.2096845656633377,
    0.18864938616752625,
    0.44535088539123535,
    0.24350281059741974,
    0.019598353654146194,
    0.25226497650146484,
    0.6109375953674316,
    0.5886237621307373,
    0.2676243782043457,
    0.4343492388725281,
    0.45387011766433716,
    0.05413080379366875,
    0.3413931429386139,
    0.2881679832935333,
    0.27264297008514404,
    0.003651957493275404,
    0.08537055552005768,
    0.05579616501927376,
    0.10330023616552353,
    0.49061331152915955,
    0.0760866105556488,
    0.5675977468490601,
    0.1974341720342636,
    0.17967553436756134,
    0.8140767812728882,
    0.02365480177104473,
    0.1508667767047882,
    0.30377256870269775,
    0.3690021336078644,
    0.0034762099385261536,
    0.07227348536252975,
    0.013256180100142956,
    0.11879409849643707,
    0.17794238030910492,
    0.1684177666902542,
    0.5338364243507385,
    0.45127028226852417,
    0.1069001704454422,
    0.0026294721756130457,
    0.5486031770706177,
    0.5238651633262634,
    0.4538038969039917,
    0.013892806135118008,
    0.43100371956825256,
    0.026801077648997307,
    0.47117289900779724,
    0.10528328269720078,
    0.9025793075561523,
    0.0765468031167984,
    0.3534287214279175,
    0.406042218208313,
    0.11200613528490067,
    0.5018898844718933,
    0.13045832514762878,
    0.04559527337551117,
    0.13941217958927155,
    0.6027194261550903,
    0.41844800114631653,
    0.3970035910606384,
    0.14524514973163605,
    0.0034826169721782207,
    0.5068126320838928,
    0.44745635986328125,
    0.15116558969020844,
    0.33557844161987305,
    0.8919833898544312,
    0.331402987241745,
    0.542719841003418,
    0.5229874849319458,
    0.6107622981071472,
    0.5179409384727478,
    0.6090922951698303,
    0.3199613392353058,
    0.43974125385284424,
    0.3390680253505707,
    0.5050381422042847,
    0.2146548628807068,
    0.5250639915466309,
    0.4365606904029846,
    0.46131646633148193,
    0.5743426084518433,
    0.1075974628329277,
    0.14412550628185272,
    0.1374293565750122,
    0.532215416431427,
    0.2665022313594818,
    0.5774562954902649,
    0.03917890414595604,
    0.9295384883880615,
    0.04032710939645767,
    0.29923954606056213,
    0.6184638738632202,
    0.6219290494918823,
    0.4151477515697479,
    0.2912236452102661,
    0.734311044216156,
    0.6143897175788879,
    0.6247752904891968,
    0.4042395353317261,
    0.711967408657074,
    0.5670655369758606,
    0.6678152084350586,
    0.6369262933731079,
    0.8106406331062317,
    0.07282129675149918,
    0.12524837255477905,
    0.6331235766410828,
    0.12885522842407227,
    0.41390013694763184,
    0.7135651707649231,
    0.6644735932350159,
    0.35731348395347595,
    0.39797961711883545,
    0.03264398127794266,
    0.3671461045742035,
    0.7815146446228027,
    0.39675721526145935,
    0.22415053844451904,
    0.2078072428703308,
    0.1658942550420761,
    0.5465089082717896,
    0.0891450047492981,
    0.7425274848937988,
    0.08484107255935669,
    0.0025341759901493788,
    0.4775511622428894,
    0.3464778661727905,
    0.781300961971283,
    0.3736824095249176,
    0.05209926888346672,
    0.3684921860694885,
    0.8164662718772888,
    0.31592246890068054,
    0.4332633912563324,
    0.24721306562423706,
    0.11717425286769867,
    0.497182697057724,
    0.40194621682167053,
    0.22141242027282715,
    0.9037511348724365,
    0.34263503551483154,
    0.8128480911254883,
    0.5851112008094788,
    0.16588498651981354,
    0.28222519159317017,
    0.07334247976541519,
    0.4276476502418518,
    0.2430068552494049,
    0.05054665729403496,
    0.0568077452480793,
    0.031956080347299576,
    0.3656376600265503,
    0.03938063979148865,
    0.17276687920093536,
    0.009383618831634521,
    0.3029932975769043,
    0.4425489902496338,
    0.39219895005226135,
    0.04094194620847702,
    0.30478328466415405,
    0.14923140406608582,
    0.5034221410751343,
    0.50162273645401,
    0.008077239617705345,
    0.17269626259803772,
    0.12369567900896072,
    0.15753532946109772,
    0.4933055341243744,
    0.32451167702674866,
    0.33825770020484924,
    0.06206103041768074,
    0.11882670223712921,
    0.19054879248142242,
    0.6638480424880981,
    0.1729336827993393,
    0.4631046950817108,
    0.5354313850402832,
    0.21972565352916718,
    0.3069096505641937,
    0.09761263430118561,
    0.29321053624153137,
    0.295307993888855,
    0.4558781683444977,
    0.8482969999313354,
    0.20167288184165955,
    0.5636026859283447,
    0.9733750224113464,
    0.08152692764997482,
    0.6700118780136108,
    0.09460011124610901,
    0.2986716628074646,
    0.1400543749332428,
    0.9207835793495178,
    0.8139684796333313,
    0.6084961891174316,
    0.22249014675617218,
    0.2223915457725525,
    0.09394428879022598,
    0.16922621428966522,
    0.4315530061721802,
    0.30333349108695984,
    0.4295170307159424,
    0.6667409539222717,
    0.29859668016433716,
    0.0668167844414711,
    0.3695124685764313,
    0.707612931728363,
    0.35679057240486145,
