{
  "mean_acc": [
    0.7309628712113759,
    0.7286685141042146,
    0.7380583709356597,
    0.7311528247923728,
    0.7360331392027989
  ],
  "worst_acc": [
    0.3333333333333333,
    0.375,
    0.3125,
    0.4583333333333333,
    0.375
  ],
  "mean_f1": [
    0.6617416071741036,
    0.6625617018245293,
    0.6685893864824866,
    0.66399233657876,
    0.669179238305983
  ],
  "worst_f1": [
    0.3142857142857143,
    0.3466424682395644,
    0.30980392156862746,
    0.4337568058076225,
    0.375
  ],
  "mean_bal_acc": [
    0.6880105577807608,
    0.6902076144981606,
    0.6965348784511767,
    0.6971793961798188,
    0.6996999288074954
  ],
  "worst_bal_acc": [
    0.47619047619047616,
    0.4852941176470588,
    0.4583333333333333,
    0.4852941176470588,
    0.4852941176470588
  ]
}