{
  "model": "VREx",
  "protocol": "one_city_out_v2",
  "seed": 1,
  "timestamp": "2026-04-15T08:08:19.009193Z",
  "hyperparameters": {
    "architecture": "MLP-128-Drop-64-2",
    "optimizer": "Adam",
    "lr": 0.001,
    "weight_decay": 0.0001,
    "epochs": 100,
    "n_envs": 3,
    "pos_weight": 2.9341,
    "lambda_grid": [
      0.01,
      1.0,
      10.0,
      100.0
    ],
    "best_lambda": 0.01,
    "standardised": true
  },
  "test_metrics": {
    "acc": 0.7021943573667712,
    "macro_f1": 0.6776646776646778,
    "bal_acc": 0.7083687943262411,
    "nll": 0.6620075020883059,
    "ece": 0.5012538901013454,
    "brier": 0.21954554438039028
  },
  "test_probs": [
    0.7852289080619812,
    0.869250476360321,
    0.06630627065896988,
    0.7995631694793701,
    0.17345094680786133,
    0.11991935223340988,
    0.1355617791414261,
    0.7311070561408997,
    0.04612964019179344,
    0.053362369537353516,
    0.24330973625183105,
    0.8540279269218445,
    0.47812438011169434,
    0.08638545870780945,
    0.4145360291004181,
    0.1364605873823166,
    0.002449372783303261,
    0.08043482899665833,
    0.08684127032756805,
    0.881475031375885,
    0.07962420582771301,
    0.504241943359375,
    0.06398922950029373,
    0.6579940915107727,
    0.6484547257423401,
    0.4225490987300873,
    0.09030914306640625,
    0.7055017948150635,
    0.6308535933494568,
    0.00117208540905267,
    0.33321693539619446,
    0.7835574150085449,
    0.34994107484817505,
    0.7742375731468201,
    0.8278964161872864,
    0.04735688492655754,
    0.49420303106307983,
    0.8431417942047119,
    0.951694667339325,
    0.8320930004119873,
    0.10508666187524796,
    0.18525710701942444,
    0.09103627502918243,
    0.7914258241653442,
    0.1185188964009285,
    0.031243907287716866,
    0.12119118869304657,
    0.6782499551773071,
    0.03663788363337517,
    0.04832642525434494,
    0.7354989647865295,
    0.4886434078216553,
    0.9497962594032288,
    0.027208227664232254,
    0.047478072345256805,
    0.12392494827508926,
    0.1558351367712021,
    0.09901253879070282,
    0.7350982427597046,
    0.1287091076374054,
    0.10968028008937836,
    0.5080114603042603,
    0.19653600454330444,
    0.15853390097618103,
    0.4493858516216278,
    0.4136301577091217,
    0.6085175275802612,
    0.22976592183113098,
    0.1475251317024231,
    0.20009469985961914,
    0.6098284721374512,
    0.9596954584121704,
    0.43716955184936523,
    0.7359453439712524,
    0.8265735507011414,
    0.6038500070571899,
    0.2723367214202881,
    0.8835734128952026,
    0.2586328685283661,
    0.0315326526761055,
    0.8869683742523193,
    0.20737393200397491,
    0.3374338150024414,
    0.9420433640480042,
    0.8290275931358337,
    0.30926331877708435,
    0.5510419011116028,
    0.13582241535186768,
    0.00617636926472187,
    0.23427459597587585,
    0.16662579774856567,
    0.5147973895072937,
    0.19737786054611206,
    0.010299173183739185,
    0.17185506224632263,
    0.8768654465675354,
    0.8730286955833435,
    0.5457292795181274,
    0.4494865834712982,
    0.6519674062728882,
    0.06679952889680862,
    0.3577870726585388,
    0.3262481987476349,
    0.061383411288261414,
    0.0021323873661458492,
    0.08280295133590698,
    0.10712237656116486,
    0.023244237527251244,
    0.7343318462371826,
    0.1631213277578354,
    0.5478065609931946,
    0.24044100940227509,
    0.1272698938846588,
    0.9677234292030334,
    0.0076343705877661705,
    0.09974097460508347,
    0.1991392821073532,
    0.6355989575386047,
    0.0036596902646124363,
    0.058361951261758804,
    0.014792036265134811,
    0.03062874637544155,
    0.27424156665802,
    0.09324747323989868,
    0.7807494401931763,
    0.49794623255729675,
    0.19344305992126465,
    0.0026366664096713066,
    0.6791744828224182,
    0.7893588542938232,
    0.6895833611488342,
    0.01368172187358141,
    0.6703689098358154,
    0.025627557188272476,
    0.8068286776542664,
    0.6556437611579895,
    0.9803712368011475,
    0.019725440070033073,
    0.7034928202629089,
    0.4961780309677124,
    0.14886994659900665,
    0.638399064540863,
    0.17872855067253113,
    0.42153114080429077,
    0.06174946948885918,
    0.8208013772964478,
    0.4099656939506531,
    0.43207186460494995,
    0.03306647390127182,
    9.898089774651453e-05,
    0.7894983887672424,
    0.49187055230140686,
    0.08944811671972275,
    0.5496572256088257,
    0.9728162288665771,
    0.009966288693249226,
    0.7612155675888062,
    0.6239262819290161,
    0.791042149066925,
    0.8828817009925842,
    0.7499299645423889,
    0.3450460731983185,
    0.4296196699142456,
    0.49922215938568115,
    0.8178896903991699,
    0.34955957531929016,
    0.7363433837890625,
    0.47369569540023804,
    0.7351688146591187,
    0.9211772680282593,
    0.1066703051328659,
    0.18257099390029907,
    0.19669635593891144,
    0.638655424118042,
    0.29989713430404663,
    0.744015634059906,
    0.016877764835953712,
    0.9813119769096375,
    0.06973392516374588,
    0.7649720907211304,
    0.817916750907898,
    0.9001468420028687,
    0.3613867461681366,
    0.3165135383605957,
    0.8925198912620544,
    0.7692127823829651,
    0.8003295063972473,
    0.3361186385154724,
    0.9304414391517639,
    0.8554752469062805,
    0.9396149516105652,
    0.8511985540390015,
    0.9341686964035034,
    0.19880051910877228,
    0.039323512464761734,
    0.8265136480331421,
    0.08895505964756012,
    0.481142520904541,
    0.9218654632568359,
    0.9201269745826721,
    0.31780126690864563,
    0.5560099482536316,
    0.014990058727562428,
    0.3682941198348999,
    0.8925317525863647,
    0.5039204955101013,
    0.2243170291185379,
    0.33711349964141846,
    0.18886928260326385,
    0.8108230233192444,
    0.10564703494310379,
    0.8788407444953918,
    0.025172334164381027,
    0.006366785150021315,
    0.4457801878452301,
    0.6026972532272339,
    0.9504386782646179,
    0.6317700743675232,
    0.0640014111995697,
    0.2791091203689575,
    0.9444592595100403,
    0.7786313891410828,
    0.3530162572860718,
    0.16290383040905,
    0.7491254806518555,
    0.7490483522415161,
    0.6422618627548218,
    0.2757047414779663,
    0.9902237057685852,
    0.41819918155670166,
    0.9515315294265747,
    0.8170469403266907,
    0.027426691725850105,
    0.1556580364704132,
    0.0968843474984169,
    0.45536720752716064,
    0.19384600222110748,
    0.08048299700021744,
    0.129754900932312,
    0.035567354410886765,
    0.270644873380661,
    0.02478114515542984,
    0.1816965490579605,
    0.011703429743647575,
    0.6297425031661987,
    0.636997640132904,
    0.5077032446861267,
    0.04208897054195404,
    0.16046400368213654,
    0.16756504774093628,
    0.5424141883850098,
    0.8842182159423828,
    0.02756740152835846,
    0.3208993971347809,
    0.1662425547838211,
    0.27423223853111267,
    0.7624257802963257,
    0.7984862327575684,
    0.5671243071556091,
    0.08295033127069473,
    0.1570390909910202,
    0.1437533050775528,
    0.8317036032676697,
    0.2664386034011841,
    0.4453803300857544,
    0.6856759190559387,
    0.2890390455722809,
    0.4170417785644531,
    0.06758229434490204,
    0.41642871499061584,
    0.27440837025642395,
    0.6358012557029724,
    0.9588420391082764,
    0.11948981136083603,
    0.9425684213638306,
    0.9957958459854126,
    0.1321488320827484,
    0.8494065403938293,
    0.01502852700650692,
    0.6323199272155762,
    0.09789767116308212,
    0.9703387022018433,
    0.9670416712760925,
    0.8462144732475281,
    0.3698771595954895,
    0.21608507633209229,
    0.24284003674983978,
    0.05185479670763016,
    0.6086511611938477,
    0.23795180022716522,
    0.600669264793396,
    0.9137979745864868,
    0.47793492674827576,
    0.051024068146944046,
    0.6547098755836487,
    0.8588129281997681,
    0.4043489098548889,
    0.8210321664810181,
    0.2077067643404007,
