{
  "model": "VREx",
  "protocol": "one_city_out_v2",
  "seed": 4,
  "timestamp": "2026-04-15T08:09:12.430273Z",
  "hyperparameters": {
    "architecture": "MLP-128-Drop-64-2",
    "optimizer": "Adam",
    "lr": 0.001,
    "weight_decay": 0.0001,
    "epochs": 100,
    "n_envs": 3,
    "pos_weight": 2.9341,
    "lambda_grid": [
      0.01,
      1.0,
      10.0,
      100.0
    ],
    "best_lambda": 10.0,
    "standardised": true
  },
  "test_metrics": {
    "acc": 0.6739811912225705,
    "macro_f1": 0.6538108356290174,
    "bal_acc": 0.6914657210401891,
    "nll": 0.6701276720008098,
    "ece": 0.49693910004483494,
    "brier": 0.22561375744673157
  },
  "test_probs": [
    0.8253921270370483,
    0.8680616021156311,
    0.06737494468688965,
    0.8843505382537842,
    0.22004351019859314,
    0.03127403184771538,
    0.17789463698863983,
    0.7436720132827759,
    0.055348411202430725,
    0.03202763572335243,
    0.4289844334125519,
    0.7142427563667297,
    0.3167901337146759,
    0.21506978571414948,
    0.7491307258605957,
    0.27871713042259216,
    0.0027096117846667767,
    0.14495588839054108,
    0.04075102135539055,
    0.7530260682106018,
    0.05751674249768257,
    0.6236493587493896,
    0.10710390657186508,
    0.45897984504699707,
    0.7850720882415771,
    0.48471641540527344,
    0.1750682294368744,
    0.7429011464118958,
    0.6643292307853699,
    0.002249699318781495,
    0.3500141501426697,
    0.8763296604156494,
    0.38343730568885803,
    0.7849435806274414,
    0.8405430912971497,
    0.05096091702580452,
    0.7092230916023254,
    0.8169072866439819,
    0.9082751870155334,
    0.8296200037002563,
    0.09987029433250427,
    0.3604879081249237,
    0.1490880399942398,
    0.7669486403465271,
    0.13434885442256927,
    0.044546402990818024,
    0.03766903653740883,
    0.806533694267273,
    0.05244503170251846,
    0.04111342877149582,
    0.7872995138168335,
    0.582945704460144,
    0.9276714324951172,
    0.027196062728762627,
    0.07260522991418839,
    0.24854804575443268,
    0.3065679669380188,
    0.24447524547576904,
    0.831075131893158,
    0.12997470796108246,
    0.08907537162303925,
    0.48650315403938293,
    0.23891691863536835,
    0.3184589743614197,
    0.41485440731048584,
    0.2902788817882538,
    0.7166337370872498,
    0.3516281843185425,
    0.37320104241371155,
    0.2826140522956848,
    0.691504716873169,
    0.9575825333595276,
    0.7424235343933105,
    0.8163372278213501,
    0.8590036034584045,
    0.5937744975090027,
    0.35042884945869446,
    0.8398198485374451,
    0.38062578439712524,
    0.03496754541993141,
    0.8799784779548645,
    0.45608919858932495,
    0.48312264680862427,
    0.9345804452896118,
    0.8045204281806946,
    0.4551970958709717,
    0.5428799986839294,
    0.13456818461418152,
    0.008541963994503021,
    0.2766741216182709,
    0.2114749401807785,
    0.5643742084503174,
    0.1548507958650589,
    0.031636737287044525,
    0.17269878089427948,
    0.9127620458602905,
    0.8466240167617798,
    0.3967383801937103,
    0.4520731568336487,
    0.8883138298988342,
    0.07556185126304626,
    0.598652184009552,
    0.19589096307754517,
    0.1442411094903946,
    0.0038365547079592943,
    0.11595205962657928,
    0.07495346665382385,
    0.08919345587491989,
    0.6470746397972107,
    0.11936210095882416,
    0.6817147135734558,
    0.21257032454013824,
    0.14818419516086578,
    0.9652592539787292,
    0.014611384831368923,
    0.13293440639972687,
    0.25776588916778564,
    0.8451080322265625,
    0.0017953355563804507,
    0.1538069248199463,
    0.014203076250851154,
    0.04464888945221901,
    0.33182063698768616,
    0.019069496542215347,
    0.8453888893127441,
    0.6462498903274536,
    0.17878833413124084,
    0.0012181015918031335,
    0.7017573118209839,
    0.7916857600212097,
    0.7567628622055054,
    0.009281371720135212,
    0.7027283310890198,
    0.026983173564076424,
    0.6805469393730164,
    0.029110081493854523,
    0.9627884030342102,
    0.017374735325574875,
    0.5378562211990356,
    0.6360280513763428,
    0.18173299729824066,
    0.6423854827880859,
    0.27551448345184326,
    0.09025099873542786,
    0.05887241289019585,
    0.8784675598144531,
    0.5522561073303223,
    0.5579647421836853,
    0.003774487879127264,
    0.00149661919567734,
    0.857954740524292,
    0.6106660962104797,
    0.18726414442062378,
    0.5503386855125427,
    0.9673279523849487,
    0.334492564201355,
    0.6817092299461365,
    0.49651846289634705,
    0.6947866678237915,
    0.8332489728927612,
    0.8560348153114319,
    0.27491071820259094,
    0.7745726704597473,
    0.4885571300983429,
    0.821189284324646,
    0.359641432762146,
    0.6524091958999634,
    0.30412769317626953,
    0.6399267315864563,
    0.8584243059158325,
    0.11127916723489761,
    0.3109881281852722,
    0.3284284472465515,
    0.7153792381286621,
    0.6347593069076538,
    0.8269709348678589,
    0.031753767281770706,
    0.9616097211837769,
    0.08536631613969803,
    0.7524229884147644,
    0.7414923906326294,
    0.851344645023346,
    0.353729248046875,
    0.32198405265808105,
    0.9518566727638245,
    0.8636034727096558,
    0.8359925746917725,
    0.6712138652801514,
    0.9173677563667297,
    0.8288500308990479,
    0.9317269325256348,
    0.8675462007522583,
    0.9406763315200806,
    0.2154219150543213,
    0.05742610618472099,
    0.7775924205780029,
    0.093446284532547,
    0.4579933285713196,
    0.9395627379417419,
    0.8991183638572693,
    0.4630504250526428,
    0.6270158886909485,
    0.007713502272963524,
    0.31855130195617676,
    0.9302682280540466,
    0.4365791976451874,
    0.2913353145122528,
    0.36292824149131775,
    0.2434004843235016,
    0.7966769337654114,
    0.12977012991905212,
    0.8820383548736572,
    0.07724105566740036,
    0.00615299167111516,
    0.49088215827941895,
    0.458464115858078,
    0.9549391865730286,
    0.6428236365318298,
    0.11702392250299454,
    0.4347994327545166,
    0.9222011566162109,
    0.771899402141571,
    0.5172170996665955,
    0.16767403483390808,
    0.8343690633773804,
    0.8373339772224426,
    0.593799352645874,
    0.2678411900997162,
    0.9872273206710815,
    0.5521165132522583,
    0.946708083152771,
    0.7879400849342346,
    0.03961047902703285,
    0.12628844380378723,
    0.08854891359806061,
    0.6052161455154419,
    0.29910194873809814,
    0.0259722750633955,
    0.12008678913116455,
    0.04991602525115013,
    0.34980422258377075,
    0.04463908076286316,
    0.14692731201648712,
    0.0090731056407094,
    0.8032627701759338,
    0.8326616287231445,
    0.5832926630973816,
    0.04574289917945862,
    0.06000375747680664,
    0.08353541791439056,
    0.6323981285095215,
    0.7956127524375916,
    0.012798535637557507,
    0.4339641332626343,
    0.2169324904680252,
    0.1418900042772293,
    0.7829631567001343,
    0.728181779384613,
    0.442462295293808,
    0.06968723982572556,
    0.2802947163581848,
    0.10059460252523422,
    0.7910492420196533,
    0.3237825036048889,
    0.5772560834884644,
    0.7127770781517029,
    0.28439202904701233,
    0.4941152334213257,
    0.07920075207948685,
    0.5275732278823853,
    0.7353087663650513,
    0.710662305355072,
    0.9462911486625671,
    0.16796642541885376,
    0.8249657154083252,
    0.9911034107208252,
    0.04696785286068916,
    0.8807514309883118,
    0.026625826954841614,
    0.7181881070137024,
    0.06466101855039597,
    0.9763246774673462,
    0.9507965445518494,
    0.8675183057785034,
    0.3603343963623047,
    0.37996920943260193,
    0.7882550358772278,
    0.03487676382064819,
    0.46538519859313965,
    0.20963196456432343,
    0.5953918695449829,
    0.8783822059631348,
    0.5169073939323425,
    0.1321992725133896,
    0.4808650314807892,
    0.734833300113678,
    0.4794647693634033,
    0.7934992909431458,
    0.29217028617858887,
