{
  "model": "VREx",
  "protocol": "one_city_out_v2",
  "seed": 0,
  "timestamp": "2026-04-15T08:08:01.103424Z",
  "hyperparameters": {
    "architecture": "MLP-128-Drop-64-2",
    "optimizer": "Adam",
    "lr": 0.001,
    "weight_decay": 0.0001,
    "epochs": 100,
    "n_envs": 3,
    "pos_weight": 2.9341,
    "lambda_grid": [
      0.01,
      1.0,
      10.0,
      100.0
    ],
    "best_lambda": 0.01,
    "standardised": true
  },
  "test_metrics": {
    "acc": 0.6959247648902821,
    "macro_f1": 0.6765889398706062,
    "bal_acc": 0.7163120567375887,
    "nll": 0.6335125835815362,
    "ece": 0.4781093420256454,
    "brier": 0.21397537552676765
  },
  "test_probs": [
    0.776850163936615,
    0.8797059059143066,
    0.17180077731609344,
    0.808327853679657,
    0.21835824847221375,
    0.1043969914317131,
    0.18227672576904297,
    0.7534865736961365,
    0.10885555297136307,
    0.063358835875988,
    0.3161693215370178,
    0.7981500625610352,
    0.5132188200950623,
    0.12230245023965836,
    0.43150535225868225,
    0.2332513928413391,
    0.0032913379836827517,
    0.10773496329784393,
    0.07504133135080338,
    0.9096964001655579,
    0.10734936594963074,
    0.30863431096076965,
    0.09459870308637619,
    0.6227196455001831,
    0.6473557949066162,
    0.44952353835105896,
    0.14805273711681366,
    0.7128133773803711,
    0.6917905211448669,
    0.0018877069232985377,
    0.467997670173645,
    0.8435883522033691,
    0.4437026083469391,
    0.6852291226387024,
    0.8530722856521606,
    0.04344429075717926,
    0.4341743588447571,
    0.8013308048248291,
    0.8660678267478943,
    0.8054033517837524,
    0.09336254000663757,
    0.1723950058221817,
    0.13284912705421448,
    0.7988412380218506,
    0.18909898400306702,
    0.03789277374744415,
    0.0803045853972435,
    0.7757056355476379,
    0.04878132417798042,
    0.0505405031144619,
    0.7111669182777405,
    0.6667065024375916,
    0.9128085374832153,
    0.022871434688568115,
    0.07757513225078583,
    0.1219123899936676,
    0.33614104986190796,
    0.12198972702026367,
    0.6924854516983032,
    0.12175620347261429,
    0.16963040828704834,
    0.5850164890289307,
    0.3254005014896393,
    0.5923134684562683,
    0.44120341539382935,
    0.35245561599731445,
    0.4705057740211487,
    0.32512617111206055,
    0.3220760226249695,
    0.3206574618816376,
    0.5593147873878479,
    0.9562761187553406,
    0.6834233403205872,
    0.7910592555999756,
    0.877483069896698,
    0.5739570260047913,
    0.32583534717559814,
    0.6080994009971619,
    0.3087731897830963,
    0.08974111080169678,
    0.8831785321235657,
    0.33808189630508423,
    0.36885368824005127,
    0.9322063326835632,
    0.7915271520614624,
    0.47691893577575684,
    0.4466700851917267,
    0.16113395988941193,
    0.006118305958807468,
    0.4084060490131378,
    0.2085346281528473,
    0.38089147210121155,
    0.22452574968338013,
    0.03635142371058464,
    0.3074563443660736,
    0.8432971239089966,
    0.7840229272842407,
    0.3136584758758545,
    0.5226902961730957,
    0.7930768728256226,
    0.09425026923418045,
    0.515325129032135,
    0.29085707664489746,
    0.08567225933074951,
    0.006343278102576733,
    0.10080352425575256,
    0.0640542283654213,
    0.06924331188201904,
    0.6787230372428894,
    0.15325067937374115,
    0.6797784566879272,
    0.30360865592956543,
    0.2683345675468445,
    0.9609537124633789,
    0.013606805354356766,
    0.08267109096050262,
    0.3609415292739868,
    0.6609543561935425,
    0.005868074484169483,
    0.09151488542556763,
    0.019231796264648438,
    0.09537088125944138,
    0.3283897042274475,
    0.1012912169098854,
    0.7995347380638123,
    0.6994112133979797,
    0.1143038272857666,
    0.003610194195061922,
    0.6868133544921875,
    0.7651660442352295,
    0.790246844291687,
    0.010827366262674332,
    0.716558575630188,
    0.03998605161905289,
    0.8302609324455261,
    0.06537050753831863,
    0.9686983227729797,
    0.053366728127002716,
    0.5250760912895203,
    0.529895544052124,
    0.19687145948410034,
    0.7266185879707336,
    0.2657030522823334,
    0.04863864183425903,
    0.2943471670150757,
    0.8672848343849182,
    0.46828004717826843,
    0.503720760345459,
    0.05751842260360718,
    0.00028935750015079975,
    0.8356587886810303,
    0.5765014290809631,
    0.17895163595676422,
    0.5361679792404175,
    0.9747813940048218,
    0.2083236128091812,
    0.6745203137397766,
    0.583868145942688,
    0.7807632684707642,
    0.8212655186653137,
    0.8325834274291992,
    0.37935832142829895,
    0.7421039938926697,
    0.437242329120636,
    0.850828230381012,
    0.3994484841823578,
    0.6849532127380371,
    0.44435256719589233,
    0.6228839159011841,
    0.90240478515625,
    0.1506870985031128,
    0.22841082513332367,
    0.1490047425031662,
    0.6725376844406128,
    0.34439799189567566,
    0.8418388962745667,
    0.058341071009635925,
    0.9702330827713013,
    0.061853114515542984,
    0.7288320660591125,
    0.7750291228294373,
    0.8622443675994873,
    0.40701982378959656,
    0.34834107756614685,
    0.7971382141113281,
    0.8156942129135132,
    0.819677472114563,
    0.44889989495277405,
    0.9487428665161133,
    0.8405139446258545,
    0.9059597849845886,
    0.8773979544639587,
    0.9299689531326294,
    0.4544833302497864,
    0.14814308285713196,
    0.8086585402488708,
    0.14574450254440308,
    0.6511117219924927,
    0.8720312714576721,
    0.9252154231071472,
    0.39340919256210327,
    0.6190377473831177,
    0.022266579791903496,
    0.5065895915031433,
    0.9268145561218262,
    0.5455502867698669,
    0.3733774721622467,
    0.29095226526260376,
    0.3005116283893585,
    0.7698330283164978,
    0.1364225447177887,
    0.8548890948295593,
    0.15812093019485474,
    0.008750954642891884,
    0.3656996190547943,
    0.6055852174758911,
    0.9293619990348816,
    0.7056314945220947,
    0.07780644297599792,
    0.5018848180770874,
    0.9409661889076233,
    0.3786368668079376,
    0.6104410290718079,
    0.4473694860935211,
    0.29383647441864014,
    0.6935240030288696,
    0.6134291291236877,
    0.31076931953430176,
    0.9862062335014343,
    0.43295207619667053,
    0.9499112963676453,
    0.7230896949768066,
    0.10844852775335312,
    0.22232496738433838,
    0.05913228541612625,
    0.5621867775917053,
    0.3512749969959259,
    0.09313949197530746,
    0.11329757422208786,
    0.03310943394899368,
    0.415404349565506,
    0.027543019503355026,
    0.27646392583847046,
    0.021902384236454964,
    0.736260175704956,
    0.4932096004486084,
    0.5273391008377075,
    0.0405416376888752,
    0.07544047385454178,
    0.20279090106487274,
    0.6021997928619385,
    0.6948456764221191,
    0.015138034708797932,
    0.6705048084259033,
    0.21432465314865112,
    0.16660019755363464,
    0.7872162461280823,
    0.7387661337852478,
    0.6864225268363953,
    0.04300353676080704,
    0.5735566020011902,
    0.19686198234558105,
    0.8001552224159241,
    0.2752630412578583,
    0.5130653381347656,
    0.6956290602684021,
    0.3385370373725891,
    0.4221336245536804,
    0.0768805593252182,
    0.4290686547756195,
    0.48574450612068176,
    0.7119333148002625,
    0.9041504859924316,
    0.31104493141174316,
    0.8211225271224976,
    0.9942442774772644,
    0.1100955680012703,
    0.7654709815979004,
    0.031015973538160324,
    0.8967150449752808,
    0.0880601778626442,
    0.9746695160865784,
    0.9400915503501892,
    0.8508796691894531,
    0.3786410093307495,
    0.31662410497665405,
    0.35786792635917664,
    0.06166791543364525,
    0.4223095178604126,
    0.2704675495624542,
    0.6722920536994934,
    0.9102811813354492,
    0.5479499697685242,
    0.1287495493888855,
    0.6713278889656067,
    0.6831448078155518,
    0.43324631452560425,
    0.8037467002868652,
    0.3302793800830841,
    0.758785605430603,
