{
  "model": "VREx",
  "protocol": "one_city_out_v2",
  "seed": 2,
  "timestamp": "2026-04-15T08:08:36.831245Z",
  "hyperparameters": {
    "architecture": "MLP-128-Drop-64-2",
    "optimizer": "Adam",
    "lr": 0.001,
    "weight_decay": 0.0001,
    "epochs": 100,
    "n_envs": 3,
    "pos_weight": 2.9341,
    "lambda_grid": [
      0.01,
      1.0,
      10.0,
      100.0
    ],
    "best_lambda": 10.0,
    "standardised": true
  },
  "test_metrics": {
    "acc": 0.6927899686520376,
    "macro_f1": 0.6693111618854193,
    "bal_acc": 0.7017021276595745,
    "nll": 0.6319002529420029,
    "ece": 0.48784157471456874,
    "brier": 0.20987548135041273
  },
  "test_probs": [
    0.773995041847229,
    0.8105361461639404,
    0.18155473470687866,
    0.8843417167663574,
    0.15218529105186462,
    0.08217622339725494,
    0.16006262600421906,
    0.7764650583267212,
    0.02341269515454769,
    0.05944465845823288,
    0.2875199615955353,
    0.7705134749412537,
    0.726538896560669,
    0.12518955767154694,
    0.5981788635253906,
    0.22853824496269226,
    0.002743539633229375,
    0.19447703659534454,
    0.07685308158397675,
    0.7989960312843323,
    0.057710085064172745,
    0.3824160695075989,
    0.0813845619559288,
    0.5534465312957764,
    0.4617627263069153,
    0.3656212389469147,
    0.14902371168136597,
    0.7712180614471436,
    0.47847115993499756,
    0.0013021494960412383,
    0.4626946747303009,
    0.8010269999504089,
    0.5039756894111633,
    0.7404244542121887,
    0.7907790541648865,
    0.07349207252264023,
    0.42852288484573364,
    0.8148182034492493,
    0.9027302265167236,
    0.8184753060340881,
    0.16306261718273163,
    0.15718837082386017,
    0.11768339574337006,
    0.7651737928390503,
    0.31260812282562256,
    0.04708061367273331,
    0.11011411249637604,
    0.7499591708183289,
    0.02998964861035347,
    0.053159598261117935,
    0.7156557440757751,
    0.5278065800666809,
    0.8448328375816345,
    0.05051860585808754,
    0.06662372499704361,
    0.13068558275699615,
    0.2518218159675598,
    0.12965919077396393,
    0.784016489982605,
    0.16080859303474426,
    0.1131766214966774,
    0.4789121448993683,
    0.17164118587970734,
    0.6327256560325623,
    0.5478739142417908,
    0.6494330167770386,
    0.41563141345977783,
    0.2530675232410431,
    0.26087120175361633,
    0.2598940134048462,
    0.3617885708808899,
    0.9476444125175476,
    0.41001901030540466,
    0.8247829079627991,
    0.8638444542884827,
    0.7091202735900879,
    0.362379789352417,
    0.850683331489563,
    0.25410765409469604,
    0.03216445446014404,
    0.8756355047225952,
    0.38120460510253906,
    0.22629424929618835,
    0.9441730976104736,
    0.7805301547050476,
    0.31610631942749023,
    0.7020112872123718,
    0.21051089465618134,
    0.004676135256886482,
    0.3734153211116791,
    0.23838281631469727,
    0.6832775473594666,
    0.2152053564786911,
    0.0299370177090168,
    0.28559696674346924,
    0.8942703008651733,
    0.7812429070472717,
    0.5104444622993469,
    0.4790993928909302,
    0.806207537651062,
    0.06413824111223221,
    0.35734641551971436,
    0.43221256136894226,
    0.07343034446239471,
    0.0008061339613050222,
    0.032293371856212616,
    0.10251551866531372,
    0.2606870234012604,
    0.6487531661987305,
    0.14668318629264832,
    0.602279007434845,
    0.3332841992378235,
    0.35561317205429077,
    0.9552993774414062,
    0.02514537051320076,
    0.14136847853660583,
    0.3262837529182434,
    0.6241089701652527,
    0.001696393359452486,
    0.10877334326505661,
    0.012681901454925537,
    0.10658823698759079,
    0.2496616244316101,
    0.16299287974834442,
    0.8754453063011169,
    0.5524380803108215,
    0.2726297080516815,
    0.002547889482229948,
    0.7570003867149353,
    0.7619109153747559,
    0.5783243775367737,
    0.019861364737153053,
    0.575844407081604,
    0.0267820805311203,
    0.8175930976867676,
    0.016480159014463425,
    0.9766252040863037,
    0.013876203447580338,
    0.3848063349723816,
    0.5218576192855835,
    0.12372130900621414,
    0.7284062504768372,
    0.16416651010513306,
    0.009309418499469757,
    0.13037975132465363,
    0.8475690484046936,
    0.4986341893672943,
    0.33923614025115967,
    0.09922846406698227,
    0.0002580833970569074,
    0.8564177751541138,
    0.677031397819519,
    0.13579092919826508,
    0.49152231216430664,
    0.9533092975616455,
    0.28169164061546326,
    0.7196669578552246,
    0.5400182008743286,
    0.7498753666877747,
    0.8058790564537048,
    0.7523087859153748,
    0.2765441834926605,
    0.6315399408340454,
    0.34532082080841064,
    0.7836881875991821,
    0.38131028413772583,
    0.6414917707443237,
    0.5135543942451477,
    0.6206081509590149,
    0.9644144177436829,
    0.07365023344755173,
    0.19665949046611786,
    0.2117636352777481,
    0.7405892014503479,
    0.4965076446533203,
    0.8127378821372986,
    0.032080624252557755,
    0.9737560153007507,
    0.07106304168701172,
    0.6381703615188599,
    0.809262752532959,
    0.8656797409057617,
    0.4143730401992798,
    0.3557053208351135,
    0.9169954061508179,
    0.7277382016181946,
    0.7798146605491638,
    0.2968292534351349,
    0.9139902591705322,
    0.8647384643554688,
    0.9283345341682434,
    0.8239951133728027,
    0.9418007731437683,
    0.2680598199367523,
    0.1735774427652359,
    0.8343199491500854,
    0.1250017136335373,
    0.4132069945335388,
    0.9180569648742676,
    0.9150128364562988,
    0.3901905119419098,
    0.6491441130638123,
    0.018809784203767776,
    0.42065736651420593,
    0.9174084663391113,
    0.5874308943748474,
    0.19299866259098053,
    0.3394602835178375,
    0.21789990365505219,
    0.7903773188591003,
    0.1515420824289322,
    0.9108136296272278,
    0.03755940869450569,
    0.003943454474210739,
    0.6028439402580261,
    0.5219718217849731,
    0.932084858417511,
    0.6121950149536133,
    0.10786428302526474,
    0.2770633399486542,
    0.9263615608215332,
    0.5241227149963379,
    0.4491141140460968,
    0.13653206825256348,
    0.7033137083053589,
    0.7850133776664734,
    0.6533939838409424,
    0.7510578632354736,
    0.9875539541244507,
    0.4846475422382355,
    0.9468645453453064,
    0.7462455630302429,
    0.1337229311466217,
    0.20039533078670502,
    0.05700963735580444,
    0.5511468052864075,
    0.18951654434204102,
    0.11269070208072662,
    0.10518728941679001,
    0.03518763557076454,
    0.45659610629081726,
    0.02455662190914154,
    0.2938247323036194,
    0.013521064072847366,
    0.46488818526268005,
    0.8126136064529419,
    0.3433014750480652,
    0.030285198241472244,
    0.13922657072544098,
    0.1210881695151329,
    0.6562586426734924,
    0.31125056743621826,
    0.004142744466662407,
    0.14202678203582764,
    0.1454426348209381,
    0.15117786824703217,
    0.7788347005844116,
    0.7295523285865784,
    0.5663462281227112,
    0.03775389492511749,
    0.15747159719467163,
    0.22195295989513397,
    0.8508456349372864,
    0.2886578440666199,
    0.5368457436561584,
    0.7389479279518127,
    0.16919183731079102,
    0.43170034885406494,
    0.09892819821834564,
    0.5468556880950928,
    0.2751636505126953,
    0.5968643426895142,
    0.7985575795173645,
    0.12544579803943634,
    0.6396957635879517,
    0.9946435689926147,
    0.0521162673830986,
    0.8544575572013855,
    0.04550253599882126,
    0.27440714836120605,
    0.13216806948184967,
    0.9758648872375488,
    0.9485113620758057,
    0.8715606331825256,
    0.3132428526878357,
    0.39153629541397095,
    0.38315558433532715,
    0.03346330672502518,
    0.1847105175256729,
    0.26504477858543396,
    0.5928452610969543,
    0.9111154675483704,
    0.5989940166473389,
    0.10405736416578293,
    0.3706461489200592,
    0.6300439238548279,
    0.48353439569473267,
    0.8708673715591431,
    0.2905333638191223,
