{
  "model": "VREx",
  "protocol": "one_city_out_v2",
  "seed": 3,
  "timestamp": "2026-04-15T08:08:54.728166Z",
  "hyperparameters": {
    "architecture": "MLP-128-Drop-64-2",
    "optimizer": "Adam",
    "lr": 0.001,
    "weight_decay": 0.0001,
    "epochs": 100,
    "n_envs": 3,
    "pos_weight": 2.9341,
    "lambda_grid": [
      0.01,
      1.0,
      10.0,
      100.0
    ],
    "best_lambda": 10.0,
    "standardised": true
  },
  "test_metrics": {
    "acc": 0.6865203761755486,
    "macro_f1": 0.6649159663865546,
    "bal_acc": 0.700354609929078,
    "nll": 0.6247531524216791,
    "ece": 0.4857266111340268,
    "brier": 0.2090060529387994
  },
  "test_probs": [
    0.7505843639373779,
    0.8776537775993347,
    0.235091894865036,
    0.853554368019104,
    0.16505490243434906,
    0.016390344128012657,
    0.1846352219581604,
    0.7329257726669312,
    0.07997410744428635,
    0.04133868217468262,
    0.4644100069999695,
    0.7585521936416626,
    0.7801327109336853,
    0.15025058388710022,
    0.45693090558052063,
    0.13106252253055573,
    0.0017960550030693412,
    0.11268578469753265,
    0.0606834813952446,
    0.7058321833610535,
    0.07540952414274216,
    0.4698980152606964,
    0.10000638663768768,
    0.6944302916526794,
    0.8127554059028625,
    0.499738872051239,
    0.11530090868473053,
    0.665422260761261,
    0.40186575055122375,
    0.0015088780783116817,
    0.4151730239391327,
    0.776332437992096,
    0.38528135418891907,
    0.6130606532096863,
    0.6940810680389404,
    0.0436396487057209,
    0.6808747053146362,
    0.8410292863845825,
    0.8465030193328857,
    0.8466169238090515,
    0.08500218391418457,
    0.27357110381126404,
    0.09404125064611435,
    0.8098482489585876,
    0.23167270421981812,
    0.025953147560358047,
    0.058407753705978394,
    0.7580182552337646,
    0.06276295334100723,
    0.05845506116747856,
    0.5823478102684021,
    0.5695376992225647,
    0.8615559935569763,
    0.02771245874464512,
    0.08803079277276993,
    0.16693031787872314,
    0.21599791944026947,
    0.11575041711330414,
    0.6735985279083252,
    0.15212224423885345,
    0.11933422088623047,
    0.5326730608940125,
    0.3987971544265747,
    0.612994372844696,
    0.5017014741897583,
    0.3068573772907257,
    0.4424729645252228,
    0.3476945757865906,
    0.17982466518878937,
    0.4662975072860718,
    0.4820394814014435,
    0.9348652958869934,
    0.6075446009635925,
    0.8290776610374451,
    0.8590663075447083,
    0.5779575109481812,
    0.3277052640914917,
    0.5174809694290161,
    0.29177549481391907,
    0.07484349608421326,
    0.6612568497657776,
    0.44328543543815613,
    0.24540863931179047,
    0.9492446780204773,
    0.7298922538757324,
    0.3597342073917389,
    0.6133722066879272,
    0.14544905722141266,
    0.004851285833865404,
    0.32652726769447327,
    0.17661751806735992,
    0.3617832064628601,
    0.2991967797279358,
    0.034386131912469864,
    0.14873096346855164,
    0.9048610925674438,
    0.8462335467338562,
    0.32250532507896423,
    0.5075328946113586,
    0.7048887610435486,
    0.07148842513561249,
    0.4645720422267914,
    0.16512219607830048,
    0.008796492591500282,
    0.00019176983914803714,
    0.1338154673576355,
    0.07691027969121933,
    0.07550381124019623,
    0.7353219985961914,
    0.08046437054872513,
    0.6574603319168091,
    0.24463507533073425,
    0.21208743751049042,
    0.9499088525772095,
    0.005101342219859362,
    0.0902397632598877,
    0.3512974679470062,
    0.6605006456375122,
    0.0036326146218925714,
    0.07508069276809692,
    0.019595764577388763,
    0.0007353299879468977,
    0.24846546351909637,
    0.055278148502111435,
    0.8894434571266174,
    0.5121808052062988,
    0.0986747071146965,
    0.0024921742733567953,
    0.7207472324371338,
    0.7746455669403076,
    0.7445680499076843,
    0.009732173755764961,
    0.5239753127098083,
    0.02824331820011139,
    0.7599838972091675,
    0.1666613668203354,
    0.9702469706535339,
    0.044108279049396515,
    0.4752168655395508,
    0.37157341837882996,
    0.1532120555639267,
    0.6516572833061218,
    0.1752842366695404,
    0.08982466906309128,
    0.07975645363330841,
    0.905515730381012,
    0.523795485496521,
    0.24658240377902985,
    0.07112894207239151,
    0.001472145551815629,
    0.8679206967353821,
    0.3494611978530884,
    0.12205038964748383,
    0.6297093033790588,
    0.9380659461021423,
    0.08259037137031555,
    0.6658421158790588,
    0.6499552130699158,
    0.7425599098205566,
    0.8016982674598694,
    0.8405011892318726,
    0.2939574420452118,
    0.541731595993042,
    0.4048377275466919,
    0.8408495783805847,
    0.45489099621772766,
    0.5283255577087402,
    0.5704154372215271,
    0.6611604690551758,
    0.8505798578262329,
    0.08585916459560394,
    0.2548583149909973,
    0.18024858832359314,
    0.7044580578804016,
    0.49086812138557434,
    0.7423280477523804,
    0.021338053047657013,
    0.975585401058197,
    0.09136436879634857,
    0.42798930406570435,
    0.8151476383209229,
    0.8566557765007019,
    0.4229840636253357,
    0.3798585534095764,
    0.8531064987182617,
    0.8002212643623352,
    0.8052255511283875,
    0.3112569749355316,
    0.8768737316131592,
    0.8364436626434326,
    0.9242818355560303,
    0.8455229997634888,
    0.9576848745346069,
    0.22601255774497986,
    0.14629729092121124,
    0.8084381222724915,
    0.11877749860286713,
    0.5577203035354614,
    0.8338022232055664,
    0.9301568269729614,
    0.3216513991355896,
    0.6010338068008423,
    0.006916389800608158,
    0.2134620100259781,
    0.897760808467865,
    0.23706544935703278,
    0.2847611904144287,
    0.3201771676540375,
    0.2414797842502594,
    0.713782012462616,
    0.08624112606048584,
    0.8798590898513794,
    0.11830075830221176,
    0.00673468504101038,
    0.3563218116760254,
    0.7065054774284363,
    0.9020596146583557,
    0.6316174864768982,
    0.06727316230535507,
    0.39940062165260315,
    0.9101796746253967,
    0.6070440411567688,
    0.5174960494041443,
    0.5357781648635864,
    0.7397459149360657,
    0.6910938024520874,
    0.6165213584899902,
    0.2562764883041382,
    0.9818582534790039,
    0.5149652361869812,
    0.9313763976097107,
    0.7560145854949951,
    0.029086314141750336,
    0.3072672188282013,
    0.09358932077884674,
    0.6115751266479492,
    0.2940753698348999,
    0.0805734246969223,
    0.07109986990690231,
    0.02671879343688488,
    0.3377232551574707,
    0.01070875022560358,
    0.1523810476064682,
    0.007481731940060854,
    0.670509397983551,
    0.584570050239563,
    0.5881079435348511,
    0.02647986449301243,
    0.18934057652950287,
    0.1183304637670517,
    0.626095712184906,
    0.6365163326263428,
    0.0009727547876536846,
    0.2785762548446655,
    0.16109812259674072,
    0.11606640368700027,
    0.8512473106384277,
    0.6520127654075623,
    0.4391002953052521,
    0.04863115772604942,
    0.19611015915870667,
    0.14482887089252472,
    0.8148748874664307,
    0.24604806303977966,
    0.554780900478363,
    0.6645601987838745,
    0.22900472581386566,
    0.39791133999824524,
    0.09252350777387619,
    0.49022620916366577,
    0.5418283939361572,
    0.6935833096504211,
    0.7932618856430054,
    0.16727671027183533,
    0.926430344581604,
    0.9935757517814636,
    0.08851577341556549,
    0.8647710084915161,
    0.02221560850739479,
    0.5561570525169373,
    0.053212251514196396,
    0.972989559173584,
    0.9065788984298706,
    0.841578483581543,
    0.37299999594688416,
    0.18610426783561707,
    0.8733706474304199,
    0.04132907837629318,
    0.48528140783309937,
    0.222174271941185,
    0.5811834335327148,
    0.9165522456169128,
    0.4834645092487335,
    0.12366782128810883,
    0.5441368818283081,
    0.6272947192192078,
    0.3708594739437103,
    0.8262090682983398,
    0.35985735058784485,
